ISO-10303-21;
HEADER;
FILE_DESCRIPTION (( 'STEP AP214' ),
    '1' );
FILE_NAME ('AOM-5024L-HD-F-R.STEP',
    '2023-05-21T09:50:20',
    ( '' ),
    ( '' ),
    'SwSTEP 2.0',
    'SolidWorks 2022',
    '' );
FILE_SCHEMA (( 'AUTOMOTIVE_DESIGN' ));
ENDSEC;

DATA;
#1 = CARTESIAN_POINT ( 'NONE',  ( 0.3750000000000000000, 4.500000000000000888, 0.4495190528383289363 ) ) ;
#2 = UNCERTAINTY_MEASURE_WITH_UNIT (LENGTH_MEASURE( 1.000000000000000082E-05 ), #2549, 'distance_accuracy_value', 'NONE');
#3 = CARTESIAN_POINT ( 'NONE',  ( 1.375000000000000000, -0.05999999999999668793, 1.799999999999999822 ) ) ;
#4 = AXIS2_PLACEMENT_3D ( 'NONE', #1677, #1990, #238 ) ;
#5 = EDGE_CURVE ( 'NONE', #1263, #457, #1927, .T. ) ;
#6 = EDGE_CURVE ( 'NONE', #148, #1640, #459, .T. ) ;
#7 = CARTESIAN_POINT ( 'NONE',  ( -0.7999999999999990452, 0.000000000000000000, -1.385640646055100067 ) ) ;
#8 = ORIENTED_EDGE ( 'NONE', *, *, #1807, .T. ) ;
#9 = CARTESIAN_POINT ( 'NONE',  ( 0.000000000000000000, 0.1000000000000000056, -4.750000000000000000 ) ) ;
#10 = CARTESIAN_POINT ( 'NONE',  ( -1.385640646055100067, 0.000000000000000000, 1.000000000000000000 ) ) ;
#11 = ORIENTED_EDGE ( 'NONE', *, *, #2180, .T. ) ;
#12 = ORIENTED_EDGE ( 'NONE', *, *, #1038, .T. ) ;
#13 = PRESENTATION_STYLE_ASSIGNMENT (( #2590 ) ) ;
#14 = PRESENTATION_LAYER_ASSIGNMENT (  '', '', ( #2597 ) ) ;
#15 = DIRECTION ( 'NONE',  ( 0.000000000000000000, 0.000000000000000000, 1.000000000000000000 ) ) ;
#16 = CARTESIAN_POINT ( 'NONE',  ( -1.375000000000000222, 0.3099999999999989431, 1.800000000000000711 ) ) ;
#17 = ORIENTED_EDGE ( 'NONE', *, *, #1881, .T. ) ;
#18 = DIRECTION ( 'NONE',  ( 0.000000000000000000, 0.000000000000000000, 1.000000000000000000 ) ) ;
#19 =( GEOMETRIC_REPRESENTATION_CONTEXT ( 3 ) GLOBAL_UNCERTAINTY_ASSIGNED_CONTEXT ( ( #3515 ) ) GLOBAL_UNIT_ASSIGNED_CONTEXT ( ( #178, #2749, #2472 ) ) REPRESENTATION_CONTEXT ( 'NONE', 'WORKASPACE' ) );
#20 = AXIS2_PLACEMENT_3D ( 'NONE', #1994, #1139, #1938 ) ;
#21 =( NAMED_UNIT ( * ) SI_UNIT ( $, .STERADIAN. ) SOLID_ANGLE_UNIT ( ) );
#22 = DIRECTION ( 'NONE',  ( 0.000000000000000000, 0.000000000000000000, 1.000000000000000000 ) ) ;
#23 = MECHANICAL_DESIGN_GEOMETRIC_PRESENTATION_REPRESENTATION (  '', ( #1716 ), #2997 ) ;
#24 = DIRECTION ( 'NONE',  ( -1.000000000000000000, 0.000000000000000000, 0.000000000000000000 ) ) ;
#26 = ORIENTED_EDGE ( 'NONE', *, *, #1322, .F. ) ;
#25 = CIRCLE ( 'NONE', #3522, 4.472135954999579610 ) ;
#27 = SURFACE_SIDE_STYLE ('',( #2125 ) ) ;
#28 = EDGE_CURVE ( 'NONE', #3604, #3644, #3012, .T. ) ;
#29 = VECTOR ( 'NONE', #2773, 1000.000000000000000 ) ;
#30 = ORIENTED_EDGE ( 'NONE', *, *, #167, .T. ) ;
#31 = ORIENTED_EDGE ( 'NONE', *, *, #2219, .F. ) ;
#32 = DIRECTION ( 'NONE',  ( 0.000000000000000000, 1.000000000000000000, 0.000000000000000000 ) ) ;
#33 = CARTESIAN_POINT ( 'NONE',  ( 0.3750000000000000000, 4.500000000000000888, -0.8495190528383289585 ) ) ;
#34 = EDGE_CURVE ( 'NONE', #3632, #3731, #1654, .T. ) ;
#35 = DIRECTION ( 'NONE',  ( -0.000000000000000000, -1.000000000000000000, -0.000000000000000000 ) ) ;
#36 = FACE_OUTER_BOUND ( 'NONE', #397, .T. ) ;
#37 = UNCERTAINTY_MEASURE_WITH_UNIT (LENGTH_MEASURE( 1.000000000000000082E-05 ), #1782, 'distance_accuracy_value', 'NONE');
#38 = CARTESIAN_POINT ( 'NONE',  ( 9.699999999999999289, 0.04142135623730950483, 4.849999999999999645 ) ) ;
#39 = DIRECTION ( 'NONE',  ( 0.000000000000000000, 1.000000000000000000, 0.000000000000000000 ) ) ;
#40 = ORIENTED_EDGE ( 'NONE', *, *, #1322, .T. ) ;
#41 = LINE ( 'NONE', #1767, #1655 ) ;
#42 = DIRECTION ( 'NONE',  ( 0.000000000000000000, 1.000000000000000000, 0.000000000000000000 ) ) ;
#43 = FACE_BOUND ( 'NONE', #524, .T. ) ;
#44 = ORIENTED_EDGE ( 'NONE', *, *, #1075, .F. ) ;
#45 = AXIS2_PLACEMENT_3D ( 'NONE', #98, #3044, #118 ) ;
#46 = ORIENTED_EDGE ( 'NONE', *, *, #1789, .F. ) ;
#47 =( NAMED_UNIT ( * ) SI_UNIT ( $, .STERADIAN. ) SOLID_ANGLE_UNIT ( ) );
#48 = CARTESIAN_POINT ( 'NONE',  ( 0.000000000000000000, 4.500000000000000888, 4.349999999999999645 ) ) ;
#49 = CARTESIAN_POINT ( 'NONE',  ( -0.8750000000000000000, 0.000000000000000000, -3.700000000000000178 ) ) ;
#50 = CARTESIAN_POINT ( 'NONE',  ( 0.000000000000000000, 5.000000000000000000, 4.349999999999999645 ) ) ;
#51 = EDGE_CURVE ( 'NONE', #3544, #2062, #1721, .T. ) ;
#52 = EDGE_CURVE ( 'NONE', #557, #2190, #1946, .T. ) ;
#53 = ORIENTED_EDGE ( 'NONE', *, *, #1381, .F. ) ;
#54 =( LENGTH_UNIT ( ) NAMED_UNIT ( * ) SI_UNIT ( .MILLI., .METRE. ) );
#55 = CARTESIAN_POINT ( 'NONE',  ( 0.3750000000000000000, 0.000000000000000000, 0.4495190528383289919 ) ) ;
#56 = STYLED_ITEM ( 'NONE', ( #3280 ), #3701 ) ;
#57 = CARTESIAN_POINT ( 'NONE',  ( 0.000000000000000000, 0.2999999999999999889, 3.972135954999580054 ) ) ;
#58 = CARTESIAN_POINT ( 'NONE',  ( -1.673201901796524862E-16, 5.000000000000000888, -4.349999999999999645 ) ) ;
#59 = SURFACE_STYLE_USAGE ( .BOTH. , #2604 ) ;
#60 = ORIENTED_EDGE ( 'NONE', *, *, #805, .T. ) ;
#61 = CYLINDRICAL_SURFACE ( 'NONE', #2615, 0.5000000000000002220 ) ;
#62 =( GEOMETRIC_REPRESENTATION_CONTEXT ( 3 ) GLOBAL_UNCERTAINTY_ASSIGNED_CONTEXT ( ( #2563 ) ) GLOBAL_UNIT_ASSIGNED_CONTEXT ( ( #1274, #3292, #3643 ) ) REPRESENTATION_CONTEXT ( 'NONE', 'WORKASPACE' ) );
#63 = FACE_OUTER_BOUND ( 'NONE', #3331, .T. ) ;
#64 = ORIENTED_EDGE ( 'NONE', *, *, #974, .F. ) ;
#65 = ORIENTED_EDGE ( 'NONE', *, *, #349, .F. ) ;
#66 = LINE ( 'NONE', #2346, #3615 ) ;
#67 = VECTOR ( 'NONE', #2092, 1000.000000000000000 ) ;
#68 = CARTESIAN_POINT ( 'NONE',  ( -0.3750000000000000000, 0.2500000000000000000, -3.200000000000000178 ) ) ;
#69 = VECTOR ( 'NONE', #674, 1000.000000000000000 ) ;
#70 = VERTEX_POINT ( 'NONE', #2231 ) ;
#71 = CARTESIAN_POINT ( 'NONE',  ( 5.476786982642026860E-16, 4.500000000000000888, -4.472135954999579610 ) ) ;
#72 = DIRECTION ( 'NONE',  ( 0.000000000000000000, 1.000000000000000000, 0.000000000000000000 ) ) ;
#73 = ADVANCED_FACE ( 'NONE', ( #2878 ), #3415, .F. ) ;
#74 = AXIS2_PLACEMENT_3D ( 'NONE', #2977, #3530, #1737 ) ;
#75 = DIRECTION ( 'NONE',  ( -0.000000000000000000, -1.000000000000000000, -0.000000000000000000 ) ) ;
#76 = AXIS2_PLACEMENT_3D ( 'NONE', #7, #2521, #3692 ) ;
#77 =( LENGTH_UNIT ( ) NAMED_UNIT ( * ) SI_UNIT ( .MILLI., .METRE. ) );
#78 = UNCERTAINTY_MEASURE_WITH_UNIT (LENGTH_MEASURE( 1.000000000000000082E-05 ), #3676, 'distance_accuracy_value', 'NONE');
#79 = DIRECTION ( 'NONE',  ( 0.000000000000000000, 0.000000000000000000, -1.000000000000000000 ) ) ;
#80 = CARTESIAN_POINT ( 'NONE',  ( 8.673617379884035472E-16, 0.000000000000000000, -4.750000000000000888 ) ) ;
#81 = COLOUR_RGB ( '',1.000000000000000000, 0.9960784313725490335, 0.9607843137254902244 ) ;
#82 = CARTESIAN_POINT ( 'NONE',  ( 0.9828043081829319627, -0.06000000000000010186, 0.4625000000000000222 ) ) ;
#83 = ORIENTED_EDGE ( 'NONE', *, *, #2753, .F. ) ;
#84 = CARTESIAN_POINT ( 'NONE',  ( 0.000000000000000000, 4.500000000000000888, 0.000000000000000000 ) ) ;
#85 = PRESENTATION_LAYER_ASSIGNMENT (  '', '', ( #1716 ) ) ;
#86 = SURFACE_SIDE_STYLE ('',( #2671 ) ) ;
#87 = ORIENTED_EDGE ( 'NONE', *, *, #1836, .T. ) ;
#88 = VERTEX_POINT ( 'NONE', #3694 ) ;
#89 = CARTESIAN_POINT ( 'NONE',  ( -2.734561762220730504E-16, 0.3099999999999999978, 0.9250000000000000444 ) ) ;
#90 = CARTESIAN_POINT ( 'NONE',  ( -3.972054645195636988E-15, 0.04142135623730948402, 4.472135954999579610 ) ) ;
#91 = CARTESIAN_POINT ( 'NONE',  ( 0.8000000000000010436, 5.000000000000000000, -1.585640646055100245 ) ) ;
#92 = CARTESIAN_POINT ( 'NONE',  ( 1.600000000000000089, 5.000000000000000000, 0.2000000000000002054 ) ) ;
#93 = ORIENTED_EDGE ( 'NONE', *, *, #2057, .T. ) ;
#94 =( NAMED_UNIT ( * ) SI_UNIT ( $, .STERADIAN. ) SOLID_ANGLE_UNIT ( ) );
#95 = DIRECTION ( 'NONE',  ( 1.000000000000000000, 0.000000000000000000, -0.000000000000000000 ) ) ;
#96 = EDGE_CURVE ( 'NONE', #3307, #1653, #1462, .T. ) ;
#97 = FACE_OUTER_BOUND ( 'NONE', #2163, .T. ) ;
#98 = CARTESIAN_POINT ( 'NONE',  ( 0.7500000000000000000, 0.000000000000000000, 9.184850993605150903E-17 ) ) ;
#99 = FILL_AREA_STYLE_COLOUR ( '', #679 ) ;
#100 = VERTEX_POINT ( 'NONE', #3143 ) ;
#101 = EDGE_CURVE ( 'NONE', #3392, #2169, #682, .T. ) ;
#102 = ADVANCED_FACE ( 'NONE', ( #1670 ), #1748, .F. ) ;
#103 = DIRECTION ( 'NONE',  ( 0.000000000000000000, 0.000000000000000000, 1.000000000000000000 ) ) ;
#104 = FACE_BOUND ( 'NONE', #1903, .T. ) ;
#105 = VERTEX_POINT ( 'NONE', #2083 ) ;
#106 = DIRECTION ( 'NONE',  ( 0.000000000000000000, 1.000000000000000000, 0.000000000000000000 ) ) ;
#107 =( NAMED_UNIT ( * ) PLANE_ANGLE_UNIT ( ) SI_UNIT ( $, .RADIAN. ) );
#108 = VECTOR ( 'NONE', #2109, 1000.000000000000000 ) ;
#109 = DIRECTION ( 'NONE',  ( 0.000000000000000000, 0.000000000000000000, 1.000000000000000000 ) ) ;
#110 = ORIENTED_EDGE ( 'NONE', *, *, #971, .F. ) ;
#111 = DIRECTION ( 'NONE',  ( 0.000000000000000000, 1.000000000000000000, 0.000000000000000000 ) ) ;
#112 = LINE ( 'NONE', #1277, #406 ) ;
#113 = STYLED_ITEM ( 'NONE', ( #531 ), #3275 ) ;
#114 = CIRCLE ( 'NONE', #712, 0.1999999999999999833 ) ;
#115 = CARTESIAN_POINT ( 'NONE',  ( 5.939536975864662969E-16, 0.1000000000000000056, 4.850000000000000533 ) ) ;
#116 = DIRECTION ( 'NONE',  ( 0.000000000000000000, 0.000000000000000000, 1.000000000000000000 ) ) ;
#117 = UNCERTAINTY_MEASURE_WITH_UNIT (LENGTH_MEASURE( 1.000000000000000082E-05 ), #3387, 'distance_accuracy_value', 'NONE');
#118 = DIRECTION ( 'NONE',  ( 0.000000000000000000, 0.000000000000000000, 1.000000000000000000 ) ) ;
#119 = VECTOR ( 'NONE', #3735, 1000.000000000000000 ) ;
#120 = LINE ( 'NONE', #698, #3402 ) ;
#121 = DIRECTION ( 'NONE',  ( -1.000000000000000000, 0.000000000000000000, 0.000000000000000000 ) ) ;
#122 = DIRECTION ( 'NONE',  ( 0.000000000000000000, 1.000000000000000000, 0.000000000000000000 ) ) ;
#123 = DIRECTION ( 'NONE',  ( 0.000000000000000000, 0.000000000000000000, 1.000000000000000000 ) ) ;
#124 = EDGE_CURVE ( 'NONE', #3058, #1153, #2799, .T. ) ;
#125 = FILL_AREA_STYLE ('',( #1550 ) ) ;
#126 = ORIENTED_EDGE ( 'NONE', *, *, #3541, .T. ) ;
#127 = AXIS2_PLACEMENT_3D ( 'NONE', #3590, #1276, #1314 ) ;
#128 = VECTOR ( 'NONE', #555, 1000.000000000000000 ) ;
#129 = FACE_OUTER_BOUND ( 'NONE', #3013, .T. ) ;
#130 = DIRECTION ( 'NONE',  ( 0.000000000000000000, 1.000000000000000000, 0.000000000000000000 ) ) ;
#131 = PRESENTATION_LAYER_ASSIGNMENT (  '', '', ( #306 ) ) ;
#132 = CIRCLE ( 'NONE', #2971, 0.8750000000000031086 ) ;
#133 = ORIENTED_EDGE ( 'NONE', *, *, #3092, .T. ) ;
#134 = COLOUR_RGB ( '',0.9529411764705881804, 0.9529411764705881804, 0.9529411764705881804 ) ;
#135 = CARTESIAN_POINT ( 'NONE',  ( -1.375000000000000000, 0.000000000000000000, -3.200000000000000178 ) ) ;
#136 =( GEOMETRIC_REPRESENTATION_CONTEXT ( 3 ) GLOBAL_UNCERTAINTY_ASSIGNED_CONTEXT ( ( #2303 ) ) GLOBAL_UNIT_ASSIGNED_CONTEXT ( ( #828, #3463, #326 ) ) REPRESENTATION_CONTEXT ( 'NONE', 'WORKASPACE' ) );
#137 = CARTESIAN_POINT ( 'NONE',  ( -0.8750000000000000000, 0.2500000000000000000, -3.200000000000000178 ) ) ;
#138 = MECHANICAL_DESIGN_GEOMETRIC_PRESENTATION_REPRESENTATION (  '', ( #2476 ), #1932 ) ;
#139 = STYLED_ITEM ( 'NONE', ( #2126 ), #2159 ) ;
#140 = DIRECTION ( 'NONE',  ( 0.000000000000000000, 1.000000000000000000, 0.000000000000000000 ) ) ;
#141 = VERTEX_POINT ( 'NONE', #1803 ) ;
#142 = DIRECTION ( 'NONE',  ( -0.000000000000000000, 1.000000000000000000, 0.000000000000000000 ) ) ;
#143 = ORIENTED_EDGE ( 'NONE', *, *, #2260, .T. ) ;
#144 = ORIENTED_EDGE ( 'NONE', *, *, #96, .T. ) ;
#145 = UNCERTAINTY_MEASURE_WITH_UNIT (LENGTH_MEASURE( 1.000000000000000082E-05 ), #2938, 'distance_accuracy_value', 'NONE');
#146 = DIRECTION ( 'NONE',  ( 0.000000000000000000, 0.000000000000000000, 1.000000000000000000 ) ) ;
#147 = CARTESIAN_POINT ( 'NONE',  ( -9.797174393178829848E-17, 4.500000000000000888, 1.800000000000000266 ) ) ;
#148 = VERTEX_POINT ( 'NONE', #927 ) ;
#149 = CARTESIAN_POINT ( 'NONE',  ( 4.864463583068351120E-16, 0.000000000000000000, -3.972135954999580054 ) ) ;
#150 = CIRCLE ( 'NONE', #2745, 0.2000000000000000111 ) ;
#151 = EDGE_CURVE ( 'NONE', #2628, #1229, #1597, .T. ) ;
#152 = PRESENTATION_STYLE_ASSIGNMENT (( #3394 ) ) ;
#153 = CARTESIAN_POINT ( 'NONE',  ( -1.385640646055100067, 0.000000000000000000, -0.8000000000000010436 ) ) ;
#154 =( GEOMETRIC_REPRESENTATION_CONTEXT ( 3 ) GLOBAL_UNCERTAINTY_ASSIGNED_CONTEXT ( ( #635 ) ) GLOBAL_UNIT_ASSIGNED_CONTEXT ( ( #984, #3027, #3011 ) ) REPRESENTATION_CONTEXT ( 'NONE', 'WORKASPACE' ) );
#155 = CARTESIAN_POINT ( 'NONE',  ( 0.000000000000000000, 4.500000000000000888, 4.850000000000000533 ) ) ;
#156 = SURFACE_STYLE_FILL_AREA ( #3535 ) ;
#157 = CARTESIAN_POINT ( 'NONE',  ( 0.8000000000000010436, 4.500000000000000888, -1.185640646055099889 ) ) ;
#158 = EDGE_LOOP ( 'NONE', ( #2552, #3108 ) ) ;
#159 = DIRECTION ( 'NONE',  ( 0.000000000000000000, 0.000000000000000000, 1.000000000000000000 ) ) ;
#160 = EDGE_LOOP ( 'NONE', ( #382, #2440, #2398, #2329 ) ) ;
#161 = ORIENTED_EDGE ( 'NONE', *, *, #2776, .F. ) ;
#162 = DIRECTION ( 'NONE',  ( 0.000000000000000000, 0.000000000000000000, 1.000000000000000000 ) ) ;
#163 = ORIENTED_EDGE ( 'NONE', *, *, #2328, .T. ) ;
#164 = EDGE_LOOP ( 'NONE', ( #1385, #3038 ) ) ;
#165 = DIRECTION ( 'NONE',  ( 0.000000000000000000, 0.000000000000000000, 1.000000000000000000 ) ) ;
#166 = FILL_AREA_STYLE_COLOUR ( '', #2332 ) ;
#167 = EDGE_CURVE ( 'NONE', #3613, #722, #41, .T. ) ;
#168 = ADVANCED_FACE ( 'NONE', ( #2063 ), #61, .T. ) ;
#169 = DIRECTION ( 'NONE',  ( -1.000000000000000000, 0.000000000000000000, 0.000000000000000000 ) ) ;
#170 = SURFACE_STYLE_FILL_AREA ( #1281 ) ;
#171 = DIRECTION ( 'NONE',  ( 0.000000000000000000, 1.000000000000000000, 0.000000000000000000 ) ) ;
#172 = DIRECTION ( 'NONE',  ( -0.000000000000000000, 1.000000000000000000, 0.000000000000000000 ) ) ;
#173 = AXIS2_PLACEMENT_3D ( 'NONE', #610, #570, #2651 ) ;
#174 = VERTEX_POINT ( 'NONE', #1207 ) ;
#175 = CARTESIAN_POINT ( 'NONE',  ( -0.8000000000000000444, 5.000000000000000000, 1.585640646055100245 ) ) ;
#176 = COLOUR_RGB ( '',0.9529411764705881804, 0.9529411764705881804, 0.9529411764705881804 ) ;
#177 = DIRECTION ( 'NONE',  ( 0.000000000000000000, 0.000000000000000000, 1.000000000000000000 ) ) ;
#178 =( LENGTH_UNIT ( ) NAMED_UNIT ( * ) SI_UNIT ( .MILLI., .METRE. ) );
#179 = ORIENTED_EDGE ( 'NONE', *, *, #3607, .F. ) ;
#180 = ORIENTED_EDGE ( 'NONE', *, *, #575, .F. ) ;
#181 = UNCERTAINTY_MEASURE_WITH_UNIT (LENGTH_MEASURE( 1.000000000000000082E-05 ), #392, 'distance_accuracy_value', 'NONE');
#182 = CARTESIAN_POINT ( 'NONE',  ( -1.600000000000000089, 0.000000000000000000, -0.2000000000000000111 ) ) ;
#183 = VERTEX_POINT ( 'NONE', #3562 ) ;
#184 = SURFACE_STYLE_FILL_AREA ( #3661 ) ;
#185 = SURFACE_STYLE_USAGE ( .BOTH. , #3351 ) ;
#186 = AXIS2_PLACEMENT_3D ( 'NONE', #1475, #1234, #2401 ) ;
#187 = LINE ( 'NONE', #453, #2617 ) ;
#188 = MECHANICAL_DESIGN_GEOMETRIC_PRESENTATION_REPRESENTATION (  '', ( #726 ), #2051 ) ;
#189 = PRESENTATION_STYLE_ASSIGNMENT (( #1049 ) ) ;
#190 = EDGE_CURVE ( 'NONE', #627, #2357, #3591, .T. ) ;
#191 = CIRCLE ( 'NONE', #3167, 0.1999999999999999833 ) ;
#192 =( NAMED_UNIT ( * ) SI_UNIT ( $, .STERADIAN. ) SOLID_ANGLE_UNIT ( ) );
#193 = COLOUR_RGB ( '',0.6980392156862744724, 0.5490196078431373028, 0.003921568627450980338 ) ;
#194 = CARTESIAN_POINT ( 'NONE',  ( -8.699999999999999289, 5.000000000000000888, 4.349999999999997868 ) ) ;
#195 = EDGE_CURVE ( 'NONE', #1125, #889, #946, .T. ) ;
#196 = AXIS2_PLACEMENT_3D ( 'NONE', #1386, #3155, #2537 ) ;
#197 = ORIENTED_EDGE ( 'NONE', *, *, #1836, .F. ) ;
#198 = DIRECTION ( 'NONE',  ( 0.000000000000000000, 1.000000000000000000, 0.000000000000000000 ) ) ;
#199 = STYLED_ITEM ( 'NONE', ( #884 ), #2395 ) ;
#200 = SURFACE_STYLE_FILL_AREA ( #688 ) ;
#201 = EDGE_LOOP ( 'NONE', ( #346, #1397, #1130, #2350 ) ) ;
#202 = ORIENTED_EDGE ( 'NONE', *, *, #1760, .T. ) ;
#203 = SURFACE_STYLE_FILL_AREA ( #3150 ) ;
#204 = DIRECTION ( 'NONE',  ( -0.000000000000000000, -1.000000000000000000, -0.000000000000000000 ) ) ;
#205 =( GEOMETRIC_REPRESENTATION_CONTEXT ( 3 ) GLOBAL_UNCERTAINTY_ASSIGNED_CONTEXT ( ( #1741 ) ) GLOBAL_UNIT_ASSIGNED_CONTEXT ( ( #602, #2467, #3614 ) ) REPRESENTATION_CONTEXT ( 'NONE', 'WORKASPACE' ) );
#206 = LINE ( 'NONE', #801, #3578 ) ;
#207 = CIRCLE ( 'NONE', #271, 0.1999999999999999833 ) ;
#208 = EDGE_CURVE ( 'NONE', #1497, #3207, #25, .T. ) ;
#209 = DIRECTION ( 'NONE',  ( 1.224646799147351482E-16, 0.000000000000000000, -1.000000000000000000 ) ) ;
#210 = CARTESIAN_POINT ( 'NONE',  ( -9.699999999999999289, 4.500000000000000888, -4.850000000000001421 ) ) ;
#211 = CARTESIAN_POINT ( 'NONE',  ( 0.000000000000000000, 0.000000000000000000, 0.000000000000000000 ) ) ;
#212 = EDGE_CURVE ( 'NONE', #174, #2495, #1452, .T. ) ;
#213 = ADVANCED_FACE ( 'NONE', ( #343 ), #2358, .T. ) ;
#214 = CARTESIAN_POINT ( 'NONE',  ( 0.7500000000000000000, 4.500000000000000888, -0.1999999999999999278 ) ) ;
#215 = VERTEX_POINT ( 'NONE', #175 ) ;
#216 = DIRECTION ( 'NONE',  ( 0.000000000000000000, 1.000000000000000000, 0.000000000000000000 ) ) ;
#217 = ORIENTED_EDGE ( 'NONE', *, *, #3299, .T. ) ;
#218 = ORIENTED_EDGE ( 'NONE', *, *, #3406, .T. ) ;
#219 = SURFACE_STYLE_FILL_AREA ( #2791 ) ;
#220 = SURFACE_STYLE_FILL_AREA ( #1092 ) ;
#221 = LINE ( 'NONE', #264, #2417 ) ;
#222 =( LENGTH_UNIT ( ) NAMED_UNIT ( * ) SI_UNIT ( .MILLI., .METRE. ) );
#223 = AXIS2_PLACEMENT_3D ( 'NONE', #49, #2347, #3236 ) ;
#224 = UNCERTAINTY_MEASURE_WITH_UNIT (LENGTH_MEASURE( 1.000000000000000082E-05 ), #3221, 'distance_accuracy_value', 'NONE');
#225 = COLOUR_RGB ( '',0.4509803921568627527, 0.5764705882352940680, 0.2509803921568627416 ) ;
#226 = FILL_AREA_STYLE ('',( #3710 ) ) ;
#227 = ORIENTED_EDGE ( 'NONE', *, *, #1221, .T. ) ;
#228 = CIRCLE ( 'NONE', #173, 0.2000000000000000111 ) ;
#229 = SURFACE_SIDE_STYLE ('',( #2232 ) ) ;
#230 = EDGE_CURVE ( 'NONE', #2344, #3525, #150, .T. ) ;
#231 = AXIS2_PLACEMENT_3D ( 'NONE', #940, #2354, #2874 ) ;
#232 = STYLED_ITEM ( 'NONE', ( #3401 ), #2895 ) ;
#233 = ORIENTED_EDGE ( 'NONE', *, *, #3378, .F. ) ;
#234 = EDGE_LOOP ( 'NONE', ( #1055, #2829, #790, #2838 ) ) ;
#235 = SURFACE_SIDE_STYLE ('',( #203 ) ) ;
#236 = AXIS2_PLACEMENT_3D ( 'NONE', #3649, #2207, #764 ) ;
#237 = CYLINDRICAL_SURFACE ( 'NONE', #1486, 0.2000000000000000111 ) ;
#238 = DIRECTION ( 'NONE',  ( 0.000000000000000000, 0.000000000000000000, 1.000000000000000000 ) ) ;
#239 = ORIENTED_EDGE ( 'NONE', *, *, #2328, .F. ) ;
#240 = DIRECTION ( 'NONE',  ( 0.000000000000000000, 1.000000000000000000, 0.000000000000000000 ) ) ;
#241 = STYLED_ITEM ( 'NONE', ( #3073 ), #998 ) ;
#242 =( BOUNDED_CURVE ( )  B_SPLINE_CURVE ( 3, ( #1329, #3588, #1887, #2769 ),
 .UNSPECIFIED., .F., .T. ) 
 B_SPLINE_CURVE_WITH_KNOTS ( ( 4, 4 ),
 ( 0.7500000000000000000, 1.250000000000000000 ),
 .UNSPECIFIED. ) 
 CURVE ( )  GEOMETRIC_REPRESENTATION_ITEM ( )  RATIONAL_B_SPLINE_CURVE ( ( 1.000000000000000000, 0.3333333333333330373, 0.3333333333333330373, 1.000000000000000000 ) ) 
 REPRESENTATION_ITEM ( '' )  );
#243 = STYLED_ITEM ( 'NONE', ( #1350 ), #778 ) ;
#244 = SURFACE_STYLE_USAGE ( .BOTH. , #2871 ) ;
#245 = LINE ( 'NONE', #1390, #1085 ) ;
#246 =( LENGTH_UNIT ( ) NAMED_UNIT ( * ) SI_UNIT ( .MILLI., .METRE. ) );
#247 = CARTESIAN_POINT ( 'NONE',  ( -0.8750000000000000000, 0.3099999999999999978, -3.700000000000000178 ) ) ;
#248 = CIRCLE ( 'NONE', #1758, 4.850000000000000533 ) ;
#249 =( GEOMETRIC_REPRESENTATION_CONTEXT ( 3 ) GLOBAL_UNCERTAINTY_ASSIGNED_CONTEXT ( ( #1162 ) ) GLOBAL_UNIT_ASSIGNED_CONTEXT ( ( #848, #1749, #1880 ) ) REPRESENTATION_CONTEXT ( 'NONE', 'WORKASPACE' ) );
#250 = DIRECTION ( 'NONE',  ( -1.000000000000000000, 0.000000000000000000, 0.000000000000000000 ) ) ;
#251 = ORIENTED_EDGE ( 'NONE', *, *, #302, .T. ) ;
#252 = UNCERTAINTY_MEASURE_WITH_UNIT (LENGTH_MEASURE( 1.000000000000000082E-05 ), #3719, 'distance_accuracy_value', 'NONE');
#253 = AXIS2_PLACEMENT_3D ( 'NONE', #1095, #1921, #2243 ) ;
#254 = ADVANCED_FACE ( 'NONE', ( #3582 ), #3654, .T. ) ;
#256 = EDGE_LOOP ( 'NONE', ( #3149, #2712 ) ) ;
#255 = AXIS2_PLACEMENT_3D ( 'NONE', #2502, #1901, #1412 ) ;
#257 = ORIENTED_EDGE ( 'NONE', *, *, #1717, .T. ) ;
#258 = SURFACE_STYLE_USAGE ( .BOTH. , #3450 ) ;
#259 =( NAMED_UNIT ( * ) PLANE_ANGLE_UNIT ( ) SI_UNIT ( $, .RADIAN. ) );
#260 = MECHANICAL_DESIGN_GEOMETRIC_PRESENTATION_REPRESENTATION (  '', ( #2482 ), #2854 ) ;
#261 = CARTESIAN_POINT ( 'NONE',  ( -0.8750000000000000000, 0.000000000000000000, -2.200000000000000178 ) ) ;
#262 = ADVANCED_FACE ( 'NONE', ( #434 ), #3496, .T. ) ;
#263 = ORIENTED_EDGE ( 'NONE', *, *, #2462, .T. ) ;
#264 = CARTESIAN_POINT ( 'NONE',  ( 0.7500000000000000000, 0.000000000000000000, -0.1999999999999999278 ) ) ;
#265 = PRESENTATION_LAYER_ASSIGNMENT (  '', '', ( #858 ) ) ;
#266 = CARTESIAN_POINT ( 'NONE',  ( 5.476786982642026860E-16, 1.300000000000000266, -4.472135954999579610 ) ) ;
#267 = AXIS2_PLACEMENT_3D ( 'NONE', #1945, #507, #1106 ) ;
#268 =( NAMED_UNIT ( * ) SI_UNIT ( $, .STERADIAN. ) SOLID_ANGLE_UNIT ( ) );
#269 = CARTESIAN_POINT ( 'NONE',  ( 9.699999999999999289, 4.792893218813452982, 4.850000000000000533 ) ) ;
#270 = CARTESIAN_POINT ( 'NONE',  ( 1.385640646055100067, 4.500000000000000888, 0.6000000000000009770 ) ) ;
#271 = AXIS2_PLACEMENT_3D ( 'NONE', #3100, #3137, #3724 ) ;
#272 = DIRECTION ( 'NONE',  ( 0.000000000000000000, 0.000000000000000000, 1.000000000000000000 ) ) ;
#273 =( NAMED_UNIT ( * ) SI_UNIT ( $, .STERADIAN. ) SOLID_ANGLE_UNIT ( ) );
#274 = EDGE_LOOP ( 'NONE', ( #1028, #1347 ) ) ;
#275 = FILL_AREA_STYLE_COLOUR ( '', #193 ) ;
#276 = VERTEX_POINT ( 'NONE', #2834 ) ;
#277 = CARTESIAN_POINT ( 'NONE',  ( 0.3750000000000000000, 5.000000000000000000, 0.6495190528383290030 ) ) ;
#278 = DIRECTION ( 'NONE',  ( 0.000000000000000000, 0.000000000000000000, 1.000000000000000000 ) ) ;
#279 = DIRECTION ( 'NONE',  ( -0.000000000000000000, -1.000000000000000000, -0.000000000000000000 ) ) ;
#280 = ORIENTED_EDGE ( 'NONE', *, *, #2535, .T. ) ;
#281 = CARTESIAN_POINT ( 'NONE',  ( 0.000000000000000000, 0.09999999999999999167, 0.000000000000000000 ) ) ;
#282 = PRESENTATION_STYLE_ASSIGNMENT (( #244 ) ) ;
#283 = EDGE_CURVE ( 'NONE', #1270, #950, #207, .T. ) ;
#284 = ADVANCED_FACE ( 'NONE', ( #3410 ), #3708, .F. ) ;
#285 = CARTESIAN_POINT ( 'NONE',  ( 5.327213576290986242E-16, 4.500000000000000888, -4.349999999999999645 ) ) ;
#286 = CARTESIAN_POINT ( 'NONE',  ( -0.7500000000000000000, 4.500000000000000888, -0.2000000000000000111 ) ) ;
#287 = CARTESIAN_POINT ( 'NONE',  ( 9.699999999999999289, 0.09999999999999999167, -4.849999999999999645 ) ) ;
#288 = DIRECTION ( 'NONE',  ( 0.000000000000000000, 0.000000000000000000, 1.000000000000000000 ) ) ;
#289 = EDGE_LOOP ( 'NONE', ( #1638, #202 ) ) ;
#290 = VECTOR ( 'NONE', #2427, 1000.000000000000000 ) ;
#291 = FACE_BOUND ( 'NONE', #1802, .T. ) ;
#292 =( GEOMETRIC_REPRESENTATION_CONTEXT ( 3 ) GLOBAL_UNCERTAINTY_ASSIGNED_CONTEXT ( ( #2251 ) ) GLOBAL_UNIT_ASSIGNED_CONTEXT ( ( #1931, #1659, #3110 ) ) REPRESENTATION_CONTEXT ( 'NONE', 'WORKASPACE' ) );
#293 = ORIENTED_EDGE ( 'NONE', *, *, #877, .T. ) ;
#294 = LINE ( 'NONE', #2293, #483 ) ;
#295 = CARTESIAN_POINT ( 'NONE',  ( 5.476786982642027846E-16, 0.04142135623730948402, -4.472135954999579610 ) ) ;
#296 = AXIS2_PLACEMENT_3D ( 'NONE', #3258, #1303, #1283 ) ;
#297 =( NAMED_UNIT ( * ) SI_UNIT ( $, .STERADIAN. ) SOLID_ANGLE_UNIT ( ) );
#298 = FILL_AREA_STYLE_COLOUR ( '', #3237 ) ;
#299 = EDGE_LOOP ( 'NONE', ( #954, #126, #611, #1702 ) ) ;
#300 =( GEOMETRIC_REPRESENTATION_CONTEXT ( 3 ) GLOBAL_UNCERTAINTY_ASSIGNED_CONTEXT ( ( #78 ) ) GLOBAL_UNIT_ASSIGNED_CONTEXT ( ( #3676, #1627, #497 ) ) REPRESENTATION_CONTEXT ( 'NONE', 'WORKASPACE' ) );
#301 =( LENGTH_UNIT ( ) NAMED_UNIT ( * ) SI_UNIT ( .MILLI., .METRE. ) );
#302 = EDGE_CURVE ( 'NONE', #3392, #950, #3120, .T. ) ;
#303 =( NAMED_UNIT ( * ) SI_UNIT ( $, .STERADIAN. ) SOLID_ANGLE_UNIT ( ) );
#304 = DIRECTION ( 'NONE',  ( -1.000000000000000000, 0.000000000000000000, -0.000000000000000000 ) ) ;
#305 = SURFACE_STYLE_USAGE ( .BOTH. , #2643 ) ;
#306 = STYLED_ITEM ( 'NONE', ( #685 ), #1222 ) ;
#307 = PRESENTATION_LAYER_ASSIGNMENT (  '', '', ( #1926 ) ) ;
#308 = EDGE_LOOP ( 'NONE', ( #931, #2877 ) ) ;
#309 = ADVANCED_FACE ( 'NONE', ( #1101 ), #539, .T. ) ;
#310 = AXIS2_PLACEMENT_3D ( 'NONE', #2120, #393, #2958 ) ;
#311 = CARTESIAN_POINT ( 'NONE',  ( 1.600000000000000089, 5.000000000000000000, 1.959434878635770160E-16 ) ) ;
#312 = ORIENTED_EDGE ( 'NONE', *, *, #645, .F. ) ;
#313 = EDGE_LOOP ( 'NONE', ( #398, #439 ) ) ;
#314 = CYLINDRICAL_SURFACE ( 'NONE', #662, 0.2000000000000000944 ) ;
#315 = CARTESIAN_POINT ( 'NONE',  ( 5.527513513974391996E-16, -3.586907429118599676E-18, -4.513557311236888303 ) ) ;
#316 = VERTEX_POINT ( 'NONE', #2429 ) ;
#317 = FACE_BOUND ( 'NONE', #3183, .T. ) ;
#318 = TOROIDAL_SURFACE ( 'NONE', #3178, 0.3921956918170709794, 0.5000000000000013323 ) ;
#319 = SURFACE_SIDE_STYLE ('',( #2890 ) ) ;
#320 =( NAMED_UNIT ( * ) PLANE_ANGLE_UNIT ( ) SI_UNIT ( $, .RADIAN. ) );
#321 = VECTOR ( 'NONE', #1424, 1000.000000000000000 ) ;
#322 = SURFACE_STYLE_USAGE ( .BOTH. , #1205 ) ;
#324 = VERTEX_POINT ( 'NONE', #3594 ) ;
#323 = STYLED_ITEM ( 'NONE', ( #3164 ), #73 ) ;
#325 = DIRECTION ( 'NONE',  ( 0.000000000000000000, 1.000000000000000000, 0.000000000000000000 ) ) ;
#326 =( NAMED_UNIT ( * ) SI_UNIT ( $, .STERADIAN. ) SOLID_ANGLE_UNIT ( ) );
#327 = AXIS2_PLACEMENT_3D ( 'NONE', #3367, #204, #761 ) ;
#328 = EDGE_CURVE ( 'NONE', #2612, #3198, #1280, .T. ) ;
#329 = EDGE_CURVE ( 'NONE', #1421, #916, #385, .T. ) ;
#330 = DIRECTION ( 'NONE',  ( 0.000000000000000000, 0.000000000000000000, 1.000000000000000000 ) ) ;
#331 = EDGE_LOOP ( 'NONE', ( #681, #217, #2931, #754 ) ) ;
#332 = CYLINDRICAL_SURFACE ( 'NONE', #1382, 0.1999999999999999833 ) ;
#333 = CARTESIAN_POINT ( 'NONE',  ( 1.600000000000000089, 0.000000000000000000, 1.959434878635770160E-16 ) ) ;
#334 = MANIFOLD_SOLID_BREP ( 'Solid1', #986 ) ;
#335 = DIRECTION ( 'NONE',  ( 0.000000000000000000, 0.000000000000000000, -1.000000000000000000 ) ) ;
#336 = ORIENTED_EDGE ( 'NONE', *, *, #1631, .F. ) ;
#337 = SURFACE_STYLE_USAGE ( .BOTH. , #1137 ) ;
#338 = DIRECTION ( 'NONE',  ( 0.000000000000000000, 0.000000000000000000, 1.000000000000000000 ) ) ;
#339 = CARTESIAN_POINT ( 'NONE',  ( -1.375000000000000222, -0.05999999999999668793, 1.800000000000000711 ) ) ;
#340 = CARTESIAN_POINT ( 'NONE',  ( -7.347880794884123927E-17, 4.500000000000000888, 1.399999999999999911 ) ) ;
#341 = DIRECTION ( 'NONE',  ( 0.000000000000000000, 1.000000000000000000, 0.000000000000000000 ) ) ;
#342 = ORIENTED_EDGE ( 'NONE', *, *, #971, .T. ) ;
#343 = FACE_OUTER_BOUND ( 'NONE', #794, .T. ) ;
#344 = CYLINDRICAL_SURFACE ( 'NONE', #490, 0.2000000000000000944 ) ;
#345 = DIRECTION ( 'NONE',  ( 0.000000000000000000, 0.000000000000000000, 1.000000000000000000 ) ) ;
#346 = ORIENTED_EDGE ( 'NONE', *, *, #2059, .T. ) ;
#347 = STYLED_ITEM ( 'NONE', ( #3455 ), #3093 ) ;
#348 = ORIENTED_EDGE ( 'NONE', *, *, #3267, .T. ) ;
#349 = EDGE_CURVE ( 'NONE', #3547, #2750, #1593, .T. ) ;
#350 = CARTESIAN_POINT ( 'NONE',  ( -3.972054645195636988E-15, 0.09999999999999999167, 4.472135954999579610 ) ) ;
#351 = DIRECTION ( 'NONE',  ( 0.000000000000000000, 0.000000000000000000, 1.000000000000000000 ) ) ;
#352 = PRESENTATION_LAYER_ASSIGNMENT (  '', '', ( #1369 ) ) ;
#353 = ORIENTED_EDGE ( 'NONE', *, *, #3228, .T. ) ;
#354 = DIRECTION ( 'NONE',  ( -0.000000000000000000, -1.000000000000000000, -0.000000000000000000 ) ) ;
#355 = CYLINDRICAL_SURFACE ( 'NONE', #3646, 0.1999999999999999833 ) ;
#356 = LINE ( 'NONE', #921, #1253 ) ;
#357 = DIRECTION ( 'NONE',  ( 0.000000000000000000, 1.000000000000000000, 0.000000000000000000 ) ) ;
#358 = CARTESIAN_POINT ( 'NONE',  ( 5.476786982642026860E-16, 0.000000000000000000, -4.472135954999579610 ) ) ;
#359 = ORIENTED_EDGE ( 'NONE', *, *, #101, .F. ) ;
#360 = AXIS2_PLACEMENT_3D ( 'NONE', #2170, #1608, #421 ) ;
#361 =( GEOMETRIC_REPRESENTATION_CONTEXT ( 3 ) GLOBAL_UNCERTAINTY_ASSIGNED_CONTEXT ( ( #562 ) ) GLOBAL_UNIT_ASSIGNED_CONTEXT ( ( #1554, #2734, #2437 ) ) REPRESENTATION_CONTEXT ( 'NONE', 'WORKASPACE' ) );
#362 = FACE_BOUND ( 'NONE', #1036, .T. ) ;
#363 = ORIENTED_EDGE ( 'NONE', *, *, #1650, .F. ) ;
#364 = VERTEX_POINT ( 'NONE', #407 ) ;
#365 = LINE ( 'NONE', #1513, #1988 ) ;
#366 = CARTESIAN_POINT ( 'NONE',  ( 5.476786982642027846E-16, 0.09999999999999999167, -4.472135954999579610 ) ) ;
#367 = APPLICATION_CONTEXT ( 'automotive_design' ) ;
#368 = CARTESIAN_POINT ( 'NONE',  ( -9.144271909999158510, 0.000000000000000000, -4.572135954999581031 ) ) ;
#369 = COLOUR_RGB ( '',0.9529411764705881804, 0.9529411764705881804, 0.9529411764705881804 ) ;
#370 = ORIENTED_EDGE ( 'NONE', *, *, #522, .F. ) ;
#371 = CARTESIAN_POINT ( 'NONE',  ( -9.499999999999996447, 0.000000000000000000, -4.750000000000000000 ) ) ;
#372 = EDGE_CURVE ( 'NONE', #183, #3529, #3627, .T. ) ;
#373 = EDGE_CURVE ( 'NONE', #1736, #141, #2142, .T. ) ;
#374 = CARTESIAN_POINT ( 'NONE',  ( 0.7500000000000000000, 4.500000000000000888, 9.184850993605150903E-17 ) ) ;
#375 = AXIS2_PLACEMENT_3D ( 'NONE', #2017, #24, #3195 ) ;
#376 = SURFACE_SIDE_STYLE ('',( #1613 ) ) ;
#377 = UNCERTAINTY_MEASURE_WITH_UNIT (LENGTH_MEASURE( 1.000000000000000082E-05 ), #2960, 'distance_accuracy_value', 'NONE');
#378 = FACE_BOUND ( 'NONE', #3521, .T. ) ;
#379 = LINE ( 'NONE', #1524, #3020 ) ;
#380 = SURFACE_SIDE_STYLE ('',( #2985 ) ) ;
#381 = VECTOR ( 'NONE', #39, 1000.000000000000000 ) ;
#382 = ORIENTED_EDGE ( 'NONE', *, *, #6, .F. ) ;
#383 = ORIENTED_EDGE ( 'NONE', *, *, #1983, .T. ) ;
#384 = DIRECTION ( 'NONE',  ( 0.000000000000000000, 1.000000000000000000, 0.000000000000000000 ) ) ;
#385 = CIRCLE ( 'NONE', #620, 0.2000000000000000944 ) ;
#386 = DIRECTION ( 'NONE',  ( 0.000000000000000000, 0.000000000000000000, 1.000000000000000000 ) ) ;
#387 = DIRECTION ( 'NONE',  ( 1.000000000000000000, 0.000000000000000000, -0.000000000000000000 ) ) ;
#388 = ORIENTED_EDGE ( 'NONE', *, *, #1788, .F. ) ;
#389 = DIRECTION ( 'NONE',  ( 0.000000000000000000, 0.000000000000000000, -1.000000000000000000 ) ) ;
#390 = SURFACE_STYLE_FILL_AREA ( #3002 ) ;
#391 = SURFACE_STYLE_USAGE ( .BOTH. , #3076 ) ;
#392 =( LENGTH_UNIT ( ) NAMED_UNIT ( * ) SI_UNIT ( .MILLI., .METRE. ) );
#393 = DIRECTION ( 'NONE',  ( -1.000000000000000000, 0.000000000000000000, 1.224646799147353207E-16 ) ) ;
#394 = ADVANCED_FACE ( 'NONE', ( #3337 ), #1894, .T. ) ;
#395 = VERTEX_POINT ( 'NONE', #3062 ) ;
#396 = CARTESIAN_POINT ( 'NONE',  ( 5.476786982642026860E-16, 0.09999999999999999167, -4.472135954999579610 ) ) ;
#397 = EDGE_LOOP ( 'NONE', ( #1466, #3260, #1158, #1027 ) ) ;
#398 = ORIENTED_EDGE ( 'NONE', *, *, #1099, .T. ) ;
#399 = LINE ( 'NONE', #3567, #2824 ) ;
#400 = VECTOR ( 'NONE', #1074, 1000.000000000000000 ) ;
#401 = CYLINDRICAL_SURFACE ( 'NONE', #3637, 0.2000000000000000944 ) ;
#402 = ORIENTED_EDGE ( 'NONE', *, *, #2218, .F. ) ;
#403 = CARTESIAN_POINT ( 'NONE',  ( 0.3750000000000000000, 4.500000000000000888, 0.6495190528383290030 ) ) ;
#404 = DIRECTION ( 'NONE',  ( 0.000000000000000000, 1.000000000000000000, 0.000000000000000000 ) ) ;
#405 = CARTESIAN_POINT ( 'NONE',  ( 0.8000000000000010436, 5.000000000000000000, -1.185640646055099889 ) ) ;
#406 = VECTOR ( 'NONE', #3060, 1000.000000000000000 ) ;
#407 = CARTESIAN_POINT ( 'NONE',  ( -1.385640646055100067, 4.500000000000000888, 1.000000000000000000 ) ) ;
#408 = FILL_AREA_STYLE ('',( #3300 ) ) ;
#409 = FACE_OUTER_BOUND ( 'NONE', #581, .T. ) ;
#410 = AXIS2_PLACEMENT_3D ( 'NONE', #1897, #171, #1032 ) ;
#411 = AXIS2_PLACEMENT_3D ( 'NONE', #2744, #3556, #1260 ) ;
#412 = EDGE_CURVE ( 'NONE', #458, #3632, #187, .T. ) ;
#413 = CARTESIAN_POINT ( 'NONE',  ( 0.5000000000000011102, 0.3099999999999999978, 0.9249999999999989342 ) ) ;
#414 = ORIENTED_EDGE ( 'NONE', *, *, #190, .T. ) ;
#415 = CIRCLE ( 'NONE', #898, 0.1999999999999999833 ) ;
#416 = CIRCLE ( 'NONE', #2464, 3.972135954999580054 ) ;
#417 = ORIENTED_EDGE ( 'NONE', *, *, #3340, .F. ) ;
#418 = AXIS2_PLACEMENT_3D ( 'NONE', #2105, #3309, #3266 ) ;
#419 = DIRECTION ( 'NONE',  ( 6.505213034913026604E-16, 0.000000000000000000, -1.000000000000000000 ) ) ;
#420 = ORIENTED_EDGE ( 'NONE', *, *, #1143, .F. ) ;
#421 = DIRECTION ( 'NONE',  ( 0.000000000000000000, 0.000000000000000000, 1.000000000000000000 ) ) ;
#422 = MECHANICAL_DESIGN_GEOMETRIC_PRESENTATION_REPRESENTATION (  '', ( #2053 ), #2662 ) ;
#423 = CARTESIAN_POINT ( 'NONE',  ( -0.9828043081829319627, -0.06000000000000010186, 1.407804308182929898 ) ) ;
#424 = STYLED_ITEM ( 'NONE', ( #907 ), #1766 ) ;
#425 = CARTESIAN_POINT ( 'NONE',  ( -0.9828043081829319627, -0.06000000000000010186, 1.337499999999999911 ) ) ;
#426 = CARTESIAN_POINT ( 'NONE',  ( -9.617157287525380127, -1.076072228735579826E-17, -4.808578643762687399 ) ) ;
#427 = CYLINDRICAL_SURFACE ( 'NONE', #829, 0.2000000000000000944 ) ;
#428 = AXIS2_PLACEMENT_3D ( 'NONE', #2050, #2074, #2932 ) ;
#429 = DIRECTION ( 'NONE',  ( -0.000000000000000000, -1.000000000000000000, -0.000000000000000000 ) ) ;
#430 = SURFACE_SIDE_STYLE ('',( #2448 ) ) ;
#431 = CIRCLE ( 'NONE', #2359, 0.2000000000000000111 ) ;
#432 = DIRECTION ( 'NONE',  ( 0.000000000000000000, 1.000000000000000000, 0.000000000000000000 ) ) ;
#433 = VERTEX_POINT ( 'NONE', #1611 ) ;
#434 = FACE_OUTER_BOUND ( 'NONE', #234, .T. ) ;
#435 = DIRECTION ( 'NONE',  ( 0.000000000000000000, 0.000000000000000000, 1.000000000000000000 ) ) ;
#436 = AXIS2_PLACEMENT_3D ( 'NONE', #1465, #2667, #2375 ) ;
#437 = CARTESIAN_POINT ( 'NONE',  ( 0.8000000000000000444, 0.000000000000000000, 1.385640646055100067 ) ) ;
#439 = ORIENTED_EDGE ( 'NONE', *, *, #373, .T. ) ;
#438 = CIRCLE ( 'NONE', #797, 0.1999999999999999833 ) ;
#440 = ORIENTED_EDGE ( 'NONE', *, *, #328, .F. ) ;
#441 = CARTESIAN_POINT ( 'NONE',  ( -9.797174393178829848E-17, 4.500000000000000888, 1.600000000000000089 ) ) ;
#442 = PRODUCT_DEFINITION_CONTEXT ( 'detailed design', #556, 'design' ) ;
#443 = DIRECTION ( 'NONE',  ( 0.000000000000000000, 0.000000000000000000, 1.000000000000000000 ) ) ;
#444 = EDGE_CURVE ( 'NONE', #950, #1270, #991, .T. ) ;
#445 = EDGE_CURVE ( 'NONE', #2357, #627, #3593, .T. ) ;
#446 = CLOSED_SHELL ( 'NONE', ( #3517, #2024, #3489, #1171 ) ) ;
#447 = CARTESIAN_POINT ( 'NONE',  ( 2.939152317953650064E-16, 0.000000000000000000, -1.399999999999999911 ) ) ;
#448 = ORIENTED_EDGE ( 'NONE', *, *, #2287, .F. ) ;
#449 = DIRECTION ( 'NONE',  ( 9.912705577010291037E-16, 0.000000000000000000, 1.000000000000000000 ) ) ;
#450 = DIRECTION ( 'NONE',  ( 1.000000000000000000, -0.000000000000000000, -0.000000000000000000 ) ) ;
#451 = FACE_OUTER_BOUND ( 'NONE', #160, .T. ) ;
#452 = MECHANICAL_DESIGN_GEOMETRIC_PRESENTATION_REPRESENTATION (  '', ( #3709 ), #2227 ) ;
#453 = CARTESIAN_POINT ( 'NONE',  ( -0.8750000000000000000, 0.2500000000000000000, -3.200000000000000178 ) ) ;
#454 =( NAMED_UNIT ( * ) PLANE_ANGLE_UNIT ( ) SI_UNIT ( $, .RADIAN. ) );
#455 = DIRECTION ( 'NONE',  ( 0.000000000000000000, 0.000000000000000000, 1.000000000000000000 ) ) ;
#456 = FILL_AREA_STYLE ('',( #3319 ) ) ;
#457 = VERTEX_POINT ( 'NONE', #1918 ) ;
#458 = VERTEX_POINT ( 'NONE', #137 ) ;
#459 = LINE ( 'NONE', #2784, #2679 ) ;
#460 = FILL_AREA_STYLE ('',( #952 ) ) ;
#461 = CARTESIAN_POINT ( 'NONE',  ( 0.2499999999999990286, 0.4400000000000000022, 2.192195691817070191 ) ) ;
#462 = EDGE_CURVE ( 'NONE', #632, #457, #3066, .T. ) ;
#463 = ORIENTED_EDGE ( 'NONE', *, *, #2198, .F. ) ;
#464 =( NAMED_UNIT ( * ) PLANE_ANGLE_UNIT ( ) SI_UNIT ( $, .RADIAN. ) );
#465 = DIRECTION ( 'NONE',  ( 0.000000000000000000, 0.000000000000000000, 1.000000000000000000 ) ) ;
#466 = EDGE_CURVE ( 'NONE', #2292, #3656, #3433, .T. ) ;
#467 = CARTESIAN_POINT ( 'NONE',  ( -0.8750000000000000000, 0.000000000000000000, -3.200000000000000178 ) ) ;
#468 =( GEOMETRIC_REPRESENTATION_CONTEXT ( 3 ) GLOBAL_UNCERTAINTY_ASSIGNED_CONTEXT ( ( #2817 ) ) GLOBAL_UNIT_ASSIGNED_CONTEXT ( ( #1047, #464, #3645 ) ) REPRESENTATION_CONTEXT ( 'NONE', 'WORKASPACE' ) );
#469 = VERTEX_POINT ( 'NONE', #2826 ) ;
#470 = SURFACE_STYLE_USAGE ( .BOTH. , #738 ) ;
#471 = DIRECTION ( 'NONE',  ( 0.000000000000000000, 1.000000000000000000, 0.000000000000000000 ) ) ;
#472 = SURFACE_SIDE_STYLE ('',( #720 ) ) ;
#473 = ORIENTED_EDGE ( 'NONE', *, *, #372, .T. ) ;
#474 = ORIENTED_EDGE ( 'NONE', *, *, #412, .F. ) ;
#475 = CIRCLE ( 'NONE', #2777, 0.2000000000000000944 ) ;
#476 = ORIENTED_EDGE ( 'NONE', *, *, #3720, .T. ) ;
#477 = SURFACE_STYLE_USAGE ( .BOTH. , #3109 ) ;
#478 = DIRECTION ( 'NONE',  ( 0.000000000000000000, 1.000000000000000000, 0.000000000000000000 ) ) ;
#479 = VECTOR ( 'NONE', #2565, 1000.000000000000000 ) ;
#480 = VECTOR ( 'NONE', #3363, 1000.000000000000000 ) ;
#481 = EDGE_CURVE ( 'NONE', #100, #989, #2730, .T. ) ;
#482 = CARTESIAN_POINT ( 'NONE',  ( -1.375000000000000000, 0.000000000000000000, -3.700000000000000178 ) ) ;
#483 = VECTOR ( 'NONE', #2926, 1000.000000000000000 ) ;
#484 = PRESENTATION_STYLE_ASSIGNMENT (( #3095 ) ) ;
#485 = DIRECTION ( 'NONE',  ( 0.000000000000000000, 0.000000000000000000, 1.000000000000000000 ) ) ;
#486 = EDGE_CURVE ( 'NONE', #683, #1688, #1097, .T. ) ;
#487 = AXIS2_PLACEMENT_3D ( 'NONE', #2076, #975, #1498 ) ;
#488 = ADVANCED_FACE ( 'NONE', ( #814 ), #3403, .F. ) ;
#489 =( NAMED_UNIT ( * ) SI_UNIT ( $, .STERADIAN. ) SOLID_ANGLE_UNIT ( ) );
#490 = AXIS2_PLACEMENT_3D ( 'NONE', #2378, #1245, #435 ) ;
#491 = CYLINDRICAL_SURFACE ( 'NONE', #3551, 4.349999999999999645 ) ;
#492 = VECTOR ( 'NONE', #835, 1000.000000000000000 ) ;
#493 = CARTESIAN_POINT ( 'NONE',  ( 0.000000000000000000, 4.500000000000000888, 4.472135954999579610 ) ) ;
#494 = ORIENTED_EDGE ( 'NONE', *, *, #3139, .F. ) ;
#495 = ORIENTED_EDGE ( 'NONE', *, *, #3185, .F. ) ;
#496 = AXIS2_PLACEMENT_3D ( 'NONE', #3727, #2876, #2266 ) ;
#497 =( NAMED_UNIT ( * ) SI_UNIT ( $, .STERADIAN. ) SOLID_ANGLE_UNIT ( ) );
#499 = MECHANICAL_DESIGN_GEOMETRIC_PRESENTATION_REPRESENTATION (  '', ( #858 ), #2430 ) ;
#498 = CARTESIAN_POINT ( 'NONE',  ( 2.939152317953650064E-16, 0.000000000000000000, -1.600000000000000089 ) ) ;
#500 = DIRECTION ( 'NONE',  ( 0.000000000000000000, 0.000000000000000000, 1.000000000000000000 ) ) ;
#501 = CARTESIAN_POINT ( 'NONE',  ( 0.000000000000000000, 5.000000000000000000, 0.000000000000000000 ) ) ;
#502 =( BOUNDED_CURVE ( )  B_SPLINE_CURVE ( 3, ( #715, #1874, #2665, #80 ),
 .UNSPECIFIED., .F., .T. ) 
 B_SPLINE_CURVE_WITH_KNOTS ( ( 4, 4 ),
 ( 0.2500000000000000000, 0.7500000000000000000 ),
 .UNSPECIFIED. ) 
 CURVE ( )  GEOMETRIC_REPRESENTATION_ITEM ( )  RATIONAL_B_SPLINE_CURVE ( ( 1.000000000000000000, 0.3333333333333333703, 0.3333333333333333703, 1.000000000000000000 ) ) 
 REPRESENTATION_ITEM ( '' )  );
#503 =( NAMED_UNIT ( * ) PLANE_ANGLE_UNIT ( ) SI_UNIT ( $, .RADIAN. ) );
#504 = FILL_AREA_STYLE ('',( #860 ) ) ;
#505 = ADVANCED_FACE ( 'NONE', ( #2257 ), #1955, .T. ) ;
#506 = ORIENTED_EDGE ( 'NONE', *, *, #2581, .F. ) ;
#507 = DIRECTION ( 'NONE',  ( 0.000000000000000000, 1.000000000000000000, 0.000000000000000000 ) ) ;
#508 = UNCERTAINTY_MEASURE_WITH_UNIT (LENGTH_MEASURE( 1.000000000000000082E-05 ), #3579, 'distance_accuracy_value', 'NONE');
#509 = FACE_OUTER_BOUND ( 'NONE', #1476, .T. ) ;
#510 = EDGE_LOOP ( 'NONE', ( #3089, #3127, #566, #664 ) ) ;
#511 = VERTEX_POINT ( 'NONE', #3189 ) ;
#512 = FILL_AREA_STYLE_COLOUR ( '', #2653 ) ;
#513 = FILL_AREA_STYLE ('',( #3128 ) ) ;
#514 = DIRECTION ( 'NONE',  ( 1.000000000000000000, -0.000000000000000000, 0.000000000000000000 ) ) ;
#515 = CARTESIAN_POINT ( 'NONE',  ( -0.7999999999999990452, 0.000000000000000000, -1.385640646055100067 ) ) ;
#516 = CARTESIAN_POINT ( 'NONE',  ( 0.7500000000000000000, 4.500000000000000888, 0.2000000000000000944 ) ) ;
#517 = FILL_AREA_STYLE ('',( #3133 ) ) ;
#518 = CARTESIAN_POINT ( 'NONE',  ( -0.8000000000000000444, 4.500000000000000888, 1.585640646055100245 ) ) ;
#519 = SURFACE_STYLE_USAGE ( .BOTH. , #3689 ) ;
#520 = CARTESIAN_POINT ( 'NONE',  ( -7.347880794884122694E-17, 0.000000000000000000, 1.399999999999999911 ) ) ;
#521 = DIRECTION ( 'NONE',  ( 0.000000000000000000, 1.000000000000000000, 0.000000000000000000 ) ) ;
#522 = EDGE_CURVE ( 'NONE', #889, #2750, #2230, .T. ) ;
#523 = CARTESIAN_POINT ( 'NONE',  ( -0.3750000000000000000, 4.500000000000000888, -0.4495190528383289363 ) ) ;
#524 = EDGE_LOOP ( 'NONE', ( #1005, #2196 ) ) ;
#525 = AXIS2_PLACEMENT_3D ( 'NONE', #2554, #2510, #3679 ) ;
#526 = DIRECTION ( 'NONE',  ( -1.000000000000000000, 0.000000000000000000, 0.000000000000000000 ) ) ;
#527 = EDGE_CURVE ( 'NONE', #2583, #395, #3271, .T. ) ;
#528 = ORIENTED_EDGE ( 'NONE', *, *, #3299, .F. ) ;
#529 = ORIENTED_EDGE ( 'NONE', *, *, #3635, .F. ) ;
#530 = DIRECTION ( 'NONE',  ( 0.000000000000000000, 0.000000000000000000, 1.000000000000000000 ) ) ;
#531 = PRESENTATION_STYLE_ASSIGNMENT (( #258 ) ) ;
#532 = DIRECTION ( 'NONE',  ( 0.000000000000000000, 0.000000000000000000, -1.000000000000000000 ) ) ;
#533 = ORIENTED_EDGE ( 'NONE', *, *, #2610, .T. ) ;
#534 = CARTESIAN_POINT ( 'NONE',  ( -2.734561762220730504E-16, 0.3099999999999999978, -3.700000000000000178 ) ) ;
#535 = AXIS2_PLACEMENT_3D ( 'NONE', #650, #1589, #3274 ) ;
#536 = CIRCLE ( 'NONE', #837, 0.1999999999999999833 ) ;
#537 = DIRECTION ( 'NONE',  ( 0.000000000000000000, 0.000000000000000000, 1.000000000000000000 ) ) ;
#538 = VECTOR ( 'NONE', #304, 1000.000000000000000 ) ;
#539 = CYLINDRICAL_SURFACE ( 'NONE', #1405, 0.5000000000000000000 ) ;
#540 = MECHANICAL_DESIGN_GEOMETRIC_PRESENTATION_REPRESENTATION (  '', ( #1507 ), #2724 ) ;
#541 = FACE_OUTER_BOUND ( 'NONE', #1193, .T. ) ;
#542 = SURFACE_STYLE_FILL_AREA ( #226 ) ;
#543 = ORIENTED_EDGE ( 'NONE', *, *, #1979, .T. ) ;
#544 =( NAMED_UNIT ( * ) PLANE_ANGLE_UNIT ( ) SI_UNIT ( $, .RADIAN. ) );
#545 = UNCERTAINTY_MEASURE_WITH_UNIT (LENGTH_MEASURE( 1.000000000000000082E-05 ), #2531, 'distance_accuracy_value', 'NONE');
#546 = PRESENTATION_STYLE_ASSIGNMENT (( #1485 ) ) ;
#547 = AXIS2_PLACEMENT_3D ( 'NONE', #2696, #2407, #977 ) ;
#549 = EDGE_LOOP ( 'NONE', ( #2021, #2419, #2551, #2605 ) ) ;
#548 = AXIS2_PLACEMENT_3D ( 'NONE', #1668, #845, #3461 ) ;
#550 = EDGE_LOOP ( 'NONE', ( #3453, #342, #1372, #3033 ) ) ;
#551 = DIRECTION ( 'NONE',  ( -0.000000000000000000, -1.000000000000000000, -0.000000000000000000 ) ) ;
#552 = EDGE_CURVE ( 'NONE', #2821, #105, #2654, .T. ) ;
#553 = EDGE_CURVE ( 'NONE', #1587, #2925, #3173, .T. ) ;
#554 = STYLED_ITEM ( 'NONE', ( #1860 ), #2468 ) ;
#555 = DIRECTION ( 'NONE',  ( 0.000000000000000000, 0.000000000000000000, -1.000000000000000000 ) ) ;
#556 = APPLICATION_CONTEXT ( 'automotive_design' ) ;
#557 = VERTEX_POINT ( 'NONE', #1722 ) ;
#558 = DIRECTION ( 'NONE',  ( 0.000000000000000000, 0.000000000000000000, 1.000000000000000000 ) ) ;
#559 = STYLED_ITEM ( 'NONE', ( #1484 ), #168 ) ;
#560 = CARTESIAN_POINT ( 'NONE',  ( 0.000000000000000000, 5.250000000000000000, 0.000000000000000000 ) ) ;
#561 = CARTESIAN_POINT ( 'NONE',  ( -1.137180863840569233E-15, 5.000000000000000888, 4.642893218813451739 ) ) ;
#562 = UNCERTAINTY_MEASURE_WITH_UNIT (LENGTH_MEASURE( 1.000000000000000082E-05 ), #1554, 'distance_accuracy_value', 'NONE');
#563 = FACE_BOUND ( 'NONE', #274, .T. ) ;
#564 = COLOUR_RGB ( '',1.000000000000000000, 0.9960784313725490335, 0.9607843137254902244 ) ;
#565 = FILL_AREA_STYLE ('',( #3181 ) ) ;
#566 = ORIENTED_EDGE ( 'NONE', *, *, #3092, .F. ) ;
#567 = CARTESIAN_POINT ( 'NONE',  ( -1.875000000000000000, 0.000000000000000000, -2.700000000000000178 ) ) ;
#568 = ORIENTED_EDGE ( 'NONE', *, *, #3607, .T. ) ;
#569 = DIRECTION ( 'NONE',  ( 0.000000000000000000, 0.000000000000000000, 1.000000000000000000 ) ) ;
#570 = DIRECTION ( 'NONE',  ( -0.000000000000000000, -1.000000000000000000, -0.000000000000000000 ) ) ;
#571 = DIRECTION ( 'NONE',  ( 0.000000000000000000, 0.000000000000000000, 1.000000000000000000 ) ) ;
#572 = EDGE_CURVE ( 'NONE', #2041, #324, #132, .T. ) ;
#573 = CARTESIAN_POINT ( 'NONE',  ( -0.3750000000000000000, 0.000000000000000000, -0.4495190528383289919 ) ) ;
#574 = ORIENTED_EDGE ( 'NONE', *, *, #3166, .T. ) ;
#575 = EDGE_CURVE ( 'NONE', #2199, #1587, #1420, .T. ) ;
#576 = CARTESIAN_POINT ( 'NONE',  ( -0.8750000000000000000, 0.000000000000000000, -3.700000000000000178 ) ) ;
#577 = SURFACE_STYLE_FILL_AREA ( #2371 ) ;
#578 = DIRECTION ( 'NONE',  ( 0.000000000000000000, 0.000000000000000000, 1.000000000000000000 ) ) ;
#579 = CIRCLE ( 'NONE', #3666, 0.5000000000000002220 ) ;
#580 = SURFACE_STYLE_FILL_AREA ( #565 ) ;
#581 = EDGE_LOOP ( 'NONE', ( #1810, #583, #1044, #1041 ) ) ;
#582 = MECHANICAL_DESIGN_GEOMETRIC_PRESENTATION_REPRESENTATION (  '', ( #1557 ), #2705 ) ;
#583 = ORIENTED_EDGE ( 'NONE', *, *, #1906, .F. ) ;
#584 = ORIENTED_EDGE ( 'NONE', *, *, #2948, .F. ) ;
#585 = CARTESIAN_POINT ( 'NONE',  ( -5.873991548605653778E-16, 0.000000000000000000, -4.572135954999580143 ) ) ;
#586 = PRESENTATION_LAYER_ASSIGNMENT (  '', '', ( #56 ) ) ;
#587 = PRESENTATION_LAYER_ASSIGNMENT (  '', '', ( #1254 ) ) ;
#588 = LINE ( 'NONE', #2633, #108 ) ;
#589 = CARTESIAN_POINT ( 'NONE',  ( -0.3750000000000000000, 0.2500000000000000000, -3.200000000000000178 ) ) ;
#590 = COLOUR_RGB ( '',0.7450980392156862919, 0.7450980392156862919, 0.7450980392156862919 ) ;
#591 = ORIENTED_EDGE ( 'NONE', *, *, #3484, .T. ) ;
#592 = ADVANCED_FACE ( 'NONE', ( #875 ), #3272, .T. ) ;
#593 =( GEOMETRIC_REPRESENTATION_CONTEXT ( 3 ) GLOBAL_UNCERTAINTY_ASSIGNED_CONTEXT ( ( #2957 ) ) GLOBAL_UNIT_ASSIGNED_CONTEXT ( ( #1936, #503, #1033 ) ) REPRESENTATION_CONTEXT ( 'NONE', 'WORKASPACE' ) );
#594 = CIRCLE ( 'NONE', #1326, 0.2000000000000000944 ) ;
#595 = DIRECTION ( 'NONE',  ( 0.000000000000000000, 1.000000000000000000, 0.000000000000000000 ) ) ;
#596 = SURFACE_SIDE_STYLE ('',( #577 ) ) ;
#597 = CARTESIAN_POINT ( 'NONE',  ( 9.699999999999999289, 0.09999999999999999167, 4.849999999999999645 ) ) ;
#598 = EDGE_CURVE ( 'NONE', #2127, #3613, #2634, .T. ) ;
#599 = EDGE_CURVE ( 'NONE', #2508, #3675, #2677, .T. ) ;
#600 = EDGE_LOOP ( 'NONE', ( #2123, #1537 ) ) ;
#601 = CIRCLE ( 'NONE', #487, 3.972135954999580054 ) ;
#602 =( LENGTH_UNIT ( ) NAMED_UNIT ( * ) SI_UNIT ( .MILLI., .METRE. ) );
#603 = DIRECTION ( 'NONE',  ( 0.000000000000000000, 0.000000000000000000, 1.000000000000000000 ) ) ;
#604 = VECTOR ( 'NONE', #3501, 1000.000000000000000 ) ;
#605 = FACE_BOUND ( 'NONE', #313, .T. ) ;
#606 = EDGE_LOOP ( 'NONE', ( #2434, #2380, #716, #2805 ) ) ;
#607 = ORIENTED_EDGE ( 'NONE', *, *, #2444, .T. ) ;
#608 = SURFACE_SIDE_STYLE ('',( #873 ) ) ;
#609 =( GEOMETRIC_REPRESENTATION_CONTEXT ( 3 ) GLOBAL_UNCERTAINTY_ASSIGNED_CONTEXT ( ( #2335 ) ) GLOBAL_UNIT_ASSIGNED_CONTEXT ( ( #2809, #2792, #1956 ) ) REPRESENTATION_CONTEXT ( 'NONE', 'WORKASPACE' ) );
#610 = CARTESIAN_POINT ( 'NONE',  ( 0.7500000000000000000, 5.000000000000000000, 9.184850993605150903E-17 ) ) ;
#611 = ORIENTED_EDGE ( 'NONE', *, *, #3025, .F. ) ;
#612 = PLANE ( 'NONE',  #74 ) ;
#613 = CIRCLE ( 'NONE', #1039, 4.349999999999999645 ) ;
#614 = PRESENTATION_STYLE_ASSIGNMENT (( #653 ) ) ;
#615 = DIRECTION ( 'NONE',  ( 0.000000000000000000, 1.000000000000000000, 0.000000000000000000 ) ) ;
#616 =( NAMED_UNIT ( * ) PLANE_ANGLE_UNIT ( ) SI_UNIT ( $, .RADIAN. ) );
#617 =( GEOMETRIC_REPRESENTATION_CONTEXT ( 3 ) GLOBAL_UNCERTAINTY_ASSIGNED_CONTEXT ( ( #1708 ) ) GLOBAL_UNIT_ASSIGNED_CONTEXT ( ( #1689, #791, #2250 ) ) REPRESENTATION_CONTEXT ( 'NONE', 'WORKASPACE' ) );
#618 = EDGE_CURVE ( 'NONE', #88, #3034, #3685, .T. ) ;
#619 = SURFACE_STYLE_FILL_AREA ( #3227 ) ;
#621 = VERTEX_POINT ( 'NONE', #1459 ) ;
#620 = AXIS2_PLACEMENT_3D ( 'NONE', #732, #748, #2741 ) ;
#622 = FILL_AREA_STYLE_COLOUR ( '', #1160 ) ;
#623 =( BOUNDED_CURVE ( )  B_SPLINE_CURVE ( 3, ( #58, #1543, #2699, #981 ),
 .UNSPECIFIED., .F., .F. ) 
 B_SPLINE_CURVE_WITH_KNOTS ( ( 4, 4 ),
 ( 0.2500000000000000000, 0.7500000000000000000 ),
 .UNSPECIFIED. ) 
 CURVE ( )  GEOMETRIC_REPRESENTATION_ITEM ( )  RATIONAL_B_SPLINE_CURVE ( ( 1.000000000000000000, 0.3333333333333333703, 0.3333333333333333703, 1.000000000000000000 ) ) 
 REPRESENTATION_ITEM ( '' )  );
#624 = CARTESIAN_POINT ( 'NONE',  ( 0.8000000000000000444, 4.500000000000000888, 1.385640646055100067 ) ) ;
#625 =( GEOMETRIC_REPRESENTATION_CONTEXT ( 3 ) GLOBAL_UNCERTAINTY_ASSIGNED_CONTEXT ( ( #677 ) ) GLOBAL_UNIT_ASSIGNED_CONTEXT ( ( #2414, #1863, #3079 ) ) REPRESENTATION_CONTEXT ( 'NONE', 'WORKASPACE' ) );
#626 = FACE_BOUND ( 'NONE', #2267, .T. ) ;
#627 = VERTEX_POINT ( 'NONE', #92 ) ;
#628 = EDGE_LOOP ( 'NONE', ( #2802, #1348, #812, #2672 ) ) ;
#629 = CARTESIAN_POINT ( 'NONE',  ( 9.144271909999167391, 0.000000000000000000, -4.572135954999579255 ) ) ;
#630 = DIRECTION ( 'NONE',  ( 0.000000000000000000, 0.000000000000000000, 1.000000000000000000 ) ) ;
#631 = SURFACE_STYLE_FILL_AREA ( #953 ) ;
#632 = VERTEX_POINT ( 'NONE', #2616 ) ;
#633 = DIRECTION ( 'NONE',  ( 0.000000000000000000, 0.000000000000000000, 1.000000000000000000 ) ) ;
#634 = CARTESIAN_POINT ( 'NONE',  ( 1.385640646055100067, 4.500000000000000888, -0.8000000000000000444 ) ) ;
#635 = UNCERTAINTY_MEASURE_WITH_UNIT (LENGTH_MEASURE( 1.000000000000000082E-05 ), #984, 'distance_accuracy_value', 'NONE');
#636 = SURFACE_SIDE_STYLE ('',( #2681 ) ) ;
#637 = CYLINDRICAL_SURFACE ( 'NONE', #3113, 0.2000000000000000111 ) ;
#638 = ORIENTED_EDGE ( 'NONE', *, *, #349, .T. ) ;
#639 = FILL_AREA_STYLE ('',( #622 ) ) ;
#640 = EDGE_CURVE ( 'NONE', #2311, #70, #416, .T. ) ;
#641 = ORIENTED_EDGE ( 'NONE', *, *, #2265, .T. ) ;
#642 = ORIENTED_EDGE ( 'NONE', *, *, #2702, .T. ) ;
#643 = FILL_AREA_STYLE ('',( #2361 ) ) ;
#644 = CARTESIAN_POINT ( 'NONE',  ( -0.5000000000000011102, 0.3099999999999999978, 0.9249999999999989342 ) ) ;
#645 = EDGE_CURVE ( 'NONE', #395, #2583, #536, .T. ) ;
#646 = PLANE ( 'NONE',  #3370 ) ;
#647 = AXIS2_PLACEMENT_3D ( 'NONE', #2591, #3188, #2069 ) ;
#648 = DIRECTION ( 'NONE',  ( 0.000000000000000000, 1.000000000000000000, 0.000000000000000000 ) ) ;
#649 = EDGE_LOOP ( 'NONE', ( #2946, #1669, #2975, #2067 ) ) ;
#650 = CARTESIAN_POINT ( 'NONE',  ( -0.7999999999999990452, 5.000000000000000000, -1.385640646055100067 ) ) ;
#651 = SURFACE_SIDE_STYLE ('',( #3251 ) ) ;
#652 = COLOUR_RGB ( '',0.9529411764705881804, 0.9529411764705881804, 0.9529411764705881804 ) ;
#653 = SURFACE_STYLE_USAGE ( .BOTH. , #319 ) ;
#654 = CARTESIAN_POINT ( 'NONE',  ( -1.375000000000000000, 0.3099999999999999978, 0.000000000000000000 ) ) ;
#655 = DIRECTION ( 'NONE',  ( 0.000000000000000000, 1.000000000000000000, 0.000000000000000000 ) ) ;
#656 = FILL_AREA_STYLE_COLOUR ( '', #2639 ) ;
#657 = AXIS2_PLACEMENT_3D ( 'NONE', #3369, #172, #765 ) ;
#658 = ORIENTED_EDGE ( 'NONE', *, *, #3026, .F. ) ;
#659 = DIRECTION ( 'NONE',  ( 0.000000000000000000, 1.000000000000000000, 0.000000000000000000 ) ) ;
#660 = AXIS2_PLACEMENT_3D ( 'NONE', #3037, #1585, #1311 ) ;
#661 = CARTESIAN_POINT ( 'NONE',  ( -0.3750000000000000000, 0.000000000000000000, -2.700000000000000178 ) ) ;
#662 = AXIS2_PLACEMENT_3D ( 'NONE', #1986, #3505, #569 ) ;
#663 =( NAMED_UNIT ( * ) PLANE_ANGLE_UNIT ( ) SI_UNIT ( $, .RADIAN. ) );
#664 = ORIENTED_EDGE ( 'NONE', *, *, #466, .F. ) ;
#665 = EDGE_LOOP ( 'NONE', ( #1966, #2165, #1713, #2168 ) ) ;
#666 = CYLINDRICAL_SURFACE ( 'NONE', #3083, 0.2000000000000000111 ) ;
#667 = CARTESIAN_POINT ( 'NONE',  ( -8.944271909999159220, 0.04142135623730948402, -4.472135954999580498 ) ) ;
#668 = CARTESIAN_POINT ( 'NONE',  ( 0.000000000000000000, 0.3099999999999999978, 0.000000000000000000 ) ) ;
#669 = EDGE_CURVE ( 'NONE', #1483, #2365, #3336, .T. ) ;
#670 = AXIS2_PLACEMENT_3D ( 'NONE', #3600, #122, #2415 ) ;
#671 = ADVANCED_FACE ( 'NONE', ( #36 ), #2692, .F. ) ;
#672 = VERTEX_POINT ( 'NONE', #3485 ) ;
#673 = AXIS2_PLACEMENT_3D ( 'NONE', #3718, #3404, #3131 ) ;
#674 = DIRECTION ( 'NONE',  ( 0.000000000000000000, 1.000000000000000000, 0.000000000000000000 ) ) ;
#675 = MECHANICAL_DESIGN_GEOMETRIC_PRESENTATION_REPRESENTATION (  '', ( #2539 ), #1215 ) ;
#676 = CARTESIAN_POINT ( 'NONE',  ( -1.375000000000000000, 0.3099999999999999978, -3.200000000000000178 ) ) ;
#677 = UNCERTAINTY_MEASURE_WITH_UNIT (LENGTH_MEASURE( 1.000000000000000082E-05 ), #2414, 'distance_accuracy_value', 'NONE');
#678 = CYLINDRICAL_SURFACE ( 'NONE', #892, 0.2000000000000000944 ) ;
#679 = COLOUR_RGB ( '',0.9529411764705881804, 0.9529411764705881804, 0.9529411764705881804 ) ;
#680 = FACE_OUTER_BOUND ( 'NONE', #628, .T. ) ;
#681 = ORIENTED_EDGE ( 'NONE', *, *, #2265, .F. ) ;
#682 = CIRCLE ( 'NONE', #2075, 0.1999999999999999833 ) ;
#683 = VERTEX_POINT ( 'NONE', #50 ) ;
#684 = VERTEX_POINT ( 'NONE', #1192 ) ;
#685 = PRESENTATION_STYLE_ASSIGNMENT (( #3035 ) ) ;
#687 = AXIS2_PLACEMENT_3D ( 'NONE', #1565, #2172, #465 ) ;
#686 = CARTESIAN_POINT ( 'NONE',  ( 0.000000000000000000, 5.000000000000000000, 0.000000000000000000 ) ) ;
#688 = FILL_AREA_STYLE ('',( #705 ) ) ;
#689 = VERTEX_POINT ( 'NONE', #2656 ) ;
#690 = CARTESIAN_POINT ( 'NONE',  ( -0.7999999999999990452, 5.000000000000000000, -1.585640646055100245 ) ) ;
#691 = LINE ( 'NONE', #3335, #2885 ) ;
#692 = EDGE_CURVE ( 'NONE', #3434, #105, #2520, .T. ) ;
#693 = EDGE_CURVE ( 'NONE', #1640, #2557, #594, .T. ) ;
#694 = SURFACE_STYLE_FILL_AREA ( #408 ) ;
#695 = DIRECTION ( 'NONE',  ( 0.000000000000000000, 1.000000000000000000, 0.000000000000000000 ) ) ;
#696 = PRESENTATION_STYLE_ASSIGNMENT (( #2723 ) ) ;
#697 = EDGE_CURVE ( 'NONE', #2925, #458, #1174, .T. ) ;
#698 = CARTESIAN_POINT ( 'NONE',  ( -0.3750000000000000000, 0.000000000000000000, -3.200000000000000178 ) ) ;
#699 = LINE ( 'NONE', #721, #1453 ) ;
#700 = ORIENTED_EDGE ( 'NONE', *, *, #1241, .T. ) ;
#701 = ORIENTED_EDGE ( 'NONE', *, *, #208, .T. ) ;
#702 = DIRECTION ( 'NONE',  ( 0.000000000000000000, -0.000000000000000000, 1.000000000000000000 ) ) ;
#703 = CARTESIAN_POINT ( 'NONE',  ( -0.7500000000000000000, 4.500000000000000888, 0.2000000000000000111 ) ) ;
#704 =( GEOMETRIC_REPRESENTATION_CONTEXT ( 3 ) GLOBAL_UNCERTAINTY_ASSIGNED_CONTEXT ( ( #2994 ) ) GLOBAL_UNIT_ASSIGNED_CONTEXT ( ( #1060, #856, #297 ) ) REPRESENTATION_CONTEXT ( 'NONE', 'WORKASPACE' ) );
#705 = FILL_AREA_STYLE_COLOUR ( '', #3500 ) ;
#706 = ORIENTED_EDGE ( 'NONE', *, *, #2286, .T. ) ;
#707 = CARTESIAN_POINT ( 'NONE',  ( 0.8000000000000000444, 5.000000000000000000, 1.185640646055099889 ) ) ;
#708 = CARTESIAN_POINT ( 'NONE',  ( -1.600000000000000089, 5.000000000000000000, 0.2000000000000000111 ) ) ;
#709 = FILL_AREA_STYLE_COLOUR ( '', #2097 ) ;
#710 = AXIS2_PLACEMENT_3D ( 'NONE', #2093, #1478, #2638 ) ;
#711 = SURFACE_SIDE_STYLE ('',( #3075 ) ) ;
#712 = AXIS2_PLACEMENT_3D ( 'NONE', #2325, #3482, #2045 ) ;
#713 = CARTESIAN_POINT ( 'NONE',  ( -1.375000000000000000, 0.2500000000000000000, -2.700000000000000178 ) ) ;
#714 = DIRECTION ( 'NONE',  ( 1.224646799147353207E-16, 0.000000000000000000, -1.000000000000000000 ) ) ;
#715 = CARTESIAN_POINT ( 'NONE',  ( -1.428272541967054023E-16, 0.000000000000000000, 4.750000000000000888 ) ) ;
#716 = ORIENTED_EDGE ( 'NONE', *, *, #1056, .F. ) ;
#717 = ADVANCED_FACE ( 'NONE', ( #3546 ), #2326, .F. ) ;
#718 = EDGE_CURVE ( 'NONE', #872, #1227, #3043, .T. ) ;
#719 = CARTESIAN_POINT ( 'NONE',  ( 8.699999999999999289, 5.000000000000000888, 4.349999999999999645 ) ) ;
#720 = SURFACE_STYLE_FILL_AREA ( #1578 ) ;
#721 = CARTESIAN_POINT ( 'NONE',  ( -0.7500000000000000000, 0.000000000000000000, -0.2000000000000000111 ) ) ;
#722 = VERTEX_POINT ( 'NONE', #2752 ) ;
#723 = VERTEX_POINT ( 'NONE', #1642 ) ;
#724 = PRESENTATION_STYLE_ASSIGNMENT (( #3526 ) ) ;
#725 =( NAMED_UNIT ( * ) SI_UNIT ( $, .STERADIAN. ) SOLID_ANGLE_UNIT ( ) );
#726 = STYLED_ITEM ( 'NONE', ( #724 ), #1150 ) ;
#727 = ORIENTED_EDGE ( 'NONE', *, *, #3317, .F. ) ;
#728 = DIRECTION ( 'NONE',  ( 0.000000000000000000, 0.000000000000000000, 1.000000000000000000 ) ) ;
#729 = CARTESIAN_POINT ( 'NONE',  ( 0.000000000000000000, 5.250000000000000000, 0.000000000000000000 ) ) ;
#730 = CARTESIAN_POINT ( 'NONE',  ( -1.600000000000000089, 4.500000000000000888, 0.2000000000000000111 ) ) ;
#731 = CIRCLE ( 'NONE', #844, 0.1999999999999999833 ) ;
#732 = CARTESIAN_POINT ( 'NONE',  ( -0.7999999999999990452, 5.000000000000000000, -1.385640646055100067 ) ) ;
#733 = CARTESIAN_POINT ( 'NONE',  ( -9.500000000000000000, 0.000000000000000000, -4.749999999999997335 ) ) ;
#734 = DIRECTION ( 'NONE',  ( 0.000000000000000000, 0.000000000000000000, 1.000000000000000000 ) ) ;
#735 = PRESENTATION_LAYER_ASSIGNMENT (  '', '', ( #2984 ) ) ;
#736 = MECHANICAL_DESIGN_GEOMETRIC_PRESENTATION_REPRESENTATION (  '', ( #2422 ), #1711 ) ;
#737 = PRESENTATION_STYLE_ASSIGNMENT (( #3631 ) ) ;
#738 = SURFACE_SIDE_STYLE ('',( #2210 ) ) ;
#739 = EDGE_CURVE ( 'NONE', #2898, #3265, #2455, .T. ) ;
#741 = ORIENTED_EDGE ( 'NONE', *, *, #2602, .T. ) ;
#740 = AXIS2_PLACEMENT_3D ( 'NONE', #2795, #2300, #3722 ) ;
#742 = CARTESIAN_POINT ( 'NONE',  ( -8.699999999999997513, 5.000000000000000888, -4.350000000000000533 ) ) ;
#743 =( LENGTH_UNIT ( ) NAMED_UNIT ( * ) SI_UNIT ( .MILLI., .METRE. ) );
#744 = PLANE ( 'NONE',  #1024 ) ;
#745 = ORIENTED_EDGE ( 'NONE', *, *, #1197, .T. ) ;
#746 = DIRECTION ( 'NONE',  ( 0.000000000000000000, 1.000000000000000000, 0.000000000000000000 ) ) ;
#747 = AXIS2_PLACEMENT_3D ( 'NONE', #2704, #2143, #159 ) ;
#748 = DIRECTION ( 'NONE',  ( -0.000000000000000000, -1.000000000000000000, -0.000000000000000000 ) ) ;
#749 =( LENGTH_UNIT ( ) NAMED_UNIT ( * ) SI_UNIT ( .MILLI., .METRE. ) );
#750 = ORIENTED_EDGE ( 'NONE', *, *, #2737, .F. ) ;
#751 = SURFACE_STYLE_USAGE ( .BOTH. , #2778 ) ;
#752 = CARTESIAN_POINT ( 'NONE',  ( -0.7500000000000000000, 5.000000000000000000, 0.000000000000000000 ) ) ;
#753 = EDGE_LOOP ( 'NONE', ( #414, #1755 ) ) ;
#754 = ORIENTED_EDGE ( 'NONE', *, *, #1650, .T. ) ;
#755 = ADVANCED_FACE ( 'NONE', ( #3311 ), #744, .T. ) ;
#756 = EDGE_LOOP ( 'NONE', ( #2253, #2992 ) ) ;
#757 = CARTESIAN_POINT ( 'NONE',  ( 0.8000000000000010436, 0.000000000000000000, -1.185640646055099889 ) ) ;
#758 = EDGE_CURVE ( 'NONE', #1248, #2254, #3071, .T. ) ;
#759 = EDGE_CURVE ( 'NONE', #1070, #2557, #3057, .T. ) ;
#760 = SURFACE_STYLE_FILL_AREA ( #2191 ) ;
#761 = DIRECTION ( 'NONE',  ( 0.000000000000000000, 0.000000000000000000, 1.000000000000000000 ) ) ;
#762 = CARTESIAN_POINT ( 'NONE',  ( -9.797174393178829848E-17, 5.000000000000000000, 1.600000000000000089 ) ) ;
#763 = CIRCLE ( 'NONE', #1740, 0.2000000000000000944 ) ;
#764 = DIRECTION ( 'NONE',  ( 0.000000000000000000, 0.000000000000000000, 1.000000000000000000 ) ) ;
#765 = DIRECTION ( 'NONE',  ( 0.000000000000000000, 0.000000000000000000, 1.000000000000000000 ) ) ;
#766 = PRESENTATION_LAYER_ASSIGNMENT (  '', '', ( #1917 ) ) ;
#767 =( NAMED_UNIT ( * ) PLANE_ANGLE_UNIT ( ) SI_UNIT ( $, .RADIAN. ) );
#768 = PRESENTATION_STYLE_ASSIGNMENT (( #3372 ) ) ;
#769 = PRESENTATION_STYLE_ASSIGNMENT (( #2856 ) ) ;
#770 =( GEOMETRIC_REPRESENTATION_CONTEXT ( 3 ) GLOBAL_UNCERTAINTY_ASSIGNED_CONTEXT ( ( #1691 ) ) GLOBAL_UNIT_ASSIGNED_CONTEXT ( ( #1996, #2811, #268 ) ) REPRESENTATION_CONTEXT ( 'NONE', 'WORKASPACE' ) );
#771 = ORIENTED_EDGE ( 'NONE', *, *, #283, .F. ) ;
#772 = VERTEX_POINT ( 'NONE', #147 ) ;
#773 = COLOUR_RGB ( '',0.9529411764705881804, 0.9529411764705881804, 0.9529411764705881804 ) ;
#774 = DIRECTION ( 'NONE',  ( -0.000000000000000000, -1.000000000000000000, -0.000000000000000000 ) ) ;
#775 =( GEOMETRIC_REPRESENTATION_CONTEXT ( 3 ) GLOBAL_UNCERTAINTY_ASSIGNED_CONTEXT ( ( #1997 ) ) GLOBAL_UNIT_ASSIGNED_CONTEXT ( ( #2947, #2022, #2068 ) ) REPRESENTATION_CONTEXT ( 'NONE', 'WORKASPACE' ) );
#776 = MECHANICAL_DESIGN_GEOMETRIC_PRESENTATION_REPRESENTATION (  '', ( #1926 ), #3263 ) ;
#777 = SURFACE_SIDE_STYLE ('',( #1954 ) ) ;
#778 = ADVANCED_FACE ( 'NONE', ( #1026 ), #1907, .T. ) ;
#779 =( NAMED_UNIT ( * ) SI_UNIT ( $, .STERADIAN. ) SOLID_ANGLE_UNIT ( ) );
#780 =( GEOMETRIC_REPRESENTATION_CONTEXT ( 3 ) GLOBAL_UNCERTAINTY_ASSIGNED_CONTEXT ( ( #902 ) ) GLOBAL_UNIT_ASSIGNED_CONTEXT ( ( #3176, #879, #2516 ) ) REPRESENTATION_CONTEXT ( 'NONE', 'WORKASPACE' ) );
#781 = FACE_BOUND ( 'NONE', #2412, .T. ) ;
#782 = VECTOR ( 'NONE', #3017, 1000.000000000000000 ) ;
#783 = FACE_OUTER_BOUND ( 'NONE', #3305, .T. ) ;
#784 = AXIS2_PLACEMENT_3D ( 'NONE', #281, #2514, #3663 ) ;
#785 = SURFACE_STYLE_USAGE ( .BOTH. , #3388 ) ;
#786 = FACE_OUTER_BOUND ( 'NONE', #834, .T. ) ;
#787 = DIRECTION ( 'NONE',  ( 0.000000000000000000, 0.000000000000000000, 1.000000000000000000 ) ) ;
#788 = CIRCLE ( 'NONE', #255, 0.2000000000000000944 ) ;
#789 = DIRECTION ( 'NONE',  ( -0.000000000000000000, -1.000000000000000000, -0.000000000000000000 ) ) ;
#790 = ORIENTED_EDGE ( 'NONE', *, *, #3317, .T. ) ;
#791 =( NAMED_UNIT ( * ) PLANE_ANGLE_UNIT ( ) SI_UNIT ( $, .RADIAN. ) );
#792 = LINE ( 'NONE', #3146, #1273 ) ;
#793 = ORIENTED_EDGE ( 'NONE', *, *, #3563, .T. ) ;
#794 = EDGE_LOOP ( 'NONE', ( #1967, #87, #1984, #3713 ) ) ;
#795 = CARTESIAN_POINT ( 'NONE',  ( 5.939536975864662969E-16, 4.500000000000000888, -4.850000000000000533 ) ) ;
#797 = AXIS2_PLACEMENT_3D ( 'NONE', #2601, #2285, #865 ) ;
#796 = CARTESIAN_POINT ( 'NONE',  ( 1.375000000000000000, 0.3099999999999995537, 0.9249999999999986011 ) ) ;
#798 = LINE ( 'NONE', #1091, #1706 ) ;
#799 = DIRECTION ( 'NONE',  ( 0.000000000000000000, 1.000000000000000000, 0.000000000000000000 ) ) ;
#800 = AXIS2_PLACEMENT_3D ( 'NONE', #311, #2669, #3539 ) ;
#801 = CARTESIAN_POINT ( 'NONE',  ( 2.449293598294706538E-17, 0.000000000000000000, -0.2000000000000000111 ) ) ;
#802 = DIRECTION ( 'NONE',  ( -0.000000000000000000, -1.000000000000000000, -0.000000000000000000 ) ) ;
#803 = FILL_AREA_STYLE ('',( #1122 ) ) ;
#804 = CARTESIAN_POINT ( 'NONE',  ( -1.375000000000000000, 0.2500000000000000000, -3.200000000000000178 ) ) ;
#805 = EDGE_CURVE ( 'NONE', #1230, #3434, #242, .T. ) ;
#806 = CARTESIAN_POINT ( 'NONE',  ( 0.6875000000000000000, -0.06000000000000010186, 1.407804308182929898 ) ) ;
#807 = VERTEX_POINT ( 'NONE', #2477 ) ;
#808 = DIRECTION ( 'NONE',  ( 0.000000000000000000, 1.000000000000000000, 0.000000000000000000 ) ) ;
#809 = UNCERTAINTY_MEASURE_WITH_UNIT (LENGTH_MEASURE( 1.000000000000000082E-05 ), #1534, 'distance_accuracy_value', 'NONE');
#810 = DIRECTION ( 'NONE',  ( 0.000000000000000000, 1.000000000000000000, 0.000000000000000000 ) ) ;
#811 = ORIENTED_EDGE ( 'NONE', *, *, #1646, .T. ) ;
#812 = ORIENTED_EDGE ( 'NONE', *, *, #1541, .T. ) ;
#813 = PRESENTATION_STYLE_ASSIGNMENT (( #3451 ) ) ;
#814 = FACE_OUTER_BOUND ( 'NONE', #3599, .T. ) ;
#815 = ORIENTED_EDGE ( 'NONE', *, *, #486, .T. ) ;
#816 = DIRECTION ( 'NONE',  ( 0.000000000000000000, 0.000000000000000000, 1.000000000000000000 ) ) ;
#817 =( NAMED_UNIT ( * ) SI_UNIT ( $, .STERADIAN. ) SOLID_ANGLE_UNIT ( ) );
#818 = CARTESIAN_POINT ( 'NONE',  ( -0.8000000000000000444, 0.000000000000000000, 1.185640646055099889 ) ) ;
#819 = CARTESIAN_POINT ( 'NONE',  ( -8.699999999999999289, 5.000000000000000888, -4.350000000000000533 ) ) ;
#820 = UNCERTAINTY_MEASURE_WITH_UNIT (LENGTH_MEASURE( 1.000000000000000082E-05 ), #2842, 'distance_accuracy_value', 'NONE');
#821 = CARTESIAN_POINT ( 'NONE',  ( 0.3750000000000000000, 0.000000000000000000, -0.8495190528383289585 ) ) ;
#822 = FACE_BOUND ( 'NONE', #3069, .T. ) ;
#823 = CARTESIAN_POINT ( 'NONE',  ( -0.7999999999999990452, 4.500000000000000888, -1.385640646055100067 ) ) ;
#824 = ADVANCED_FACE ( 'NONE', ( #993 ), #2649, .T. ) ;
#825 = ORIENTED_EDGE ( 'NONE', *, *, #1468, .T. ) ;
#826 = AXIS2_PLACEMENT_3D ( 'NONE', #634, #615, #2302 ) ;
#827 = SURFACE_STYLE_USAGE ( .BOTH. , #868 ) ;
#828 =( LENGTH_UNIT ( ) NAMED_UNIT ( * ) SI_UNIT ( .MILLI., .METRE. ) );
#829 = AXIS2_PLACEMENT_3D ( 'NONE', #2388, #2743, #3339 ) ;
#830 = ORIENTED_EDGE ( 'NONE', *, *, #1428, .F. ) ;
#831 = ORIENTED_EDGE ( 'NONE', *, *, #195, .T. ) ;
#832 = FILL_AREA_STYLE_COLOUR ( '', #3086 ) ;
#833 = CARTESIAN_POINT ( 'NONE',  ( 0.7477172270407986820, -0.06000000000000015737, 2.427282772959203250 ) ) ;
#834 = EDGE_LOOP ( 'NONE', ( #815, #641, #2179, #463 ) ) ;
#835 = DIRECTION ( 'NONE',  ( 0.000000000000000000, 0.000000000000000000, 1.000000000000000000 ) ) ;
#836 = CIRCLE ( 'NONE', #535, 0.2000000000000000944 ) ;
#837 = AXIS2_PLACEMENT_3D ( 'NONE', #1536, #648, #2072 ) ;
#838 = CARTESIAN_POINT ( 'NONE',  ( 2.939152317953650064E-16, 5.000000000000000000, -1.600000000000000089 ) ) ;
#839 = MECHANICAL_DESIGN_GEOMETRIC_PRESENTATION_REPRESENTATION (  '', ( #1641 ), #1820 ) ;
#840 =( NAMED_UNIT ( * ) PLANE_ANGLE_UNIT ( ) SI_UNIT ( $, .RADIAN. ) );
#841 = CARTESIAN_POINT ( 'NONE',  ( 0.000000000000000000, 4.500000000000000888, 4.850000000000000533 ) ) ;
#842 = CARTESIAN_POINT ( 'NONE',  ( 9.499999999999998224, 0.000000000000000000, -4.750000000000000000 ) ) ;
#843 = CIRCLE ( 'NONE', #966, 0.2000000000000000111 ) ;
#844 = AXIS2_PLACEMENT_3D ( 'NONE', #1982, #42, #1184 ) ;
#845 = DIRECTION ( 'NONE',  ( 0.000000000000000000, 1.000000000000000000, 0.000000000000000000 ) ) ;
#846 = EDGE_LOOP ( 'NONE', ( #706, #233, #2840, #3543 ) ) ;
#847 = SURFACE_STYLE_USAGE ( .BOTH. , #2268 ) ;
#848 =( LENGTH_UNIT ( ) NAMED_UNIT ( * ) SI_UNIT ( .MILLI., .METRE. ) );
#849 = ADVANCED_FACE ( 'NONE', ( #2208 ), #1922, .F. ) ;
#851 = ORIENTED_EDGE ( 'NONE', *, *, #553, .F. ) ;
#850 = STYLED_ITEM ( 'NONE', ( #2939 ), #2327 ) ;
#852 = ORIENTED_EDGE ( 'NONE', *, *, #692, .F. ) ;
#853 = CARTESIAN_POINT ( 'NONE',  ( -1.375000000000000000, 0.000000000000000000, -3.700000000000000178 ) ) ;
#854 =( LENGTH_UNIT ( ) NAMED_UNIT ( * ) SI_UNIT ( .MILLI., .METRE. ) );
#855 = EDGE_CURVE ( 'NONE', #174, #2199, #1298, .T. ) ;
#856 =( NAMED_UNIT ( * ) PLANE_ANGLE_UNIT ( ) SI_UNIT ( $, .RADIAN. ) );
#857 = ORIENTED_EDGE ( 'NONE', *, *, #3441, .T. ) ;
#858 = STYLED_ITEM ( 'NONE', ( #880 ), #2609 ) ;
#859 = VECTOR ( 'NONE', #2766, 1000.000000000000000 ) ;
#860 = FILL_AREA_STYLE_COLOUR ( '', #2136 ) ;
#861 = DIRECTION ( 'NONE',  ( 0.000000000000000000, 0.000000000000000000, 1.000000000000000000 ) ) ;
#862 = UNCERTAINTY_MEASURE_WITH_UNIT (LENGTH_MEASURE( 1.000000000000000082E-05 ), #749, 'distance_accuracy_value', 'NONE');
#863 = FACE_BOUND ( 'NONE', #2085, .T. ) ;
#864 =( GEOMETRIC_REPRESENTATION_CONTEXT ( 3 ) GLOBAL_UNCERTAINTY_ASSIGNED_CONTEXT ( ( #1392 ) ) GLOBAL_UNIT_ASSIGNED_CONTEXT ( ( #2193, #3314, #1336 ) ) REPRESENTATION_CONTEXT ( 'NONE', 'WORKASPACE' ) );
#865 = DIRECTION ( 'NONE',  ( 0.000000000000000000, 0.000000000000000000, 1.000000000000000000 ) ) ;
#866 = PLANE ( 'NONE',  #375 ) ;
#867 = EDGE_LOOP ( 'NONE', ( #3364, #1454 ) ) ;
#868 = SURFACE_SIDE_STYLE ('',( #3670 ) ) ;
#869 = CARTESIAN_POINT ( 'NONE',  ( -2.734561762220730504E-16, 0.3099999999999999978, -3.200000000000000178 ) ) ;
#870 = EDGE_CURVE ( 'NONE', #723, #316, #2348, .T. ) ;
#871 = ORIENTED_EDGE ( 'NONE', *, *, #1667, .F. ) ;
#872 = VERTEX_POINT ( 'NONE', #3605 ) ;
#873 = SURFACE_STYLE_FILL_AREA ( #912 ) ;
#874 = CARTESIAN_POINT ( 'NONE',  ( 8.944271909999160997, 0.09999999999999999167, 4.472135954999587604 ) ) ;
#875 = FACE_OUTER_BOUND ( 'NONE', #1086, .T. ) ;
#876 = ADVANCED_FACE ( 'NONE', ( #3313 ), #2403, .T. ) ;
#877 = EDGE_CURVE ( 'NONE', #3293, #1227, #961, .T. ) ;
#878 = ORIENTED_EDGE ( 'NONE', *, *, #1575, .F. ) ;
#879 =( NAMED_UNIT ( * ) PLANE_ANGLE_UNIT ( ) SI_UNIT ( $, .RADIAN. ) );
#880 = PRESENTATION_STYLE_ASSIGNMENT (( #3552 ) ) ;
#881 = DIRECTION ( 'NONE',  ( -0.000000000000000000, -1.000000000000000000, -0.000000000000000000 ) ) ;
#882 = FACE_BOUND ( 'NONE', #164, .T. ) ;
#883 = PRESENTATION_STYLE_ASSIGNMENT (( #305 ) ) ;
#884 = PRESENTATION_STYLE_ASSIGNMENT (( #322 ) ) ;
#885 = ORIENTED_EDGE ( 'NONE', *, *, #2100, .F. ) ;
#886 = CIRCLE ( 'NONE', #3550, 0.1999999999999999833 ) ;
#887 = SURFACE_SIDE_STYLE ('',( #3730 ) ) ;
#888 = AXIS2_PLACEMENT_3D ( 'NONE', #1007, #130, #1293 ) ;
#889 = VERTEX_POINT ( 'NONE', #707 ) ;
#890 = CYLINDRICAL_SURFACE ( 'NONE', #2277, 3.972135954999580054 ) ;
#891 =( GEOMETRIC_REPRESENTATION_CONTEXT ( 3 ) GLOBAL_UNCERTAINTY_ASSIGNED_CONTEXT ( ( #3328 ) ) GLOBAL_UNIT_ASSIGNED_CONTEXT ( ( #77, #320, #303 ) ) REPRESENTATION_CONTEXT ( 'NONE', 'WORKASPACE' ) );
#892 = AXIS2_PLACEMENT_3D ( 'NONE', #2593, #2825, #500 ) ;
#893 = FILL_AREA_STYLE_COLOUR ( '', #899 ) ;
#894 = ORIENTED_EDGE ( 'NONE', *, *, #1359, .T. ) ;
#895 =( NAMED_UNIT ( * ) SI_UNIT ( $, .STERADIAN. ) SOLID_ANGLE_UNIT ( ) );
#896 = EDGE_CURVE ( 'NONE', #2966, #3169, #475, .T. ) ;
#897 = FACE_OUTER_BOUND ( 'NONE', #963, .T. ) ;
#898 = AXIS2_PLACEMENT_3D ( 'NONE', #2217, #774, #3233 ) ;
#899 = COLOUR_RGB ( '',0.9529411764705881804, 0.9529411764705881804, 0.9529411764705881804 ) ;
#900 = CARTESIAN_POINT ( 'NONE',  ( -1.385640646055100067, 0.000000000000000000, 0.8000000000000000444 ) ) ;
#901 = CARTESIAN_POINT ( 'NONE',  ( -0.8000000000000000444, 5.000000000000000000, 1.385640646055100067 ) ) ;
#902 = UNCERTAINTY_MEASURE_WITH_UNIT (LENGTH_MEASURE( 1.000000000000000082E-05 ), #3176, 'distance_accuracy_value', 'NONE');
#903 = DIRECTION ( 'NONE',  ( 0.000000000000000000, 0.000000000000000000, 1.000000000000000000 ) ) ;
#904 = AXIS2_PLACEMENT_3D ( 'NONE', #441, #384, #1851 ) ;
#905 = CARTESIAN_POINT ( 'NONE',  ( 1.600000000000000089, 0.000000000000000000, 0.2000000000000002054 ) ) ;
#906 = ORIENTED_EDGE ( 'NONE', *, *, #1666, .T. ) ;
#907 = PRESENTATION_STYLE_ASSIGNMENT (( #2879 ) ) ;
#908 = MECHANICAL_DESIGN_GEOMETRIC_PRESENTATION_REPRESENTATION (  '', ( #1209 ), #249 ) ;
#909 = FACE_BOUND ( 'NONE', #2902, .T. ) ;
#910 =( BOUNDED_SURFACE ( )  B_SPLINE_SURFACE ( 3, 3, ( 
 ( #2969, #368, #1173, #1515 ),
 ( #2383, #2313, #3269, #2676 ),
 ( #1233, #667, #1847, #1619 ),
 ( #396, #1549, #2763, #2470 ) ),
 .UNSPECIFIED., .F., .F., .F. ) 
 B_SPLINE_SURFACE_WITH_KNOTS ( ( 4, 4 ),
 ( 4, 4 ),
 ( 0.000000000000000000, 1.000000000000000000 ),
 ( 0.000000000000000000, 1.000000000000000000 ),
 .UNSPECIFIED. ) 
 GEOMETRIC_REPRESENTATION_ITEM ( )  RATIONAL_B_SPLINE_SURFACE ( (
 ( 1.000000000000000000, 0.3333333333333334259, 0.3333333333333334259, 1.000000000000000000),
 ( 0.8047378541243649375, 0.2682459513747884050, 0.2682459513747884050, 0.8047378541243649375),
 ( 0.8047378541243649375, 0.2682459513747884050, 0.2682459513747884050, 0.8047378541243649375),
 ( 1.000000000000000000, 0.3333333333333334259, 0.3333333333333334259, 1.000000000000000000) ) ) 
 REPRESENTATION_ITEM ( '' )  SURFACE ( )  );
#911 = ORIENTED_EDGE ( 'NONE', *, *, #2108, .F. ) ;
#912 = FILL_AREA_STYLE ('',( #2904 ) ) ;
#913 = MECHANICAL_DESIGN_GEOMETRIC_PRESENTATION_REPRESENTATION (  '', ( #3580 ), #2666 ) ;
#914 = CIRCLE ( 'NONE', #496, 0.2000000000000000111 ) ;
#915 = DIRECTION ( 'NONE',  ( 1.000000000000000000, 0.000000000000000000, 0.000000000000000000 ) ) ;
#916 = VERTEX_POINT ( 'NONE', #690 ) ;
#917 = COLOUR_RGB ( '',0.9529411764705881804, 0.9529411764705881804, 0.9529411764705881804 ) ;
#918 =( GEOMETRIC_REPRESENTATION_CONTEXT ( 3 ) GLOBAL_UNCERTAINTY_ASSIGNED_CONTEXT ( ( #145 ) ) GLOBAL_UNIT_ASSIGNED_CONTEXT ( ( #2938, #2566, #3439 ) ) REPRESENTATION_CONTEXT ( 'NONE', 'WORKASPACE' ) );
#919 = CARTESIAN_POINT ( 'NONE',  ( 0.000000000000000000, 4.500000000000000888, 0.2000000000000000111 ) ) ;
#920 = EDGE_CURVE ( 'NONE', #916, #1421, #836, .T. ) ;
#921 = CARTESIAN_POINT ( 'NONE',  ( 0.8000000000000010436, 0.000000000000000000, -1.585640646055100245 ) ) ;
#922 = CARTESIAN_POINT ( 'NONE',  ( -0.7999999999999990452, 5.000000000000000000, -1.185640646055099889 ) ) ;
#923 = DIRECTION ( 'NONE',  ( -0.000000000000000000, 1.000000000000000000, 0.000000000000000000 ) ) ;
#925 = ORIENTED_EDGE ( 'NONE', *, *, #1983, .F. ) ;
#924 = COLOUR_RGB ( '',0.9529411764705881804, 0.9529411764705881804, 0.9529411764705881804 ) ;
#926 = EDGE_CURVE ( 'NONE', #3544, #2098, #1050, .T. ) ;
#927 = CARTESIAN_POINT ( 'NONE',  ( 3.184081677783121149E-16, 4.500000000000000888, -1.800000000000000266 ) ) ;
#928 = AXIS2_PLACEMENT_3D ( 'NONE', #501, #3130, #2294 ) ;
#929 = FACE_BOUND ( 'NONE', #256, .T. ) ;
#930 = ORIENTED_EDGE ( 'NONE', *, *, #1807, .F. ) ;
#931 = ORIENTED_EDGE ( 'NONE', *, *, #2312, .T. ) ;
#932 = DIRECTION ( 'NONE',  ( 0.000000000000000000, 0.000000000000000000, 1.000000000000000000 ) ) ;
#933 = DIRECTION ( 'NONE',  ( 0.000000000000000000, 0.000000000000000000, 1.000000000000000000 ) ) ;
#934 = PLANE ( 'NONE',  #223 ) ;
#935 = DIRECTION ( 'NONE',  ( -0.000000000000000000, 1.000000000000000000, 0.000000000000000000 ) ) ;
#936 = EDGE_LOOP ( 'NONE', ( #825, #1275 ) ) ;
#937 = CARTESIAN_POINT ( 'NONE',  ( 0.000000000000000000, 4.500000000000000888, 0.000000000000000000 ) ) ;
#938 = PLANE ( 'NONE',  #2164 ) ;
#939 = DIRECTION ( 'NONE',  ( 0.000000000000000000, 0.000000000000000000, 1.000000000000000000 ) ) ;
#940 = CARTESIAN_POINT ( 'NONE',  ( -1.600000000000000089, 0.000000000000000000, 0.000000000000000000 ) ) ;
#941 = UNCERTAINTY_MEASURE_WITH_UNIT (LENGTH_MEASURE( 1.000000000000000082E-05 ), #2858, 'distance_accuracy_value', 'NONE');
#942 = CARTESIAN_POINT ( 'NONE',  ( -2.525177376259560129E-16, 4.500000000000000888, -1.034389230519700008E-16 ) ) ;
#943 =( NAMED_UNIT ( * ) PLANE_ANGLE_UNIT ( ) SI_UNIT ( $, .RADIAN. ) );
#944 = LINE ( 'NONE', #3284, #1835 ) ;
#945 = ORIENTED_EDGE ( 'NONE', *, *, #3407, .T. ) ;
#946 = LINE ( 'NONE', #3498, #1525 ) ;
#947 = CYLINDRICAL_SURFACE ( 'NONE', #1449, 3.972135954999580054 ) ;
#948 = EDGE_CURVE ( 'NONE', #2041, #807, #3270, .T. ) ;
#949 = EDGE_CURVE ( 'NONE', #2965, #3565, #3096, .T. ) ;
#950 = VERTEX_POINT ( 'NONE', #2716 ) ;
#951 = ORIENTED_EDGE ( 'NONE', *, *, #1958, .T. ) ;
#952 = FILL_AREA_STYLE_COLOUR ( '', #1975 ) ;
#953 = FILL_AREA_STYLE ('',( #893 ) ) ;
#954 = ORIENTED_EDGE ( 'NONE', *, *, #2819, .F. ) ;
#955 = DIRECTION ( 'NONE',  ( 1.000000000000000000, 0.000000000000000000, -6.344131569286609929E-16 ) ) ;
#956 = AXIS2_PLACEMENT_3D ( 'NONE', #2334, #2641, #734 ) ;
#957 = CARTESIAN_POINT ( 'NONE',  ( -0.8750000000000000000, 0.000000000000000000, -2.700000000000000178 ) ) ;
#958 = FILL_AREA_STYLE ('',( #3553 ) ) ;
#959 = DIRECTION ( 'NONE',  ( -0.000000000000000000, -1.000000000000000000, 0.000000000000000000 ) ) ;
#960 = DIRECTION ( 'NONE',  ( 0.000000000000000000, 1.000000000000000000, 0.000000000000000000 ) ) ;
#961 = CIRCLE ( 'NONE', #2046, 0.8750000000000031086 ) ;
#962 = FACE_OUTER_BOUND ( 'NONE', #1146, .T. ) ;
#963 = EDGE_LOOP ( 'NONE', ( #2200, #1868 ) ) ;
#964 = FILL_AREA_STYLE ('',( #2987 ) ) ;
#965 = COLOUR_RGB ( '',1.000000000000000000, 0.9960784313725490335, 0.9607843137254902244 ) ;
#966 = AXIS2_PLACEMENT_3D ( 'NONE', #1857, #357, #2355 ) ;
#967 = SURFACE_STYLE_USAGE ( .BOTH. , #86 ) ;
#968 = ORIENTED_EDGE ( 'NONE', *, *, #2490, .T. ) ;
#969 = EDGE_LOOP ( 'NONE', ( #3264, #3503, #3447, #852 ) ) ;
#970 = FILL_AREA_STYLE_COLOUR ( '', #2182 ) ;
#971 = EDGE_CURVE ( 'NONE', #3084, #70, #1869, .T. ) ;
#972 = CARTESIAN_POINT ( 'NONE',  ( -1.385640646055100067, 0.000000000000000000, -1.000000000000001110 ) ) ;
#973 = CIRCLE ( 'NONE', #670, 4.850000000000000533 ) ;
#974 = EDGE_CURVE ( 'NONE', #215, #621, #2585, .T. ) ;
#975 = DIRECTION ( 'NONE',  ( -0.000000000000000000, -1.000000000000000000, -0.000000000000000000 ) ) ;
#976 = AXIS2_PLACEMENT_3D ( 'NONE', #515, #1354, #1367 ) ;
#977 = DIRECTION ( 'NONE',  ( 0.000000000000000000, 0.000000000000000000, 1.000000000000000000 ) ) ;
#978 = VECTOR ( 'NONE', #250, 1000.000000000000000 ) ;
#979 = CARTESIAN_POINT ( 'NONE',  ( -0.5000000000000000000, 0.3099999999999999978, 0.000000000000000000 ) ) ;
#980 = UNCERTAINTY_MEASURE_WITH_UNIT (LENGTH_MEASURE( 1.000000000000000082E-05 ), #1009, 'distance_accuracy_value', 'NONE');
#981 = CARTESIAN_POINT ( 'NONE',  ( 8.673617379884035472E-16, 5.000000000000000888, 4.349999999999999645 ) ) ;
#982 = SURFACE_SIDE_STYLE ('',( #156 ) ) ;
#983 = CARTESIAN_POINT ( 'NONE',  ( 0.7500000000000000000, 0.000000000000000000, 9.184850993605150903E-17 ) ) ;
#984 =( LENGTH_UNIT ( ) NAMED_UNIT ( * ) SI_UNIT ( .MILLI., .METRE. ) );
#985 = VECTOR ( 'NONE', #2621, 1000.000000000000000 ) ;
#986 = CLOSED_SHELL ( 'NONE', ( #1905, #3518, #3008, #3422, #1609, #2505, #2772, #1149, #2655, #3140, #1935, #3701, #2131, #3275, #3298, #1150, #2201, #1812, #2843, #849, #3536, #3726, #1603, #671, #284, #1829, #213, #1267, #262, #2008, #2159, #3362, #3655, #3671, #2426, #2484, #998, #2468, #2309, #3244, #488, #73, #2708, #1919, #717, #2327, #1098, #2609, #2154, #3445, #2895, #2738, #1317, #1766, #1448, #3382, #1630, #3093, #2322, #2973, #3633, #755, #505, #3121, #592, #2917, #1427, #2974, #394, #2081, #168, #992, #778, #824, #309, #254, #1222, #2395, #102, #876, #2107 ) ) ;
#987 = CARTESIAN_POINT ( 'NONE',  ( -1.600000000000000089, 0.000000000000000000, 0.000000000000000000 ) ) ;
#988 = ORIENTED_EDGE ( 'NONE', *, *, #1881, .F. ) ;
#989 = VERTEX_POINT ( 'NONE', #2790 ) ;
#991 = CIRCLE ( 'NONE', #1464, 0.1999999999999999833 ) ;
#990 = DIRECTION ( 'NONE',  ( -0.000000000000000000, 0.000000000000000000, -1.000000000000000000 ) ) ;
#992 = ADVANCED_FACE ( 'NONE', ( #2509 ), #1332, .T. ) ;
#993 = FACE_OUTER_BOUND ( 'NONE', #2315, .T. ) ;
#994 = VERTEX_POINT ( 'NONE', #1365 ) ;
#995 = CARTESIAN_POINT ( 'NONE',  ( 0.8000000000000010436, 5.000000000000000000, -1.385640646055100067 ) ) ;
#996 = CARTESIAN_POINT ( 'NONE',  ( 0.3750000000000000000, 0.000000000000000000, 0.8495190528383289585 ) ) ;
#997 = CARTESIAN_POINT ( 'NONE',  ( 0.000000000000000000, 0.2999999999999999889, 4.472135954999579610 ) ) ;
#998 = ADVANCED_FACE ( 'NONE', ( #1916 ), #2235, .F. ) ;
#999 = EDGE_CURVE ( 'NONE', #1125, #3547, #2226, .T. ) ;
#1000 = FILL_AREA_STYLE_COLOUR ( '', #3528 ) ;
#1001 = DIRECTION ( 'NONE',  ( -0.000000000000000000, 0.000000000000000000, -1.000000000000000000 ) ) ;
#1002 = ORIENTED_EDGE ( 'NONE', *, *, #444, .F. ) ;
#1003 = CARTESIAN_POINT ( 'NONE',  ( 0.000000000000000000, 5.000000000000000888, 4.349999999999999645 ) ) ;
#1004 = VERTEX_POINT ( 'NONE', #795 ) ;
#1005 = ORIENTED_EDGE ( 'NONE', *, *, #283, .T. ) ;
#1006 = UNCERTAINTY_MEASURE_WITH_UNIT (LENGTH_MEASURE( 1.000000000000000082E-05 ), #1117, 'distance_accuracy_value', 'NONE');
#1007 = CARTESIAN_POINT ( 'NONE',  ( 0.000000000000000000, 0.000000000000000000, 0.000000000000000000 ) ) ;
#1008 = MECHANICAL_DESIGN_GEOMETRIC_PRESENTATION_REPRESENTATION (  '', ( #1481 ), #1180 ) ;
#1009 =( LENGTH_UNIT ( ) NAMED_UNIT ( * ) SI_UNIT ( .MILLI., .METRE. ) );
#1010 = EDGE_LOOP ( 'NONE', ( #3067, #2270, #1884, #2945 ) ) ;
#1011 = ORIENTED_EDGE ( 'NONE', *, *, #1246, .T. ) ;
#1012 = SURFACE_SIDE_STYLE ('',( #2694 ) ) ;
#1013 = DIRECTION ( 'NONE',  ( -0.000000000000000000, -1.000000000000000000, -0.000000000000000000 ) ) ;
#1014 = CIRCLE ( 'NONE', #1866, 4.850000000000000533 ) ;
#1015 =( BOUNDED_CURVE ( )  B_SPLINE_CURVE ( 3, ( #1232, #2927, #1491, #644 ),
 .UNSPECIFIED., .F., .T. ) 
 B_SPLINE_CURVE_WITH_KNOTS ( ( 4, 4 ),
 ( 4.712388980384689674, 6.020163104271116339 ),
 .UNSPECIFIED. ) 
 CURVE ( )  GEOMETRIC_REPRESENTATION_ITEM ( )  RATIONAL_B_SPLINE_CURVE ( ( 1.000000000000000000, 0.8624835955462516468, 0.8624835955462516468, 1.000000000000000000 ) ) 
 REPRESENTATION_ITEM ( '' )  );
#1016 = CARTESIAN_POINT ( 'NONE',  ( -2.734561762220730504E-16, 0.3099999999999999978, -2.700000000000000178 ) ) ;
#1017 = LINE ( 'NONE', #467, #69 ) ;
#1018 = EDGE_CURVE ( 'NONE', #2450, #3169, #1951, .T. ) ;
#1019 = COLOUR_RGB ( '',0.9529411764705881804, 0.9529411764705881804, 0.9529411764705881804 ) ;
#1020 = DIRECTION ( 'NONE',  ( 0.000000000000000000, 1.000000000000000000, 0.000000000000000000 ) ) ;
#1021 =( NAMED_UNIT ( * ) PLANE_ANGLE_UNIT ( ) SI_UNIT ( $, .RADIAN. ) );
#1022 = VERTEX_POINT ( 'NONE', #1058 ) ;
#1023 = COLOUR_RGB ( '',0.9529411764705881804, 0.9529411764705881804, 0.9529411764705881804 ) ;
#1024 = AXIS2_PLACEMENT_3D ( 'NONE', #2787, #2439, #3620 ) ;
#1025 = CARTESIAN_POINT ( 'NONE',  ( -1.375000000000000000, 0.2500000000000000000, -2.200000000000000178 ) ) ;
#1026 = FACE_OUTER_BOUND ( 'NONE', #3241, .T. ) ;
#1027 = ORIENTED_EDGE ( 'NONE', *, *, #3166, .F. ) ;
#1028 = ORIENTED_EDGE ( 'NONE', *, *, #1788, .T. ) ;
#1029 = DIRECTION ( 'NONE',  ( -0.000000000000000000, -1.000000000000000000, -0.000000000000000000 ) ) ;
#1030 = COLOUR_RGB ( '',0.000000000000000000, 0.000000000000000000, 0.000000000000000000 ) ;
#1031 =( NAMED_UNIT ( * ) PLANE_ANGLE_UNIT ( ) SI_UNIT ( $, .RADIAN. ) );
#1032 = DIRECTION ( 'NONE',  ( 0.000000000000000000, 0.000000000000000000, 1.000000000000000000 ) ) ;
#1033 =( NAMED_UNIT ( * ) SI_UNIT ( $, .STERADIAN. ) SOLID_ANGLE_UNIT ( ) );
#1034 = AXIS2_PLACEMENT_3D ( 'NONE', #987, #2145, #2102 ) ;
#1035 = CARTESIAN_POINT ( 'NONE',  ( 0.8000000000000010436, 4.500000000000000888, -1.385640646055100067 ) ) ;
#1036 = EDGE_LOOP ( 'NONE', ( #218, #2624 ) ) ;
#1037 = CARTESIAN_POINT ( 'NONE',  ( -2.734561762220730504E-16, 0.3099999999999999978, 2.674999999999999822 ) ) ;
#1038 = EDGE_CURVE ( 'NONE', #2572, #1915, #415, .T. ) ;
#1040 = ORIENTED_EDGE ( 'NONE', *, *, #920, .F. ) ;
#1039 = AXIS2_PLACEMENT_3D ( 'NONE', #560, #802, #1957 ) ;
#1041 = ORIENTED_EDGE ( 'NONE', *, *, #2527, .T. ) ;
#1042 = VECTOR ( 'NONE', #3619, 1000.000000000000000 ) ;
#1043 = PRODUCT_DEFINITION_SHAPE ( 'NONE', 'NONE',  #3134 ) ;
#1044 = ORIENTED_EDGE ( 'NONE', *, *, #412, .T. ) ;
#1045 = PRESENTATION_STYLE_ASSIGNMENT (( #477 ) ) ;
#1046 = PRESENTATION_LAYER_ASSIGNMENT (  '', '', ( #1952 ) ) ;
#1047 =( LENGTH_UNIT ( ) NAMED_UNIT ( * ) SI_UNIT ( .MILLI., .METRE. ) );
#1048 = DIRECTION ( 'NONE',  ( -1.000000000000000000, -0.000000000000000000, 0.000000000000000000 ) ) ;
#1049 = SURFACE_STYLE_USAGE ( .BOTH. , #1387 ) ;
#1050 =( BOUNDED_CURVE ( )  B_SPLINE_CURVE ( 3, ( #3294, #371, #1854, #3039 ),
 .UNSPECIFIED., .F., .T. ) 
 B_SPLINE_CURVE_WITH_KNOTS ( ( 4, 4 ),
 ( 0.7500000000000000000, 1.250000000000000000 ),
 .UNSPECIFIED. ) 
 CURVE ( )  GEOMETRIC_REPRESENTATION_ITEM ( )  RATIONAL_B_SPLINE_CURVE ( ( 1.000000000000000000, 0.3333333333333333703, 0.3333333333333333703, 1.000000000000000000 ) ) 
 REPRESENTATION_ITEM ( '' )  );
#1051 = FACE_OUTER_BOUND ( 'NONE', #1440, .T. ) ;
#1052 = CARTESIAN_POINT ( 'NONE',  ( -0.8750000000000000000, 0.3099999999999999978, -2.700000000000000178 ) ) ;
#1053 = CYLINDRICAL_SURFACE ( 'NONE', #2065, 0.2000000000000000944 ) ;
#1054 = VERTEX_POINT ( 'NONE', #1110 ) ;
#1055 = ORIENTED_EDGE ( 'NONE', *, *, #2535, .F. ) ;
#1056 = EDGE_CURVE ( 'NONE', #1656, #3265, #3042, .T. ) ;
#1057 = EDGE_LOOP ( 'NONE', ( #1572, #163, #2903, #17 ) ) ;
#1058 = CARTESIAN_POINT ( 'NONE',  ( -0.5000000000000011102, 0.3099999999999999978, 2.675000000000001155 ) ) ;
#1059 = CARTESIAN_POINT ( 'NONE',  ( 2.939152317953650064E-16, 4.500000000000000888, -1.600000000000000089 ) ) ;
#1060 =( LENGTH_UNIT ( ) NAMED_UNIT ( * ) SI_UNIT ( .MILLI., .METRE. ) );
#1061 = CIRCLE ( 'NONE', #1368, 0.2000000000000000944 ) ;
#1062 = SURFACE_SIDE_STYLE ('',( #3664 ) ) ;
#1063 = PRESENTATION_STYLE_ASSIGNMENT (( #3385 ) ) ;
#1064 = LINE ( 'NONE', #576, #1773 ) ;
#1065 = CARTESIAN_POINT ( 'NONE',  ( -1.375000000000000000, 0.2500000000000000000, -2.700000000000000178 ) ) ;
#1066 = FILL_AREA_STYLE_COLOUR ( '', #564 ) ;
#1067 = DIRECTION ( 'NONE',  ( -0.000000000000000000, -1.000000000000000000, -0.000000000000000000 ) ) ;
#1068 = ORIENTED_EDGE ( 'NONE', *, *, #3203, .T. ) ;
#1069 = AXIS2_PLACEMENT_3D ( 'NONE', #1401, #1088, #1908 ) ;
#1070 = VERTEX_POINT ( 'NONE', #1170 ) ;
#1071 = DIRECTION ( 'NONE',  ( 0.000000000000000000, 0.000000000000000000, 1.000000000000000000 ) ) ;
#1072 = PRESENTATION_LAYER_ASSIGNMENT (  '', '', ( #1699 ) ) ;
#1073 = CARTESIAN_POINT ( 'NONE',  ( 5.939536975864662969E-16, 0.000000000000000000, -4.850000000000000533 ) ) ;
#1074 = DIRECTION ( 'NONE',  ( 0.000000000000000000, -0.000000000000000000, 1.000000000000000000 ) ) ;
#1075 = EDGE_CURVE ( 'NONE', #2344, #2357, #2613, .T. ) ;
#1076 = LINE ( 'NONE', #1705, #3507 ) ;
#1077 = MECHANICAL_DESIGN_GEOMETRIC_PRESENTATION_REPRESENTATION (  '', ( #3049 ), #2731 ) ;
#1078 = UNCERTAINTY_MEASURE_WITH_UNIT (LENGTH_MEASURE( 1.000000000000000082E-05 ), #2637, 'distance_accuracy_value', 'NONE');
#1079 = COLOUR_RGB ( '',0.9529411764705881804, 0.9529411764705881804, 0.9529411764705881804 ) ;
#1080 = SURFACE_STYLE_USAGE ( .BOTH. , #1396 ) ;
#1081 = EDGE_LOOP ( 'NONE', ( #1963, #2288 ) ) ;
#1082 = CARTESIAN_POINT ( 'NONE',  ( 0.9828043081829319627, -0.06000000000000010186, 1.407804308182929898 ) ) ;
#1083 = CARTESIAN_POINT ( 'NONE',  ( -0.2500000000000000000, 0.4400000000000000022, 1.407804308182929898 ) ) ;
#1084 = CARTESIAN_POINT ( 'NONE',  ( 3.184081677783121149E-16, 5.000000000000000000, -1.800000000000000266 ) ) ;
#1085 = VECTOR ( 'NONE', #95, 1000.000000000000000 ) ;
#1086 = EDGE_LOOP ( 'NONE', ( #2436, #3471, #1580, #607 ) ) ;
#1087 = EDGE_LOOP ( 'NONE', ( #1849, #1885, #3359, #2049 ) ) ;
#1088 = DIRECTION ( 'NONE',  ( 0.000000000000000000, 1.000000000000000000, 0.000000000000000000 ) ) ;
#1090 = AXIS2_PLACEMENT_3D ( 'NONE', #84, #325, #103 ) ;
#1089 = CYLINDRICAL_SURFACE ( 'NONE', #525, 0.1999999999999999833 ) ;
#1091 = CARTESIAN_POINT ( 'NONE',  ( 0.5000000000000000000, 0.3099999999999999978, 0.000000000000000000 ) ) ;
#1092 = FILL_AREA_STYLE ('',( #832 ) ) ;
#1093 = MECHANICAL_DESIGN_GEOMETRIC_PRESENTATION_REPRESENTATION (  '', ( #3650 ), #625 ) ;
#1094 = EDGE_LOOP ( 'NONE', ( #2474, #2841, #197, #1588 ) ) ;
#1095 = CARTESIAN_POINT ( 'NONE',  ( -2.570798496539880112E-16, 5.000000000000000000, -1.063432015924480159E-16 ) ) ;
#1096 = DIRECTION ( 'NONE',  ( 0.000000000000000000, 0.000000000000000000, 1.000000000000000000 ) ) ;
#1097 = CIRCLE ( 'NONE', #928, 4.349999999999999645 ) ;
#1098 = ADVANCED_FACE ( 'NONE', ( #2865 ), #314, .F. ) ;
#1099 = EDGE_CURVE ( 'NONE', #141, #1736, #2659, .T. ) ;
#1100 =( NAMED_UNIT ( * ) SI_UNIT ( $, .STERADIAN. ) SOLID_ANGLE_UNIT ( ) );
#1101 = FACE_OUTER_BOUND ( 'NONE', #2673, .T. ) ;
#1102 = FACE_BOUND ( 'NONE', #1363, .T. ) ;
#1103 = FACE_OUTER_BOUND ( 'NONE', #2924, .T. ) ;
#1104 = DIRECTION ( 'NONE',  ( 0.000000000000000000, 0.000000000000000000, 1.000000000000000000 ) ) ;
#1105 = ORIENTED_EDGE ( 'NONE', *, *, #124, .F. ) ;
#1106 = DIRECTION ( 'NONE',  ( 0.000000000000000000, 0.000000000000000000, 1.000000000000000000 ) ) ;
#1107 = DIRECTION ( 'NONE',  ( 0.000000000000000000, 0.000000000000000000, 1.000000000000000000 ) ) ;
#1108 = EDGE_LOOP ( 'NONE', ( #1697, #3232, #1511, #1305 ) ) ;
#1109 = ORIENTED_EDGE ( 'NONE', *, *, #1380, .F. ) ;
#1110 = CARTESIAN_POINT ( 'NONE',  ( 1.385640646055100067, 4.500000000000000888, 1.000000000000001110 ) ) ;
#1111 = CARTESIAN_POINT ( 'NONE',  ( -0.3750000000000000000, 4.500000000000000888, -0.6495190528383290030 ) ) ;
#1112 = DIRECTION ( 'NONE',  ( -0.000000000000000000, -1.000000000000000000, -0.000000000000000000 ) ) ;
#1113 = ORIENTED_EDGE ( 'NONE', *, *, #2561, .F. ) ;
#1114 = DIRECTION ( 'NONE',  ( 0.000000000000000000, 1.000000000000000000, 0.000000000000000000 ) ) ;
#1115 =( NAMED_UNIT ( * ) PLANE_ANGLE_UNIT ( ) SI_UNIT ( $, .RADIAN. ) );
#1116 = CARTESIAN_POINT ( 'NONE',  ( 1.385640646055100067, 5.000000000000000000, -1.000000000000000000 ) ) ;
#1117 =( LENGTH_UNIT ( ) NAMED_UNIT ( * ) SI_UNIT ( .MILLI., .METRE. ) );
#1118 = LINE ( 'NONE', #2261, #321 ) ;
#1119 = EDGE_CURVE ( 'NONE', #3731, #689, #2882, .T. ) ;
#1120 = FILL_AREA_STYLE_COLOUR ( '', #1127 ) ;
#1121 = UNCERTAINTY_MEASURE_WITH_UNIT (LENGTH_MEASURE( 1.000000000000000082E-05 ), #3548, 'distance_accuracy_value', 'NONE');
#1122 = FILL_AREA_STYLE_COLOUR ( '', #924 ) ;
#1123 = CARTESIAN_POINT ( 'NONE',  ( 5.939536975864662969E-16, 0.1000000000000000056, 4.850000000000000533 ) ) ;
#1124 = PRESENTATION_LAYER_ASSIGNMENT (  '', '', ( #2511 ) ) ;
#1125 = VERTEX_POINT ( 'NONE', #3732 ) ;
#1126 = EDGE_CURVE ( 'NONE', #2612, #1022, #2575, .T. ) ;
#1127 = COLOUR_RGB ( '',0.9529411764705881804, 0.9529411764705881804, 0.9529411764705881804 ) ;
#1128 = CARTESIAN_POINT ( 'NONE',  ( 0.5611226410969545331, 0.08299788885285437623, 0.9861226410969523570 ) ) ;
#1129 = FILL_AREA_STYLE_COLOUR ( '', #2727 ) ;
#1130 = ORIENTED_EDGE ( 'NONE', *, *, #34, .T. ) ;
#1131 = ORIENTED_EDGE ( 'NONE', *, *, #212, .F. ) ;
#1132 = CARTESIAN_POINT ( 'NONE',  ( -0.9828043081829321848, -0.06000000000000010186, 2.192195691817069747 ) ) ;
#1133 = FACE_OUTER_BOUND ( 'NONE', #1377, .T. ) ;
#1134 =( NAMED_UNIT ( * ) SI_UNIT ( $, .STERADIAN. ) SOLID_ANGLE_UNIT ( ) );
#1135 = ORIENTED_EDGE ( 'NONE', *, *, #3611, .F. ) ;
#1136 = MECHANICAL_DESIGN_GEOMETRIC_PRESENTATION_REPRESENTATION (  '', ( #1636 ), #3440 ) ;
#1137 = SURFACE_SIDE_STYLE ('',( #3436 ) ) ;
#1138 = AXIS2_PLACEMENT_3D ( 'NONE', #1083, #3348, #2804 ) ;
#1139 = DIRECTION ( 'NONE',  ( 0.000000000000000000, 1.000000000000000000, 0.000000000000000000 ) ) ;
#1140 = DIRECTION ( 'NONE',  ( 0.000000000000000000, 1.000000000000000000, 0.000000000000000000 ) ) ;
#1141 = CARTESIAN_POINT ( 'NONE',  ( 9.617157287525378351, -1.076072228735579826E-17, 4.808578643762689175 ) ) ;
#1142 = VECTOR ( 'NONE', #655, 1000.000000000000000 ) ;
#1143 = EDGE_CURVE ( 'NONE', #3731, #3660, #294, .T. ) ;
#1144 = AXIS2_PLACEMENT_3D ( 'NONE', #1434, #2064, #2942 ) ;
#1145 = DIRECTION ( 'NONE',  ( 0.000000000000000000, 0.000000000000000000, 1.000000000000000000 ) ) ;
#1146 = EDGE_LOOP ( 'NONE', ( #3168, #1750, #1269, #1361 ) ) ;
#1147 = PRESENTATION_STYLE_ASSIGNMENT (( #847 ) ) ;
#1148 = CARTESIAN_POINT ( 'NONE',  ( 0.000000000000000000, 5.000000000000000000, 0.000000000000000000 ) ) ;
#1149 = ADVANCED_FACE ( 'NONE', ( #3449 ), #332, .F. ) ;
#1150 = ADVANCED_FACE ( 'NONE', ( #2087 ), #1292, .F. ) ;
#1152 = ORIENTED_EDGE ( 'NONE', *, *, #3589, .F. ) ;
#1151 = CIRCLE ( 'NONE', #2603, 4.472135954999579610 ) ;
#1153 = VERTEX_POINT ( 'NONE', #2967 ) ;
#1154 = DIRECTION ( 'NONE',  ( 0.000000000000000000, 1.000000000000000000, 0.000000000000000000 ) ) ;
#1155 = CARTESIAN_POINT ( 'NONE',  ( -0.3750000000000000000, 0.000000000000000000, -3.200000000000000178 ) ) ;
#1156 =( GEOMETRIC_REPRESENTATION_CONTEXT ( 3 ) GLOBAL_UNCERTAINTY_ASSIGNED_CONTEXT ( ( #2119 ) ) GLOBAL_UNIT_ASSIGNED_CONTEXT ( ( #3077, #767, #2580 ) ) REPRESENTATION_CONTEXT ( 'NONE', 'WORKASPACE' ) );
#1157 = DIRECTION ( 'NONE',  ( 0.000000000000000000, 0.000000000000000000, 1.000000000000000000 ) ) ;
#1158 = ORIENTED_EDGE ( 'NONE', *, *, #2260, .F. ) ;
#1159 = VECTOR ( 'NONE', #2333, 1000.000000000000000 ) ;
#1160 = COLOUR_RGB ( '',1.000000000000000000, 0.9960784313725490335, 0.9607843137254902244 ) ;
#1161 = CARTESIAN_POINT ( 'NONE',  ( -1.673201901796524862E-16, 5.000000000000000888, -4.349999999999999645 ) ) ;
#1162 = UNCERTAINTY_MEASURE_WITH_UNIT (LENGTH_MEASURE( 1.000000000000000082E-05 ), #848, 'distance_accuracy_value', 'NONE');
#1163 = CARTESIAN_POINT ( 'NONE',  ( 0.000000000000000000, 0.000000000000000000, -4.750000000000000000 ) ) ;
#1164 = LINE ( 'NONE', #905, #3585 ) ;
#1165 = ORIENTED_EDGE ( 'NONE', *, *, #1521, .T. ) ;
#1166 = DIRECTION ( 'NONE',  ( 0.000000000000000000, 1.000000000000000000, 0.000000000000000000 ) ) ;
#1167 = CARTESIAN_POINT ( 'NONE',  ( -1.875000000000000000, 0.3099999999999999978, 0.000000000000000000 ) ) ;
#1168 = ORIENTED_EDGE ( 'NONE', *, *, #1663, .T. ) ;
#1169 = ORIENTED_EDGE ( 'NONE', *, *, #1403, .T. ) ;
#1170 = CARTESIAN_POINT ( 'NONE',  ( 2.939152317953650064E-16, 4.500000000000000888, -1.399999999999999911 ) ) ;
#1171 = ADVANCED_FACE ( 'NONE', ( #129 ), #3247, .T. ) ;
#1172 = DIRECTION ( 'NONE',  ( 0.000000000000000000, 0.000000000000000000, 1.000000000000000000 ) ) ;
#1173 = CARTESIAN_POINT ( 'NONE',  ( -9.144271909999160286, 0.000000000000000000, 4.572135954999577478 ) ) ;
#1174 = LINE ( 'NONE', #589, #1814 ) ;
#1175 = EDGE_LOOP ( 'NONE', ( #2379, #1216 ) ) ;
#1176 = FACE_BOUND ( 'NONE', #2536, .T. ) ;
#1177 = DIRECTION ( 'NONE',  ( 0.000000000000000000, 0.000000000000000000, 1.000000000000000000 ) ) ;
#1178 = CYLINDRICAL_SURFACE ( 'NONE', #956, 0.1999999999999999833 ) ;
#1179 = DIRECTION ( 'NONE',  ( 0.000000000000000000, 1.000000000000000000, 0.000000000000000000 ) ) ;
#1180 =( GEOMETRIC_REPRESENTATION_CONTEXT ( 3 ) GLOBAL_UNCERTAINTY_ASSIGNED_CONTEXT ( ( #508 ) ) GLOBAL_UNIT_ASSIGNED_CONTEXT ( ( #3579, #943, #3303 ) ) REPRESENTATION_CONTEXT ( 'NONE', 'WORKASPACE' ) );
#1181 =( LENGTH_UNIT ( ) NAMED_UNIT ( * ) SI_UNIT ( .MILLI., .METRE. ) );
#1182 =( LENGTH_UNIT ( ) NAMED_UNIT ( * ) SI_UNIT ( .MILLI., .METRE. ) );
#1183 = AXIS2_PLACEMENT_3D ( 'NONE', #498, #3431, #1071 ) ;
#1184 = DIRECTION ( 'NONE',  ( 0.000000000000000000, 0.000000000000000000, 1.000000000000000000 ) ) ;
#1185 =( GEOMETRIC_REPRESENTATION_CONTEXT ( 3 ) GLOBAL_UNCERTAINTY_ASSIGNED_CONTEXT ( ( #2438 ) ) GLOBAL_UNIT_ASSIGNED_CONTEXT ( ( #743, #107, #725 ) ) REPRESENTATION_CONTEXT ( 'NONE', 'WORKASPACE' ) );
#1186 = FACE_OUTER_BOUND ( 'NONE', #2860, .T. ) ;
#1187 = ORIENTED_EDGE ( 'NONE', *, *, #2868, .F. ) ;
#1188 = DIRECTION ( 'NONE',  ( 1.000000000000000000, 0.000000000000000000, 0.000000000000000000 ) ) ;
#1189 = AXIS2_PLACEMENT_3D ( 'NONE', #3596, #3629, #116 ) ;
#1190 = FACE_OUTER_BOUND ( 'NONE', #2020, .T. ) ;
#1191 = EDGE_CURVE ( 'NONE', #772, #2733, #1505, .T. ) ;
#1192 = CARTESIAN_POINT ( 'NONE',  ( -0.7500000000000000000, 5.000000000000000000, 0.2000000000000000111 ) ) ;
#1193 = EDGE_LOOP ( 'NONE', ( #3104, #925, #574, #402 ) ) ;
#1194 = PLANE ( 'NONE',  #428 ) ;
#1195 =( NAMED_UNIT ( * ) PLANE_ANGLE_UNIT ( ) SI_UNIT ( $, .RADIAN. ) );
#1196 = CARTESIAN_POINT ( 'NONE',  ( -0.8000000000000000444, 0.000000000000000000, 1.585640646055100245 ) ) ;
#1197 = EDGE_CURVE ( 'NONE', #2628, #3058, #365, .T. ) ;
#1198 = VECTOR ( 'NONE', #389, 1000.000000000000000 ) ;
#1199 = AXIS2_PLACEMENT_3D ( 'NONE', #2930, #1516, #335 ) ;
#1200 = LINE ( 'NONE', #2387, #985 ) ;
#1201 = FACE_OUTER_BOUND ( 'NONE', #2863, .T. ) ;
#1202 = LINE ( 'NONE', #3302, #1991 ) ;
#1203 = CYLINDRICAL_SURFACE ( 'NONE', #1461, 0.2000000000000000111 ) ;
#1204 = PRESENTATION_LAYER_ASSIGNMENT (  '', '', ( #726 ) ) ;
#1205 = SURFACE_SIDE_STYLE ('',( #619 ) ) ;
#1206 = ORIENTED_EDGE ( 'NONE', *, *, #1717, .F. ) ;
#1207 = CARTESIAN_POINT ( 'NONE',  ( -0.8750000000000000000, 0.2500000000000000000, -2.200000000000000622 ) ) ;
#1208 = SURFACE_SIDE_STYLE ('',( #2290 ) ) ;
#1209 = STYLED_ITEM ( 'NONE', ( #546 ), #1812 ) ;
#1210 = DIRECTION ( 'NONE',  ( 0.000000000000000000, 1.000000000000000000, 0.000000000000000000 ) ) ;
#1211 = ORIENTED_EDGE ( 'NONE', *, *, #3048, .T. ) ;
#1212 = ORIENTED_EDGE ( 'NONE', *, *, #1191, .F. ) ;
#1213 = CARTESIAN_POINT ( 'NONE',  ( 9.144271909999163839, 0.000000000000000000, 4.572135954999587248 ) ) ;
#1214 = CARTESIAN_POINT ( 'NONE',  ( 1.375000000000000000, 0.4400000000000000022, 1.407804308182929898 ) ) ;
#1215 =( GEOMETRIC_REPRESENTATION_CONTEXT ( 3 ) GLOBAL_UNCERTAINTY_ASSIGNED_CONTEXT ( ( #2372 ) ) GLOBAL_UNIT_ASSIGNED_CONTEXT ( ( #3668, #1021, #3345 ) ) REPRESENTATION_CONTEXT ( 'NONE', 'WORKASPACE' ) );
#1216 = ORIENTED_EDGE ( 'NONE', *, *, #3446, .T. ) ;
#1217 = FACE_OUTER_BOUND ( 'NONE', #510, .T. ) ;
#1218 = AXIS2_PLACEMENT_3D ( 'NONE', #3371, #432, #1899 ) ;
#1219 = CIRCLE ( 'NONE', #1943, 0.5000000000000004441 ) ;
#1220 = CARTESIAN_POINT ( 'NONE',  ( -0.8750000000000000000, 0.2500000000000000000, -3.700000000000000178 ) ) ;
#1221 = EDGE_CURVE ( 'NONE', #2190, #3293, #1271, .T. ) ;
#1222 = ADVANCED_FACE ( 'NONE', ( #1827 ), #2993, .T. ) ;
#1223 = CARTESIAN_POINT ( 'NONE',  ( 0.8000000000000000444, 5.000000000000000000, 1.585640646055100245 ) ) ;
#1224 = MECHANICAL_DESIGN_GEOMETRIC_PRESENTATION_REPRESENTATION (  '', ( #323 ), #617 ) ;
#1225 = CARTESIAN_POINT ( 'NONE',  ( 1.600000000000000089, 5.000000000000000000, -0.1999999999999998168 ) ) ;
#1227 = VERTEX_POINT ( 'NONE', #2582 ) ;
#1226 = STYLED_ITEM ( 'NONE', ( #769 ), #284 ) ;
#1228 = DIRECTION ( 'NONE',  ( 0.000000000000000000, 0.000000000000000000, 1.000000000000000000 ) ) ;
#1229 = VERTEX_POINT ( 'NONE', #3180 ) ;
#1230 = VERTEX_POINT ( 'NONE', #2915 ) ;
#1231 = CARTESIAN_POINT ( 'NONE',  ( -2.570798496539880112E-16, 5.250000000000000000, -1.063432015924480159E-16 ) ) ;
#1232 = CARTESIAN_POINT ( 'NONE',  ( -0.9828043081829319627, -0.06000000000000010186, 1.407804308182929898 ) ) ;
#1233 = CARTESIAN_POINT ( 'NONE',  ( 5.476786982642025874E-16, 0.04142135623730948402, -4.472135954999579610 ) ) ;
#1234 = DIRECTION ( 'NONE',  ( 0.000000000000000000, 1.000000000000000000, 0.000000000000000000 ) ) ;
#1235 = EDGE_LOOP ( 'NONE', ( #1980, #495, #3078, #1911 ) ) ;
#1236 = CARTESIAN_POINT ( 'NONE',  ( 1.375000000000000000, 0.3099999999999991096, 1.799999999999999822 ) ) ;
#1237 = CYLINDRICAL_SURFACE ( 'NONE', #1930, 0.1999999999999999833 ) ;
#1238 = CARTESIAN_POINT ( 'NONE',  ( -0.3750000000000000000, 4.500000000000000888, 0.8495190528383289585 ) ) ;
#1239 = CARTESIAN_POINT ( 'NONE',  ( 5.599251662556762403E-16, 0.1000000000000000056, -4.572135954999580143 ) ) ;
#1240 = UNCERTAINTY_MEASURE_WITH_UNIT (LENGTH_MEASURE( 1.000000000000000082E-05 ), #3098, 'distance_accuracy_value', 'NONE');
#1241 = EDGE_CURVE ( 'NONE', #1227, #989, #2875, .T. ) ;
#1242 =( NAMED_UNIT ( * ) SI_UNIT ( $, .STERADIAN. ) SOLID_ANGLE_UNIT ( ) );
#1243 = ORIENTED_EDGE ( 'NONE', *, *, #2775, .F. ) ;
#1244 = DIRECTION ( 'NONE',  ( -1.000000000000000000, 0.000000000000000000, 0.000000000000000000 ) ) ;
#1245 = DIRECTION ( 'NONE',  ( 0.000000000000000000, 1.000000000000000000, 0.000000000000000000 ) ) ;
#1246 = EDGE_CURVE ( 'NONE', #3660, #433, #2284, .T. ) ;
#1247 = FACE_BOUND ( 'NONE', #1657, .T. ) ;
#1248 = VERTEX_POINT ( 'NONE', #247 ) ;
#1249 = CIRCLE ( 'NONE', #2030, 0.1999999999999999833 ) ;
#1250 = FILL_AREA_STYLE ('',( #970 ) ) ;
#1251 = DIRECTION ( 'NONE',  ( 0.000000000000000000, 1.000000000000000000, 0.000000000000000000 ) ) ;
#1252 = MECHANICAL_DESIGN_GEOMETRIC_PRESENTATION_REPRESENTATION (  '', ( #1917 ), #770 ) ;
#1253 = VECTOR ( 'NONE', #1140, 1000.000000000000000 ) ;
#1254 = STYLED_ITEM ( 'NONE', ( #1840 ), #2836 ) ;
#1255 = LINE ( 'NONE', #1813, #3389 ) ;
#1256 = CARTESIAN_POINT ( 'NONE',  ( 0.000000000000000000, 1.300000000000000266, 4.472135954999579610 ) ) ;
#1257 = CARTESIAN_POINT ( 'NONE',  ( -9.699999999999999289, 0.04142135623730950483, 4.850000000000001421 ) ) ;
#1258 = CARTESIAN_POINT ( 'NONE',  ( 1.385640646055100067, 4.500000000000000888, 0.8000000000000010436 ) ) ;
#1259 = LINE ( 'NONE', #2139, #2471 ) ;
#1260 = DIRECTION ( 'NONE',  ( 0.000000000000000000, 0.000000000000000000, 1.000000000000000000 ) ) ;
#1261 = PRESENTATION_LAYER_ASSIGNMENT (  '', '', ( #241 ) ) ;
#1262 = SURFACE_SIDE_STYLE ('',( #3341 ) ) ;
#1263 = VERTEX_POINT ( 'NONE', #270 ) ;
#1264 = FILL_AREA_STYLE ('',( #1287 ) ) ;
#1265 = VECTOR ( 'NONE', #1602, 1000.000000000000000 ) ;
#1266 = AXIS2_PLACEMENT_3D ( 'NONE', #261, #514, #532 ) ;
#1267 = ADVANCED_FACE ( 'NONE', ( #3725 ), #2176, .T. ) ;
#1268 = CIRCLE ( 'NONE', #2526, 0.2000000000000000111 ) ;
#1269 = ORIENTED_EDGE ( 'NONE', *, *, #948, .F. ) ;
#1270 = VERTEX_POINT ( 'NONE', #3411 ) ;
#1271 = LINE ( 'NONE', #89, #1265 ) ;
#1272 = EDGE_CURVE ( 'NONE', #2733, #723, #2622, .T. ) ;
#1273 = VECTOR ( 'NONE', #526, 1000.000000000000000 ) ;
#1274 =( LENGTH_UNIT ( ) NAMED_UNIT ( * ) SI_UNIT ( .MILLI., .METRE. ) );
#1275 = ORIENTED_EDGE ( 'NONE', *, *, #693, .T. ) ;
#1276 = DIRECTION ( 'NONE',  ( 0.000000000000000000, -1.000000000000000000, 0.000000000000000000 ) ) ;
#1277 = CARTESIAN_POINT ( 'NONE',  ( -0.8750000000000000000, 0.3099999999999999978, 0.000000000000000000 ) ) ;
#1278 =( BOUNDED_SURFACE ( )  B_SPLINE_SURFACE ( 3, 3, ( 
 ( #3179, #819, #194, #2797 ),
 ( #1391, #3723, #2486, #561 ),
 ( #3119, #3136, #1923, #3158 ),
 ( #3099, #210, #2209, #1343 ) ),
 .UNSPECIFIED., .F., .F., .F. ) 
 B_SPLINE_SURFACE_WITH_KNOTS ( ( 4, 4 ),
 ( 4, 4 ),
 ( 0.000000000000000000, 1.000000000000000000 ),
 ( 0.000000000000000000, 1.000000000000000000 ),
 .UNSPECIFIED. ) 
 GEOMETRIC_REPRESENTATION_ITEM ( )  RATIONAL_B_SPLINE_SURFACE ( (
 ( 1.000000000000000000, 0.3333333333333334259, 0.3333333333333334259, 1.000000000000000000),
 ( 0.8047378541243649375, 0.2682459513747884050, 0.2682459513747884050, 0.8047378541243649375),
 ( 0.8047378541243649375, 0.2682459513747884050, 0.2682459513747884050, 0.8047378541243649375),
 ( 1.000000000000000000, 0.3333333333333334259, 0.3333333333333334259, 1.000000000000000000) ) ) 
 REPRESENTATION_ITEM ( '' )  SURFACE ( )  );
#1279 =( GEOMETRIC_REPRESENTATION_CONTEXT ( 3 ) GLOBAL_UNCERTAINTY_ASSIGNED_CONTEXT ( ( #2642 ) ) GLOBAL_UNIT_ASSIGNED_CONTEXT ( ( #1530, #663, #1469 ) ) REPRESENTATION_CONTEXT ( 'NONE', 'WORKASPACE' ) );
#1280 = LINE ( 'NONE', #425, #2255 ) ;
#1281 = FILL_AREA_STYLE ('',( #2774 ) ) ;
#1282 = VECTOR ( 'NONE', #1842, 1000.000000000000000 ) ;
#1283 = DIRECTION ( 'NONE',  ( 0.000000000000000000, 0.000000000000000000, 1.000000000000000000 ) ) ;
#1284 = CIRCLE ( 'NONE', #2857, 0.2000000000000000111 ) ;
#1285 = DIRECTION ( 'NONE',  ( 0.000000000000000000, 1.000000000000000000, 0.000000000000000000 ) ) ;
#1286 = ORIENTED_EDGE ( 'NONE', *, *, #1979, .F. ) ;
#1287 = FILL_AREA_STYLE_COLOUR ( '', #2433 ) ;
#1288 =( LENGTH_UNIT ( ) NAMED_UNIT ( * ) SI_UNIT ( .MILLI., .METRE. ) );
#1289 = LINE ( 'NONE', #1620, #1647 ) ;
#1290 = ORIENTED_EDGE ( 'NONE', *, *, #3446, .F. ) ;
#1291 = ORIENTED_EDGE ( 'NONE', *, *, #481, .F. ) ;
#1292 = CYLINDRICAL_SURFACE ( 'NONE', #418, 0.2000000000000000944 ) ;
#1294 = AXIS2_PLACEMENT_3D ( 'NONE', #211, #1684, #3667 ) ;
#1293 = DIRECTION ( 'NONE',  ( 0.000000000000000000, 0.000000000000000000, 1.000000000000000000 ) ) ;
#1295 = DIRECTION ( 'NONE',  ( 0.000000000000000000, 1.000000000000000000, 0.000000000000000000 ) ) ;
#1296 = EDGE_CURVE ( 'NONE', #3265, #1656, #2721, .T. ) ;
#1297 = ORIENTED_EDGE ( 'NONE', *, *, #3203, .F. ) ;
#1298 = LINE ( 'NONE', #3000, #1198 ) ;
#1299 =( NAMED_UNIT ( * ) SI_UNIT ( $, .STERADIAN. ) SOLID_ANGLE_UNIT ( ) );
#1300 = DIRECTION ( 'NONE',  ( 0.000000000000000000, 1.000000000000000000, 0.000000000000000000 ) ) ;
#1301 = CARTESIAN_POINT ( 'NONE',  ( 5.817072295949927426E-16, 0.000000000000000000, 4.750000000000000000 ) ) ;
#1302 = PRESENTATION_STYLE_ASSIGNMENT (( #3355 ) ) ;
#1303 = DIRECTION ( 'NONE',  ( 0.000000000000000000, 1.000000000000000000, 0.000000000000000000 ) ) ;
#1304 = SURFACE_STYLE_USAGE ( .BOTH. , #3356 ) ;
#1305 = ORIENTED_EDGE ( 'NONE', *, *, #2029, .F. ) ;
#1306 = PRESENTATION_STYLE_ASSIGNMENT (( #470 ) ) ;
#1307 = ORIENTED_EDGE ( 'NONE', *, *, #2889, .T. ) ;
#1308 = ORIENTED_EDGE ( 'NONE', *, *, #2218, .T. ) ;
#1309 = FILL_AREA_STYLE ('',( #3036 ) ) ;
#1310 = VECTOR ( 'NONE', #72, 1000.000000000000000 ) ;
#1311 = DIRECTION ( 'NONE',  ( 4.336808689942017736E-16, 0.000000000000000000, -1.000000000000000000 ) ) ;
#1312 = EDGE_LOOP ( 'NONE', ( #1351, #1297, #1011, #26 ) ) ;
#1313 = ORIENTED_EDGE ( 'NONE', *, *, #3115, .F. ) ;
#1314 = DIRECTION ( 'NONE',  ( 0.000000000000000000, -0.000000000000000000, -1.000000000000000000 ) ) ;
#1315 = DIRECTION ( 'NONE',  ( -0.000000000000000000, -1.000000000000000000, -0.000000000000000000 ) ) ;
#1316 = PRESENTATION_LAYER_ASSIGNMENT (  '', '', ( #1557 ) ) ;
#1317 = ADVANCED_FACE ( 'NONE', ( #563, #2543, #1446, #1102, #3424, #1977, #1727, #822, #3159, #863, #2316, #3194, #882, #1742, #378, #2095, #2981, #3281, #2722, #2937 ), #3555, .F. ) ;
#1318 = CARTESIAN_POINT ( 'NONE',  ( -0.6875000000000000000, 0.4400000000000000022, 2.192195691817070191 ) ) ;
#1319 = PRESENTATION_LAYER_ASSIGNMENT (  '', '', ( #2171 ) ) ;
#1320 =( NAMED_UNIT ( * ) SI_UNIT ( $, .STERADIAN. ) SOLID_ANGLE_UNIT ( ) );
#1321 = FACE_OUTER_BOUND ( 'NONE', #2685, .T. ) ;
#1322 = EDGE_CURVE ( 'NONE', #2508, #433, #1839, .T. ) ;
#1323 = FILL_AREA_STYLE_COLOUR ( '', #917 ) ;
#1324 = ORIENTED_EDGE ( 'NONE', *, *, #2352, .T. ) ;
#1325 = EDGE_LOOP ( 'NONE', ( #3148, #60, #3703, #383 ) ) ;
#1326 = AXIS2_PLACEMENT_3D ( 'NONE', #3571, #1494, #2110 ) ;
#1327 = EDGE_LOOP ( 'NONE', ( #3186, #3200, #2668, #3397 ) ) ;
#1328 = MECHANICAL_DESIGN_GEOMETRIC_PRESENTATION_REPRESENTATION (  '', ( #1699 ), #3276 ) ;
#1329 = CARTESIAN_POINT ( 'NONE',  ( -5.873991548605653778E-16, 0.000000000000000000, -4.572135954999580143 ) ) ;
#1330 = ORIENTED_EDGE ( 'NONE', *, *, #2819, .T. ) ;
#1331 = EDGE_LOOP ( 'NONE', ( #2951, #1506, #3346, #885 ) ) ;
#1332 = CYLINDRICAL_SURFACE ( 'NONE', #2900, 0.5000000000000002220 ) ;
#1333 = AXIS2_PLACEMENT_3D ( 'NONE', #838, #1974, #558 ) ;
#1334 = DIRECTION ( 'NONE',  ( 0.000000000000000000, 0.000000000000000000, 1.000000000000000000 ) ) ;
#1335 = AXIS2_PLACEMENT_3D ( 'NONE', #3040, #1891, #165 ) ;
#1336 =( NAMED_UNIT ( * ) SI_UNIT ( $, .STERADIAN. ) SOLID_ANGLE_UNIT ( ) );
#1337 = SURFACE_STYLE_FILL_AREA ( #3368 ) ;
#1338 = COLOUR_RGB ( '',0.9529411764705881804, 0.9529411764705881804, 0.9529411764705881804 ) ;
#1339 = SURFACE_STYLE_USAGE ( .BOTH. , #1614 ) ;
#1340 = MECHANICAL_DESIGN_GEOMETRIC_PRESENTATION_REPRESENTATION (  '', ( #850 ), #2308 ) ;
#1341 = EDGE_CURVE ( 'NONE', #2098, #2496, #2592, .T. ) ;
#1342 = EDGE_CURVE ( 'NONE', #3644, #3604, #623, .T. ) ;
#1343 = CARTESIAN_POINT ( 'NONE',  ( -1.187907395172932594E-15, 4.500000000000000888, 4.850000000000000533 ) ) ;
#1344 = VECTOR ( 'NONE', #2281, 1000.000000000000000 ) ;
#1345 = DIRECTION ( 'NONE',  ( -0.000000000000000000, -1.000000000000000000, -0.000000000000000000 ) ) ;
#1347 = ORIENTED_EDGE ( 'NONE', *, *, #2845, .T. ) ;
#1346 = CIRCLE ( 'NONE', #2071, 0.1999999999999999833 ) ;
#1348 = ORIENTED_EDGE ( 'NONE', *, *, #2491, .F. ) ;
#1349 = AXIS2_PLACEMENT_3D ( 'NONE', #1964, #1166, #3242 ) ;
#1350 = PRESENTATION_STYLE_ASSIGNMENT (( #2188 ) ) ;
#1351 = ORIENTED_EDGE ( 'NONE', *, *, #599, .T. ) ;
#1352 = DIRECTION ( 'NONE',  ( 0.000000000000000000, 1.000000000000000000, 0.000000000000000000 ) ) ;
#1353 = PRESENTATION_LAYER_ASSIGNMENT (  '', '', ( #3650 ) ) ;
#1354 = DIRECTION ( 'NONE',  ( 0.000000000000000000, 1.000000000000000000, 0.000000000000000000 ) ) ;
#1355 = FILL_AREA_STYLE_COLOUR ( '', #1981 ) ;
#1356 = SURFACE_STYLE_USAGE ( .BOTH. , #2244 ) ;
#1357 =( NAMED_UNIT ( * ) SI_UNIT ( $, .STERADIAN. ) SOLID_ANGLE_UNIT ( ) );
#1358 = FILL_AREA_STYLE ('',( #1066 ) ) ;
#1359 = EDGE_CURVE ( 'NONE', #2169, #1270, #1259, .T. ) ;
#1360 = CARTESIAN_POINT ( 'NONE',  ( 0.3750000000000000000, 4.500000000000000888, -0.4495190528383289363 ) ) ;
#1361 = ORIENTED_EDGE ( 'NONE', *, *, #572, .T. ) ;
#1362 = EDGE_CURVE ( 'NONE', #3601, #2311, #1202, .T. ) ;
#1363 = EDGE_LOOP ( 'NONE', ( #1600, #2629 ) ) ;
#1364 = ORIENTED_EDGE ( 'NONE', *, *, #2181, .T. ) ;
#1365 = CARTESIAN_POINT ( 'NONE',  ( 1.375000000000000000, -0.05999999999999839490, 1.407804308182929898 ) ) ;
#1366 = LINE ( 'NONE', #1073, #1509 ) ;
#1367 = DIRECTION ( 'NONE',  ( 0.000000000000000000, 0.000000000000000000, 1.000000000000000000 ) ) ;
#1368 = AXIS2_PLACEMENT_3D ( 'NONE', #823, #471, #787 ) ;
#1369 = STYLED_ITEM ( 'NONE', ( #2823 ), #3298 ) ;
#1370 = AXIS2_PLACEMENT_3D ( 'NONE', #1780, #881, #2055 ) ;
#1371 = PRESENTATION_STYLE_ASSIGNMENT (( #1080 ) ) ;
#1372 = ORIENTED_EDGE ( 'NONE', *, *, #640, .F. ) ;
#1373 = CARTESIAN_POINT ( 'NONE',  ( 0.5000000000000011102, 0.3099999999999999978, 0.9249999999999989342 ) ) ;
#1374 = PRODUCT_RELATED_PRODUCT_CATEGORY ( 'part', '', ( #3674 ) ) ;
#1376 = VECTOR ( 'NONE', #2202, 1000.000000000000000 ) ;
#1375 = SURFACE_STYLE_FILL_AREA ( #1671 ) ;
#1377 = EDGE_LOOP ( 'NONE', ( #1286, #3154, #745, #3051 ) ) ;
#1378 = ORIENTED_EDGE ( 'NONE', *, *, #3116, .T. ) ;
#1379 = CARTESIAN_POINT ( 'NONE',  ( 0.9828043081829319627, 0.4400000000000000022, 0.4625000000000000222 ) ) ;
#1380 = EDGE_CURVE ( 'NONE', #3586, #3476, #843, .T. ) ;
#1381 = EDGE_CURVE ( 'NONE', #2073, #807, #2411, .T. ) ;
#1382 = AXIS2_PLACEMENT_3D ( 'NONE', #2148, #106, #932 ) ;
#1383 = DIRECTION ( 'NONE',  ( 0.000000000000000000, 0.000000000000000000, 1.000000000000000000 ) ) ;
#1384 = AXIS2_PLACEMENT_3D ( 'NONE', #2080, #2056, #79 ) ;
#1385 = ORIENTED_EDGE ( 'NONE', *, *, #1739, .T. ) ;
#1386 = CARTESIAN_POINT ( 'NONE',  ( 2.939152317953650064E-16, 4.500000000000000888, -1.600000000000000089 ) ) ;
#1387 = SURFACE_SIDE_STYLE ('',( #1337 ) ) ;
#1388 = DIRECTION ( 'NONE',  ( -0.000000000000000000, -1.000000000000000000, -0.000000000000000000 ) ) ;
#1389 = AXIS2_PLACEMENT_3D ( 'NONE', #1148, #3229, #603 ) ;
#1390 = CARTESIAN_POINT ( 'NONE',  ( -2.734561762220730504E-16, 0.3099999999999999978, 0.9250000000000000444 ) ) ;
#1391 = CARTESIAN_POINT ( 'NONE',  ( 5.685904319202846163E-16, 5.000000000000000888, -4.642893218813451739 ) ) ;
#1392 = UNCERTAINTY_MEASURE_WITH_UNIT (LENGTH_MEASURE( 1.000000000000000082E-05 ), #2193, 'distance_accuracy_value', 'NONE');
#1393 = DIRECTION ( 'NONE',  ( 0.000000000000000000, 1.000000000000000000, 0.000000000000000000 ) ) ;
#1394 = DIRECTION ( 'NONE',  ( 0.000000000000000000, 0.000000000000000000, 1.000000000000000000 ) ) ;
#1395 = VECTOR ( 'NONE', #3122, 1000.000000000000000 ) ;
#1396 = SURFACE_SIDE_STYLE ('',( #542 ) ) ;
#1397 = ORIENTED_EDGE ( 'NONE', *, *, #2527, .F. ) ;
#1398 =( GEOMETRIC_REPRESENTATION_CONTEXT ( 3 ) GLOBAL_UNCERTAINTY_ASSIGNED_CONTEXT ( ( #3554 ) ) GLOBAL_UNIT_ASSIGNED_CONTEXT ( ( #3652, #1616, #489 ) ) REPRESENTATION_CONTEXT ( 'NONE', 'WORKASPACE' ) );
#1399 = ORIENTED_EDGE ( 'NONE', *, *, #1837, .F. ) ;
#1400 = ORIENTED_EDGE ( 'NONE', *, *, #718, .F. ) ;
#1401 = CARTESIAN_POINT ( 'NONE',  ( 0.8000000000000000444, 4.500000000000000888, 1.385640646055100067 ) ) ;
#1402 = AXIS2_PLACEMENT_3D ( 'NONE', #2606, #2625, #1529 ) ;
#1403 = EDGE_CURVE ( 'NONE', #2169, #3392, #191, .T. ) ;
#1404 = CARTESIAN_POINT ( 'NONE',  ( 0.000000000000000000, 0.09999999999999999167, 0.000000000000000000 ) ) ;
#1405 = AXIS2_PLACEMENT_3D ( 'NONE', #1318, #3094, #2497 ) ;
#1406 = EDGE_LOOP ( 'NONE', ( #2397, #3673 ) ) ;
#1407 = FILL_AREA_STYLE ('',( #2558 ) ) ;
#1408 = LINE ( 'NONE', #2013, #1882 ) ;
#1409 = AXIS2_PLACEMENT_3D ( 'NONE', #1661, #1112, #3681 ) ;
#1410 = FACE_OUTER_BOUND ( 'NONE', #606, .T. ) ;
#1411 = CARTESIAN_POINT ( 'NONE',  ( 9.699999999999999289, 4.792893218813452982, -4.849999999999999645 ) ) ;
#1412 = DIRECTION ( 'NONE',  ( 0.000000000000000000, 0.000000000000000000, 1.000000000000000000 ) ) ;
#1413 = ORIENTED_EDGE ( 'NONE', *, *, #1666, .F. ) ;
#1414 = DIRECTION ( 'NONE',  ( 0.000000000000000000, 0.000000000000000000, 1.000000000000000000 ) ) ;
#1415 = ORIENTED_EDGE ( 'NONE', *, *, #2631, .F. ) ;
#1416 = ORIENTED_EDGE ( 'NONE', *, *, #2753, .T. ) ;
#1417 = CARTESIAN_POINT ( 'NONE',  ( 1.600000000000000089, 0.000000000000000000, -0.1999999999999998168 ) ) ;
#1418 = FACE_OUTER_BOUND ( 'NONE', #1087, .T. ) ;
#1419 = LINE ( 'NONE', #2807, #400 ) ;
#1420 = LINE ( 'NONE', #2314, #2116 ) ;
#1421 = VERTEX_POINT ( 'NONE', #922 ) ;
#1422 = CARTESIAN_POINT ( 'NONE',  ( 1.600000000000000089, 4.500000000000000888, 1.959434878635770160E-16 ) ) ;
#1423 = CIRCLE ( 'NONE', #2506, 0.1999999999999999833 ) ;
#1424 = DIRECTION ( 'NONE',  ( 1.000000000000000000, 0.000000000000000000, -6.344131569286609929E-16 ) ) ;
#1425 = DIRECTION ( 'NONE',  ( 0.000000000000000000, 1.000000000000000000, 0.000000000000000000 ) ) ;
#1426 = UNCERTAINTY_MEASURE_WITH_UNIT (LENGTH_MEASURE( 1.000000000000000082E-05 ), #3466, 'distance_accuracy_value', 'NONE');
#1427 = ADVANCED_FACE ( 'NONE', ( #409 ), #1568, .T. ) ;
#1428 = EDGE_CURVE ( 'NONE', #511, #3034, #2373, .T. ) ;
#1429 = DIRECTION ( 'NONE',  ( 0.000000000000000000, 0.000000000000000000, 1.000000000000000000 ) ) ;
#1430 = COLOUR_RGB ( '',0.9529411764705881804, 0.9529411764705881804, 0.9529411764705881804 ) ;
#1431 = FACE_OUTER_BOUND ( 'NONE', #1877, .T. ) ;
#1432 = EDGE_LOOP ( 'NONE', ( #1413, #591, #1889, #830 ) ) ;
#1433 = STYLED_ITEM ( 'NONE', ( #813 ), #2843 ) ;
#1434 = CARTESIAN_POINT ( 'NONE',  ( 0.000000000000000000, 0.2999999999999999889, 0.000000000000000000 ) ) ;
#1435 = ORIENTED_EDGE ( 'NONE', *, *, #3344, .F. ) ;
#1436 = EDGE_LOOP ( 'NONE', ( #3693, #2886, #420, #3425, #474, #3082, #851, #180, #2881, #1595, #3357, #3464 ) ) ;
#1437 = SURFACE_STYLE_FILL_AREA ( #1456 ) ;
#1438 = CARTESIAN_POINT ( 'NONE',  ( -9.144271909999154957, 0.000000000000000000, 4.572135954999572149 ) ) ;
#1439 = COLOUR_RGB ( '',1.000000000000000000, 0.9960784313725490335, 0.9607843137254902244 ) ;
#1440 = EDGE_LOOP ( 'NONE', ( #1313, #2212, #3669, #2754 ) ) ;
#1441 =( NAMED_UNIT ( * ) PLANE_ANGLE_UNIT ( ) SI_UNIT ( $, .RADIAN. ) );
#1442 = VECTOR ( 'NONE', #3087, 1000.000000000000000 ) ;
#1443 = DIRECTION ( 'NONE',  ( 0.000000000000000000, 1.000000000000000000, 0.000000000000000000 ) ) ;
#1444 = CIRCLE ( 'NONE', #1333, 0.2000000000000000944 ) ;
#1445 = FACE_OUTER_BOUND ( 'NONE', #3538, .T. ) ;
#1446 = FACE_BOUND ( 'NONE', #2715, .T. ) ;
#1447 = MECHANICAL_DESIGN_GEOMETRIC_PRESENTATION_REPRESENTATION (  '', ( #2597 ), #2786 ) ;
#1448 = ADVANCED_FACE ( 'NONE', ( #1817 ), #3686, .F. ) ;
#1449 = AXIS2_PLACEMENT_3D ( 'NONE', #1573, #2394, #1846 ) ;
#1450 = CYLINDRICAL_SURFACE ( 'NONE', #436, 0.2000000000000000944 ) ;
#1451 = ORIENTED_EDGE ( 'NONE', *, *, #3243, .T. ) ;
#1452 = LINE ( 'NONE', #2941, #2140 ) ;
#1454 = ORIENTED_EDGE ( 'NONE', *, *, #920, .T. ) ;
#1453 = VECTOR ( 'NONE', #3358, 1000.000000000000000 ) ;
#1455 = ORIENTED_EDGE ( 'NONE', *, *, #948, .T. ) ;
#1456 = FILL_AREA_STYLE ('',( #3187 ) ) ;
#1457 = CARTESIAN_POINT ( 'NONE',  ( 8.944271909999166326, 0.04142135623730948402, -4.472135954999578722 ) ) ;
#1458 = DIRECTION ( 'NONE',  ( 0.000000000000000000, 0.000000000000000000, -1.000000000000000000 ) ) ;
#1459 = CARTESIAN_POINT ( 'NONE',  ( -0.8000000000000000444, 5.000000000000000000, 1.185640646055099889 ) ) ;
#1460 = ORIENTED_EDGE ( 'NONE', *, *, #1221, .F. ) ;
#1461 = AXIS2_PLACEMENT_3D ( 'NONE', #2016, #2000, #2337 ) ;
#1462 = CIRCLE ( 'NONE', #267, 0.1999999999999999833 ) ;
#1463 = UNCERTAINTY_MEASURE_WITH_UNIT (LENGTH_MEASURE( 1.000000000000000082E-05 ), #1288, 'distance_accuracy_value', 'NONE');
#1464 = AXIS2_PLACEMENT_3D ( 'NONE', #3647, #2758, #2205 ) ;
#1465 = CARTESIAN_POINT ( 'NONE',  ( -9.797174393178829848E-17, 0.000000000000000000, 1.600000000000000089 ) ) ;
#1466 = ORIENTED_EDGE ( 'NONE', *, *, #552, .F. ) ;
#1467 = DIRECTION ( 'NONE',  ( 0.000000000000000000, 1.000000000000000000, 0.000000000000000000 ) ) ;
#1468 = EDGE_CURVE ( 'NONE', #2557, #1640, #1444, .T. ) ;
#1469 =( NAMED_UNIT ( * ) SI_UNIT ( $, .STERADIAN. ) SOLID_ANGLE_UNIT ( ) );
#1470 = EDGE_LOOP ( 'NONE', ( #2528, #2420, #1621, #3238 ) ) ;
#1471 = ORIENTED_EDGE ( 'NONE', *, *, #2948, .T. ) ;
#1472 = CARTESIAN_POINT ( 'NONE',  ( 0.000000000000000000, 0.000000000000000000, 0.000000000000000000 ) ) ;
#1473 = EDGE_CURVE ( 'NONE', #511, #3288, #3278, .T. ) ;
#1474 = DIRECTION ( 'NONE',  ( 0.000000000000000000, 1.000000000000000000, 0.000000000000000000 ) ) ;
#1475 = CARTESIAN_POINT ( 'NONE',  ( 0.000000000000000000, 0.000000000000000000, 0.000000000000000000 ) ) ;
#1476 = EDGE_LOOP ( 'NONE', ( #2026, #701 ) ) ;
#1477 = SURFACE_STYLE_USAGE ( .BOTH. , #1776 ) ;
#1478 = DIRECTION ( 'NONE',  ( 0.000000000000000000, 1.000000000000000000, 0.000000000000000000 ) ) ;
#1479 = FACE_OUTER_BOUND ( 'NONE', #1732, .T. ) ;
#1480 = FILL_AREA_STYLE ('',( #3021 ) ) ;
#1481 = STYLED_ITEM ( 'NONE', ( #696 ), #2772 ) ;
#1482 =( NAMED_UNIT ( * ) SI_UNIT ( $, .STERADIAN. ) SOLID_ANGLE_UNIT ( ) );
#1483 = VERTEX_POINT ( 'NONE', #1116 ) ;
#1484 = PRESENTATION_STYLE_ASSIGNMENT (( #1508 ) ) ;
#1485 = SURFACE_STYLE_USAGE ( .BOTH. , #1208 ) ;
#1486 = AXIS2_PLACEMENT_3D ( 'NONE', #333, #1154, #1172 ) ;
#1487 = SURFACE_SIDE_STYLE ('',( #2923 ) ) ;
#1488 = ORIENTED_EDGE ( 'NONE', *, *, #3139, .T. ) ;
#1489 = ORIENTED_EDGE ( 'NONE', *, *, #2214, .F. ) ;
#1490 = CARTESIAN_POINT ( 'NONE',  ( -0.7477172270407989041, -0.06000000000000035166, 2.427282772959203694 ) ) ;
#1491 = CARTESIAN_POINT ( 'NONE',  ( -0.5611226410969545331, 0.08299788885285437623, 0.9861226410969523570 ) ) ;
#1492 = VECTOR ( 'NONE', #1425, 1000.000000000000000 ) ;
#1493 = FACE_OUTER_BOUND ( 'NONE', #1470, .T. ) ;
#1494 = DIRECTION ( 'NONE',  ( -0.000000000000000000, -1.000000000000000000, -0.000000000000000000 ) ) ;
#1495 = EDGE_CURVE ( 'NONE', #3169, #2966, #2906, .T. ) ;
#1496 = EDGE_CURVE ( 'NONE', #1653, #1483, #1076, .T. ) ;
#1497 = VERTEX_POINT ( 'NONE', #266 ) ;
#1498 = DIRECTION ( 'NONE',  ( 0.000000000000000000, 0.000000000000000000, 1.000000000000000000 ) ) ;
#1499 = PRESENTATION_LAYER_ASSIGNMENT (  '', '', ( #3566 ) ) ;
#1500 = VECTOR ( 'NONE', #935, 1000.000000000000000 ) ;
#1501 = CARTESIAN_POINT ( 'NONE',  ( 0.7500000000000000000, 5.000000000000000000, 9.184850993605150903E-17 ) ) ;
#1502 = PRESENTATION_STYLE_ASSIGNMENT (( #1761 ) ) ;
#1503 = UNCERTAINTY_MEASURE_WITH_UNIT (LENGTH_MEASURE( 1.000000000000000082E-05 ), #1855, 'distance_accuracy_value', 'NONE');
#1504 = PRESENTATION_STYLE_ASSIGNMENT (( #3494 ) ) ;
#1505 = CIRCLE ( 'NONE', #904, 0.2000000000000000944 ) ;
#1506 = ORIENTED_EDGE ( 'NONE', *, *, #1858, .T. ) ;
#1507 = STYLED_ITEM ( 'NONE', ( #2933 ), #1603 ) ;
#1508 = SURFACE_STYLE_USAGE ( .BOTH. , #2899 ) ;
#1509 = VECTOR ( 'NONE', #2238, 1000.000000000000000 ) ;
#1510 = FACE_OUTER_BOUND ( 'NONE', #3126, .T. ) ;
#1511 = ORIENTED_EDGE ( 'NONE', *, *, #51, .T. ) ;
#1512 = ORIENTED_EDGE ( 'NONE', *, *, #1937, .T. ) ;
#1513 = CARTESIAN_POINT ( 'NONE',  ( 0.000000000000000000, 0.000000000000000000, 0.2000000000000000111 ) ) ;
#1514 = COLOUR_RGB ( '',0.9529411764705881804, 0.9529411764705881804, 0.9529411764705881804 ) ;
#1515 = CARTESIAN_POINT ( 'NONE',  ( -1.119850332511352481E-15, 0.000000000000000000, 4.572135954999580143 ) ) ;
#1516 = DIRECTION ( 'NONE',  ( 1.000000000000000000, -0.000000000000000000, 0.000000000000000000 ) ) ;
#1517 = ORIENTED_EDGE ( 'NONE', *, *, #208, .F. ) ;
#1518 = CARTESIAN_POINT ( 'NONE',  ( -1.428272541967054023E-16, 0.000000000000000000, 4.750000000000000888 ) ) ;
#1519 = DIRECTION ( 'NONE',  ( 0.000000000000000000, 0.000000000000000000, 1.000000000000000000 ) ) ;
#1520 = PRESENTATION_LAYER_ASSIGNMENT (  '', '', ( #2540 ) ) ;
#1521 = EDGE_CURVE ( 'NONE', #100, #872, #1408, .T. ) ;
#1522 = SURFACE_STYLE_FILL_AREA ( #2353 ) ;
#1523 =( NAMED_UNIT ( * ) PLANE_ANGLE_UNIT ( ) SI_UNIT ( $, .RADIAN. ) );
#1524 = CARTESIAN_POINT ( 'NONE',  ( -1.600000000000000089, 0.000000000000000000, 0.2000000000000000111 ) ) ;
#1525 = VECTOR ( 'NONE', #2392, 1000.000000000000000 ) ;
#1526 = EDGE_CURVE ( 'NONE', #3525, #2344, #1268, .T. ) ;
#1527 = SURFACE_STYLE_USAGE ( .BOTH. , #380 ) ;
#1528 = PRESENTATION_LAYER_ASSIGNMENT (  '', '', ( #2800 ) ) ;
#1529 = DIRECTION ( 'NONE',  ( 0.000000000000000000, 0.000000000000000000, 1.000000000000000000 ) ) ;
#1530 =( LENGTH_UNIT ( ) NAMED_UNIT ( * ) SI_UNIT ( .MILLI., .METRE. ) );
#1531 = ORIENTED_EDGE ( 'NONE', *, *, #3190, .F. ) ;
#1532 = ORIENTED_EDGE ( 'NONE', *, *, #1296, .T. ) ;
#1533 =( NAMED_UNIT ( * ) SI_UNIT ( $, .STERADIAN. ) SOLID_ANGLE_UNIT ( ) );
#1534 =( LENGTH_UNIT ( ) NAMED_UNIT ( * ) SI_UNIT ( .MILLI., .METRE. ) );
#1535 = DIRECTION ( 'NONE',  ( 1.000000000000000000, 0.000000000000000000, -0.000000000000000000 ) ) ;
#1536 = CARTESIAN_POINT ( 'NONE',  ( -0.3750000000000000000, 4.500000000000000888, 0.6495190528383290030 ) ) ;
#1537 = ORIENTED_EDGE ( 'NONE', *, *, #522, .T. ) ;
#1538 = DIRECTION ( 'NONE',  ( 0.000000000000000000, 0.000000000000000000, 1.000000000000000000 ) ) ;
#1539 = DIRECTION ( 'NONE',  ( 0.000000000000000000, 1.000000000000000000, 0.000000000000000000 ) ) ;
#1540 =( BOUNDED_CURVE ( )  B_SPLINE_CURVE ( 3, ( #3468, #1438, #1734, #585 ),
 .UNSPECIFIED., .F., .F. ) 
 B_SPLINE_CURVE_WITH_KNOTS ( ( 4, 4 ),
 ( 0.2500000000000000000, 0.7500000000000000000 ),
 .UNSPECIFIED. ) 
 CURVE ( )  GEOMETRIC_REPRESENTATION_ITEM ( )  RATIONAL_B_SPLINE_CURVE ( ( 1.000000000000000000, 0.3333333333333337034, 0.3333333333333337034, 1.000000000000000000 ) ) 
 REPRESENTATION_ITEM ( '' )  );
#1541 = EDGE_CURVE ( 'NONE', #3737, #2133, #2404, .T. ) ;
#1542 = DIRECTION ( 'NONE',  ( 0.000000000000000000, -0.000000000000000000, 1.000000000000000000 ) ) ;
#1543 = CARTESIAN_POINT ( 'NONE',  ( 8.699999999999997513, 5.000000000000000888, -4.349999999999998757 ) ) ;
#1544 = FILL_AREA_STYLE_COLOUR ( '', #3672 ) ;
#1545 = FILL_AREA_STYLE_COLOUR ( '', #81 ) ;
#1546 = EDGE_CURVE ( 'NONE', #3476, #684, #1255, .T. ) ;
#1547 = EDGE_CURVE ( 'NONE', #70, #2311, #601, .T. ) ;
#1548 = AXIS2_PLACEMENT_3D ( 'NONE', #2512, #3680, #2555 ) ;
#1549 = CARTESIAN_POINT ( 'NONE',  ( -8.944271909999159220, 0.09999999999999999167, -4.472135954999580498 ) ) ;
#1550 = FILL_AREA_STYLE_COLOUR ( '', #3111 ) ;
#1551 = ORIENTED_EDGE ( 'NONE', *, *, #1541, .F. ) ;
#1552 = AXIS2_PLACEMENT_3D ( 'NONE', #1822, #2416, #177 ) ;
#1553 = ORIENTED_EDGE ( 'NONE', *, *, #28, .T. ) ;
#1554 =( LENGTH_UNIT ( ) NAMED_UNIT ( * ) SI_UNIT ( .MILLI., .METRE. ) );
#1555 = SHAPE_DEFINITION_REPRESENTATION ( #1043, #1615 ) ;
#1556 = CARTESIAN_POINT ( 'NONE',  ( -1.596755374588623219E-15, 0.000000000000000000, 4.572135954999580143 ) ) ;
#1557 = STYLED_ITEM ( 'NONE', ( #2129 ), #3422 ) ;
#1558 = FILL_AREA_STYLE_COLOUR ( '', #2533 ) ;
#1559 = ORIENTED_EDGE ( 'NONE', *, *, #572, .F. ) ;
#1560 = DIRECTION ( 'NONE',  ( 0.000000000000000000, 1.000000000000000000, 0.000000000000000000 ) ) ;
#1561 =( GEOMETRIC_REPRESENTATION_CONTEXT ( 3 ) GLOBAL_UNCERTAINTY_ASSIGNED_CONTEXT ( ( #181 ) ) GLOBAL_UNIT_ASSIGNED_CONTEXT ( ( #392, #3576, #1567 ) ) REPRESENTATION_CONTEXT ( 'NONE', 'WORKASPACE' ) );
#1562 = CIRCLE ( 'NONE', #296, 0.2000000000000000944 ) ;
#1563 = CARTESIAN_POINT ( 'NONE',  ( 5.327213576290986242E-16, 5.000000000000000000, -4.349999999999999645 ) ) ;
#1564 = DIRECTION ( 'NONE',  ( 0.000000000000000000, 1.000000000000000000, 0.000000000000000000 ) ) ;
#1565 = CARTESIAN_POINT ( 'NONE',  ( 0.3750000000000000000, 5.000000000000000000, 0.6495190528383290030 ) ) ;
#1566 = PRESENTATION_STYLE_ASSIGNMENT (( #3018 ) ) ;
#1567 =( NAMED_UNIT ( * ) SI_UNIT ( $, .STERADIAN. ) SOLID_ANGLE_UNIT ( ) );
#1568 = PLANE ( 'NONE',  #1384 ) ;
#1569 = CYLINDRICAL_SURFACE ( 'NONE', #45, 0.2000000000000000111 ) ;
#1570 = AXIS2_PLACEMENT_3D ( 'NONE', #3419, #2553, #3090 ) ;
#1571 = AXIS2_PLACEMENT_3D ( 'NONE', #2242, #799, #1383 ) ;
#1572 = ORIENTED_EDGE ( 'NONE', *, *, #52, .F. ) ;
#1573 = CARTESIAN_POINT ( 'NONE',  ( 0.000000000000000000, 0.000000000000000000, 0.000000000000000000 ) ) ;
#1574 = CARTESIAN_POINT ( 'NONE',  ( -1.385640646055100067, 5.000000000000000000, -0.6000000000000009770 ) ) ;
#1575 = EDGE_CURVE ( 'NONE', #3712, #1004, #248, .T. ) ;
#1576 = EDGE_CURVE ( 'NONE', #3307, #2365, #2135, .T. ) ;
#1577 = PRESENTATION_LAYER_ASSIGNMENT (  '', '', ( #2053 ) ) ;
#1578 = FILL_AREA_STYLE ('',( #1558 ) ) ;
#1579 = FACE_OUTER_BOUND ( 'NONE', #3142, .T. ) ;
#1580 = ORIENTED_EDGE ( 'NONE', *, *, #553, .T. ) ;
#1581 = ORIENTED_EDGE ( 'NONE', *, *, #2683, .F. ) ;
#1582 = UNCERTAINTY_MEASURE_WITH_UNIT (LENGTH_MEASURE( 1.000000000000000082E-05 ), #1675, 'distance_accuracy_value', 'NONE');
#1583 = DIRECTION ( 'NONE',  ( 0.000000000000000000, 1.000000000000000000, 0.000000000000000000 ) ) ;
#1584 = PRESENTATION_LAYER_ASSIGNMENT (  '', '', ( #424 ) ) ;
#1585 = DIRECTION ( 'NONE',  ( -1.000000000000000000, -0.000000000000000000, -6.344131569286600069E-16 ) ) ;
#1587 = VERTEX_POINT ( 'NONE', #2911 ) ;
#1586 = COLOUR_RGB ( '',1.000000000000000000, 0.9960784313725490335, 0.9607843137254902244 ) ;
#1588 = ORIENTED_EDGE ( 'NONE', *, *, #51, .F. ) ;
#1589 = DIRECTION ( 'NONE',  ( -0.000000000000000000, -1.000000000000000000, -0.000000000000000000 ) ) ;
#1590 = FILL_AREA_STYLE ('',( #2441 ) ) ;
#1591 = PRESENTATION_STYLE_ASSIGNMENT (( #3366 ) ) ;
#1592 = CIRCLE ( 'NONE', #2001, 0.2000000000000000944 ) ;
#1593 = LINE ( 'NONE', #2221, #29 ) ;
#1594 = PRESENTATION_LAYER_ASSIGNMENT (  '', '', ( #2483 ) ) ;
#1595 = ORIENTED_EDGE ( 'NONE', *, *, #2584, .F. ) ;
#1596 = CARTESIAN_POINT ( 'NONE',  ( 0.000000000000000000, 5.000000000000000888, 4.642893218813451739 ) ) ;
#1597 = CIRCLE ( 'NONE', #1090, 0.2000000000000000111 ) ;
#1598 = AXIS2_PLACEMENT_3D ( 'NONE', #2161, #3068, #121 ) ;
#1599 = DIRECTION ( 'NONE',  ( 0.000000000000000000, 0.000000000000000000, 1.000000000000000000 ) ) ;
#1600 = ORIENTED_EDGE ( 'NONE', *, *, #949, .T. ) ;
#1601 = ORIENTED_EDGE ( 'NONE', *, *, #1296, .F. ) ;
#1602 = DIRECTION ( 'NONE',  ( 1.000000000000000000, 0.000000000000000000, -0.000000000000000000 ) ) ;
#1603 = ADVANCED_FACE ( 'NONE', ( #2620 ), #2330, .F. ) ;
#1605 = PRESENTATION_LAYER_ASSIGNMENT (  '', '', ( #3709 ) ) ;
#1604 =( NAMED_UNIT ( * ) SI_UNIT ( $, .STERADIAN. ) SOLID_ANGLE_UNIT ( ) );
#1606 = SURFACE_SIDE_STYLE ('',( #200 ) ) ;
#1607 = VERTEX_POINT ( 'NONE', #71 ) ;
#1608 = DIRECTION ( 'NONE',  ( 0.000000000000000000, 1.000000000000000000, 0.000000000000000000 ) ) ;
#1609 = ADVANCED_FACE ( 'NONE', ( #1217 ), #1237, .F. ) ;
#1610 =( NAMED_UNIT ( * ) PLANE_ANGLE_UNIT ( ) SI_UNIT ( $, .RADIAN. ) );
#1611 = CARTESIAN_POINT ( 'NONE',  ( -1.875000000000000000, 0.2500000000000000000, -3.200000000000000178 ) ) ;
#1612 = CARTESIAN_POINT ( 'NONE',  ( -9.700000000000001066, 0.04142135623730950483, -4.849999999999996980 ) ) ;
#1613 = SURFACE_STYLE_FILL_AREA ( #2408 ) ;
#1614 = SURFACE_SIDE_STYLE ('',( #1375 ) ) ;
#1615 = ADVANCED_BREP_SHAPE_REPRESENTATION ( 'AOM-5024L-HD-F-R', ( #2836, #334, #2894 ), #2040 ) ;
#1616 =( NAMED_UNIT ( * ) PLANE_ANGLE_UNIT ( ) SI_UNIT ( $, .RADIAN. ) );
#1617 = ORIENTED_EDGE ( 'NONE', *, *, #2729, .F. ) ;
#1618 = CARTESIAN_POINT ( 'NONE',  ( 8.699999999999999289, 5.000000000000000888, -4.349999999999999645 ) ) ;
#1619 = CARTESIAN_POINT ( 'NONE',  ( -1.095357396528405175E-15, 0.04142135623730948402, 4.472135954999579610 ) ) ;
#1620 = CARTESIAN_POINT ( 'NONE',  ( 0.000000000000000000, 5.000000000000000000, 4.349999999999999645 ) ) ;
#1621 = ORIENTED_EDGE ( 'NONE', *, *, #697, .T. ) ;
#1622 = CARTESIAN_POINT ( 'NONE',  ( -1.673201901796524862E-16, 5.000000000000000888, -4.349999999999999645 ) ) ;
#1623 = DIRECTION ( 'NONE',  ( 0.000000000000000000, 0.000000000000000000, 1.000000000000000000 ) ) ;
#1624 = VECTOR ( 'NONE', #3030, 1000.000000000000000 ) ;
#1625 =( NAMED_UNIT ( * ) PLANE_ANGLE_UNIT ( ) SI_UNIT ( $, .RADIAN. ) );
#1626 = VERTEX_POINT ( 'NONE', #3592 ) ;
#1627 =( NAMED_UNIT ( * ) PLANE_ANGLE_UNIT ( ) SI_UNIT ( $, .RADIAN. ) );
#1628 = CYLINDRICAL_SURFACE ( 'NONE', #2701, 0.1999999999999999833 ) ;
#1629 =( GEOMETRIC_REPRESENTATION_CONTEXT ( 3 ) GLOBAL_UNCERTAINTY_ASSIGNED_CONTEXT ( ( #545 ) ) GLOBAL_UNIT_ASSIGNED_CONTEXT ( ( #2531, #1987, #2088 ) ) REPRESENTATION_CONTEXT ( 'NONE', 'WORKASPACE' ) );
#1630 = ADVANCED_FACE ( 'NONE', ( #509 ), #1692, .T. ) ;
#1631 = EDGE_CURVE ( 'NONE', #2965, #141, #3695, .T. ) ;
#1632 = SURFACE_STYLE_USAGE ( .BOTH. , #711 ) ;
#1633 = CARTESIAN_POINT ( 'NONE',  ( -1.177762088906459764E-15, -1.076072228735579672E-17, -4.808578643762690952 ) ) ;
#1634 = PRESENTATION_STYLE_ASSIGNMENT (( #2223 ) ) ;
#1635 = ORIENTED_EDGE ( 'NONE', *, *, #739, .F. ) ;
#1636 = STYLED_ITEM ( 'NONE', ( #2755 ), #876 ) ;
#1637 = SURFACE_STYLE_USAGE ( .BOTH. , #472 ) ;
#1638 = ORIENTED_EDGE ( 'NONE', *, *, #124, .T. ) ;
#1639 = MECHANICAL_DESIGN_GEOMETRIC_PRESENTATION_REPRESENTATION (  '', ( #3566 ), #300 ) ;
#1640 = VERTEX_POINT ( 'NONE', #1084 ) ;
#1641 = STYLED_ITEM ( 'NONE', ( #1504 ), #1317 ) ;
#1642 = CARTESIAN_POINT ( 'NONE',  ( -7.347880794884123927E-17, 5.000000000000000000, 1.399999999999999911 ) ) ;
#1643 = VECTOR ( 'NONE', #1757, 1000.000000000000000 ) ;
#1644 = AXIS2_PLACEMENT_3D ( 'NONE', #3416, #450, #1107 ) ;
#1645 = FILL_AREA_STYLE_COLOUR ( '', #652 ) ;
#1646 = EDGE_CURVE ( 'NONE', #2073, #324, #3047, .T. ) ;
#1647 = VECTOR ( 'NONE', #3081, 1000.000000000000000 ) ;
#1648 = SURFACE_SIDE_STYLE ('',( #1683 ) ) ;
#1649 = CARTESIAN_POINT ( 'NONE',  ( 5.685904319202846163E-16, 5.000000000000000888, -4.642893218813451739 ) ) ;
#1650 = EDGE_CURVE ( 'NONE', #3285, #469, #3106, .T. ) ;
#1651 = CIRCLE ( 'NONE', #20, 0.2000000000000000111 ) ;
#1652 = FILL_AREA_STYLE_COLOUR ( '', #1079 ) ;
#1653 = VERTEX_POINT ( 'NONE', #2252 ) ;
#1654 = LINE ( 'NONE', #3347, #859 ) ;
#1655 = VECTOR ( 'NONE', #3208, 1000.000000000000000 ) ;
#1656 = VERTEX_POINT ( 'NONE', #708 ) ;
#1657 = EDGE_LOOP ( 'NONE', ( #1364, #2147 ) ) ;
#1658 = AXIS2_PLACEMENT_3D ( 'NONE', #482, #169, #3381 ) ;
#1659 =( NAMED_UNIT ( * ) PLANE_ANGLE_UNIT ( ) SI_UNIT ( $, .RADIAN. ) );
#1660 = FILL_AREA_STYLE_COLOUR ( '', #2222 ) ;
#1661 = CARTESIAN_POINT ( 'NONE',  ( 1.385640646055100067, 5.000000000000000000, 0.8000000000000010436 ) ) ;
#1662 = DIRECTION ( 'NONE',  ( 0.000000000000000000, 1.000000000000000000, 0.000000000000000000 ) ) ;
#1663 = EDGE_CURVE ( 'NONE', #2199, #3529, #1871, .T. ) ;
#1664 = CARTESIAN_POINT ( 'NONE',  ( 9.285786437626899925, 5.000000000000000000, -4.642893218813449963 ) ) ;
#1665 = CARTESIAN_POINT ( 'NONE',  ( 4.864463583068351120E-16, 0.2999999999999999889, -3.972135954999580054 ) ) ;
#1666 = EDGE_CURVE ( 'NONE', #3288, #511, #2844, .T. ) ;
#1667 = EDGE_CURVE ( 'NONE', #3198, #2073, #792, .T. ) ;
#1668 = CARTESIAN_POINT ( 'NONE',  ( -0.7500000000000000000, 4.500000000000000888, 0.000000000000000000 ) ) ;
#1669 = ORIENTED_EDGE ( 'NONE', *, *, #3568, .T. ) ;
#1670 = FACE_OUTER_BOUND ( 'NONE', #1436, .T. ) ;
#1671 = FILL_AREA_STYLE ('',( #2233 ) ) ;
#1672 = ORIENTED_EDGE ( 'NONE', *, *, #1526, .T. ) ;
#1673 = ORIENTED_EDGE ( 'NONE', *, *, #1099, .F. ) ;
#1674 = SURFACE_STYLE_USAGE ( .BOTH. , #3714 ) ;
#1675 =( LENGTH_UNIT ( ) NAMED_UNIT ( * ) SI_UNIT ( .MILLI., .METRE. ) );
#1676 = VECTOR ( 'NONE', #2158, 1000.000000000000000 ) ;
#1677 = CARTESIAN_POINT ( 'NONE',  ( 0.8000000000000000444, 5.000000000000000000, 1.385640646055100067 ) ) ;
#1678 = LINE ( 'NONE', #2830, #492 ) ;
#1679 = MECHANICAL_DESIGN_GEOMETRIC_PRESENTATION_REPRESENTATION (  '', ( #113 ), #292 ) ;
#1680 = SURFACE_STYLE_FILL_AREA ( #517 ) ;
#1681 = VECTOR ( 'NONE', #1583, 1000.000000000000000 ) ;
#1682 = CARTESIAN_POINT ( 'NONE',  ( 0.7500000000000000000, 5.000000000000000000, -0.1999999999999999278 ) ) ;
#1683 = SURFACE_STYLE_FILL_AREA ( #3423 ) ;
#1684 = DIRECTION ( 'NONE',  ( 0.000000000000000000, 1.000000000000000000, 0.000000000000000000 ) ) ;
#1685 = CARTESIAN_POINT ( 'NONE',  ( 0.000000000000000000, -1.076072228735579672E-17, -4.808578643762690952 ) ) ;
#1686 = COLOUR_RGB ( '',0.9529411764705881804, 0.9529411764705881804, 0.9529411764705881804 ) ;
#1687 = CARTESIAN_POINT ( 'NONE',  ( -0.8000000000000000444, 4.500000000000000888, 1.385640646055100067 ) ) ;
#1688 = VERTEX_POINT ( 'NONE', #1563 ) ;
#1689 =( LENGTH_UNIT ( ) NAMED_UNIT ( * ) SI_UNIT ( .MILLI., .METRE. ) );
#1690 = MECHANICAL_DESIGN_GEOMETRIC_PRESENTATION_REPRESENTATION (  '', ( #2042 ), #593 ) ;
#1691 = UNCERTAINTY_MEASURE_WITH_UNIT (LENGTH_MEASURE( 1.000000000000000082E-05 ), #1996, 'distance_accuracy_value', 'NONE');
#1692 = PLANE ( 'NONE',  #2413 ) ;
#1693 = EDGE_CURVE ( 'NONE', #364, #1626, #2647, .T. ) ;
#1694 = AXIS2_PLACEMENT_3D ( 'NONE', #403, #1560, #728 ) ;
#1695 = PRESENTATION_LAYER_ASSIGNMENT (  '', '', ( #2719 ) ) ;
#1696 = EDGE_LOOP ( 'NONE', ( #3374, #3312, #3479, #1581 ) ) ;
#1697 = ORIENTED_EDGE ( 'NONE', *, *, #1341, .F. ) ;
#1698 = SURFACE_STYLE_USAGE ( .BOTH. , #235 ) ;
#1699 = STYLED_ITEM ( 'NONE', ( #13 ), #1149 ) ;
#1700 = DIRECTION ( 'NONE',  ( 0.000000000000000000, 1.000000000000000000, 0.000000000000000000 ) ) ;
#1701 = AXIS2_PLACEMENT_3D ( 'NONE', #3421, #1443, #2810 ) ;
#1702 = ORIENTED_EDGE ( 'NONE', *, *, #1693, .F. ) ;
#1703 = PLANE ( 'NONE',  #1888 ) ;
#1704 = CARTESIAN_POINT ( 'NONE',  ( -1.375000000000000000, 0.2500000000000000000, -3.700000000000000178 ) ) ;
#1705 = CARTESIAN_POINT ( 'NONE',  ( 1.385640646055100067, 0.000000000000000000, -1.000000000000000000 ) ) ;
#1706 = VECTOR ( 'NONE', #1001, 1000.000000000000000 ) ;
#1707 = CARTESIAN_POINT ( 'NONE',  ( -0.8750000000000000000, 0.3099999999999999978, -2.200000000000000622 ) ) ;
#1708 = UNCERTAINTY_MEASURE_WITH_UNIT (LENGTH_MEASURE( 1.000000000000000082E-05 ), #1689, 'distance_accuracy_value', 'NONE');
#1709 =( NAMED_UNIT ( * ) PLANE_ANGLE_UNIT ( ) SI_UNIT ( $, .RADIAN. ) );
#1710 = DIRECTION ( 'NONE',  ( 0.000000000000000000, 0.000000000000000000, 1.000000000000000000 ) ) ;
#1711 =( GEOMETRIC_REPRESENTATION_CONTEXT ( 3 ) GLOBAL_UNCERTAINTY_ASSIGNED_CONTEXT ( ( #941 ) ) GLOBAL_UNIT_ASSIGNED_CONTEXT ( ( #2858, #1712, #273 ) ) REPRESENTATION_CONTEXT ( 'NONE', 'WORKASPACE' ) );
#1712 =( NAMED_UNIT ( * ) PLANE_ANGLE_UNIT ( ) SI_UNIT ( $, .RADIAN. ) );
#1713 = ORIENTED_EDGE ( 'NONE', *, *, #1576, .T. ) ;
#1714 = MECHANICAL_DESIGN_GEOMETRIC_PRESENTATION_REPRESENTATION (  '', ( #2540 ), #1156 ) ;
#1715 = DIRECTION ( 'NONE',  ( 0.000000000000000000, 1.000000000000000000, 0.000000000000000000 ) ) ;
#1716 = STYLED_ITEM ( 'NONE', ( #614 ), #2655 ) ;
#1717 = EDGE_CURVE ( 'NONE', #722, #2508, #2039, .T. ) ;
#1718 = EDGE_LOOP ( 'NONE', ( #3698, #53, #871, #440 ) ) ;
#1719 = ORIENTED_EDGE ( 'NONE', *, *, #230, .T. ) ;
#1721 = CIRCLE ( 'NONE', #2859, 0.1000000000000002554 ) ;
#1720 = CARTESIAN_POINT ( 'NONE',  ( -1.385640646055100067, 4.500000000000000888, -1.000000000000001110 ) ) ;
#1722 = CARTESIAN_POINT ( 'NONE',  ( 0.9828043081829319627, -0.06000000000000010186, 1.407804308182929898 ) ) ;
#1723 =( GEOMETRIC_REPRESENTATION_CONTEXT ( 3 ) GLOBAL_UNCERTAINTY_ASSIGNED_CONTEXT ( ( #1959 ) ) GLOBAL_UNIT_ASSIGNED_CONTEXT ( ( #2501, #1709, #1976 ) ) REPRESENTATION_CONTEXT ( 'NONE', 'WORKASPACE' ) );
#1724 = EDGE_CURVE ( 'NONE', #276, #722, #2321, .T. ) ;
#1725 = ORIENTED_EDGE ( 'NONE', *, *, #896, .F. ) ;
#1726 = SURFACE_SIDE_STYLE ('',( #3682 ) ) ;
#1727 = FACE_BOUND ( 'NONE', #158, .T. ) ;
#1728 = DIRECTION ( 'NONE',  ( -0.000000000000000000, -1.000000000000000000, -0.000000000000000000 ) ) ;
#1729 = ORIENTED_EDGE ( 'NONE', *, *, #167, .F. ) ;
#1730 =( NAMED_UNIT ( * ) SI_UNIT ( $, .STERADIAN. ) SOLID_ANGLE_UNIT ( ) );
#1731 = DIRECTION ( 'NONE',  ( 0.000000000000000000, 1.000000000000000000, -0.000000000000000000 ) ) ;
#1732 = EDGE_LOOP ( 'NONE', ( #1950, #388, #3015, #3332 ) ) ;
#1733 = EDGE_LOOP ( 'NONE', ( #2711, #1131, #1844, #1168 ) ) ;
#1734 = CARTESIAN_POINT ( 'NONE',  ( -9.144271909999149628, 0.000000000000000000, -4.572135954999581031 ) ) ;
#1735 = SURFACE_SIDE_STYLE ('',( #3736 ) ) ;
#1736 = VERTEX_POINT ( 'NONE', #2862 ) ;
#1737 = DIRECTION ( 'NONE',  ( -1.000000000000000000, 0.000000000000000000, -0.000000000000000000 ) ) ;
#1738 = AXIS2_PLACEMENT_3D ( 'NONE', #2070, #1474, #351 ) ;
#1739 = EDGE_CURVE ( 'NONE', #3547, #1125, #3102, .T. ) ;
#1740 = AXIS2_PLACEMENT_3D ( 'NONE', #1059, #478, #278 ) ;
#1741 = UNCERTAINTY_MEASURE_WITH_UNIT (LENGTH_MEASURE( 1.000000000000000082E-05 ), #602, 'distance_accuracy_value', 'NONE');
#1742 = FACE_BOUND ( 'NONE', #1175, .T. ) ;
#1743 = LINE ( 'NONE', #2623, #381 ) ;
#1744 = LINE ( 'NONE', #806, #978 ) ;
#1745 = EDGE_LOOP ( 'NONE', ( #2760, #1330 ) ) ;
#1746 = AXIS2_PLACEMENT_3D ( 'NONE', #1239, #1815, #714 ) ;
#1747 = AXIS2_PLACEMENT_3D ( 'NONE', #1111, #1989, #571 ) ;
#1748 = PLANE ( 'NONE',  #1349 ) ;
#1749 =( NAMED_UNIT ( * ) PLANE_ANGLE_UNIT ( ) SI_UNIT ( $, .RADIAN. ) );
#1750 = ORIENTED_EDGE ( 'NONE', *, *, #1381, .T. ) ;
#1751 = DIRECTION ( 'NONE',  ( 0.000000000000000000, 1.000000000000000000, 0.000000000000000000 ) ) ;
#1752 = DIRECTION ( 'NONE',  ( 0.000000000000000000, 1.000000000000000000, 0.000000000000000000 ) ) ;
#1753 = FACE_OUTER_BOUND ( 'NONE', #201, .T. ) ;
#1754 = CARTESIAN_POINT ( 'NONE',  ( -1.385640646055100067, 5.000000000000000000, -0.8000000000000010436 ) ) ;
#1755 = ORIENTED_EDGE ( 'NONE', *, *, #445, .T. ) ;
#1756 = MECHANICAL_DESIGN_GEOMETRIC_PRESENTATION_REPRESENTATION (  '', ( #2719 ), #62 ) ;
#1757 = DIRECTION ( 'NONE',  ( 0.000000000000000000, 1.000000000000000000, 0.000000000000000000 ) ) ;
#1758 = AXIS2_PLACEMENT_3D ( 'NONE', #937, #354, #633 ) ;
#1759 = LINE ( 'NONE', #3492, #1159 ) ;
#1760 = EDGE_CURVE ( 'NONE', #1153, #3058, #1762, .T. ) ;
#1761 = SURFACE_STYLE_USAGE ( .BOTH. , #596 ) ;
#1762 = CIRCLE ( 'NONE', #1389, 0.2000000000000000111 ) ;
#1763 = AXIS2_PLACEMENT_3D ( 'NONE', #762, #2259, #816 ) ;
#1764 = LINE ( 'NONE', #82, #1282 ) ;
#1765 = ORIENTED_EDGE ( 'NONE', *, *, #618, .T. ) ;
#1766 = ADVANCED_FACE ( 'NONE', ( #291, #1787 ), #2921, .F. ) ;
#1767 = CARTESIAN_POINT ( 'NONE',  ( -2.734561762220730504E-16, 0.3099999999999999978, -2.700000000000000178 ) ) ;
#1769 = EDGE_LOOP ( 'NONE', ( #2360, #1617, #3481, #1399 ) ) ;
#1768 = STYLED_ITEM ( 'NONE', ( #3135 ), #2505 ) ;
#1770 = ORIENTED_EDGE ( 'NONE', *, *, #2491, .T. ) ;
#1771 = CARTESIAN_POINT ( 'NONE',  ( -0.5000000000000011102, 0.3099999999999999978, 2.675000000000001155 ) ) ;
#1772 = FACE_OUTER_BOUND ( 'NONE', #1331, .T. ) ;
#1773 = VECTOR ( 'NONE', #3118, 1000.000000000000000 ) ;
#1774 = ORIENTED_EDGE ( 'NONE', *, *, #2581, .T. ) ;
#1775 = PRESENTATION_LAYER_ASSIGNMENT (  '', '', ( #323 ) ) ;
#1776 = SURFACE_SIDE_STYLE ('',( #3218 ) ) ;
#1777 = PLANE ( 'NONE',  #710 ) ;
#1778 = COLOUR_RGB ( '',0.9450980392156862475, 0.8980392156862745390, 0.7176470588235294157 ) ;
#1779 = DIRECTION ( 'NONE',  ( 0.000000000000000000, 0.000000000000000000, 1.000000000000000000 ) ) ;
#1780 = CARTESIAN_POINT ( 'NONE',  ( -1.385640646055100067, 5.000000000000000000, -0.8000000000000010436 ) ) ;
#1781 = UNCERTAINTY_MEASURE_WITH_UNIT (LENGTH_MEASURE( 1.000000000000000082E-05 ), #3327, 'distance_accuracy_value', 'NONE');
#1782 =( LENGTH_UNIT ( ) NAMED_UNIT ( * ) SI_UNIT ( .MILLI., .METRE. ) );
#1783 = PRESENTATION_LAYER_ASSIGNMENT (  '', '', ( #2489 ) ) ;
#1784 = DIRECTION ( 'NONE',  ( -0.000000000000000000, -1.000000000000000000, -0.000000000000000000 ) ) ;
#1785 = ORIENTED_EDGE ( 'NONE', *, *, #2943, .F. ) ;
#1786 = CARTESIAN_POINT ( 'NONE',  ( 0.000000000000000000, 1.300000000000000266, 0.000000000000000000 ) ) ;
#1787 = FACE_OUTER_BOUND ( 'NONE', #1831, .T. ) ;
#1788 = EDGE_CURVE ( 'NONE', #2292, #672, #731, .T. ) ;
#1789 = EDGE_CURVE ( 'NONE', #2254, #3497, #2608, .T. ) ;
#1790 = FACE_BOUND ( 'NONE', #1795, .T. ) ;
#1791 = ORIENTED_EDGE ( 'NONE', *, *, #1913, .T. ) ;
#1792 = PRESENTATION_STYLE_ASSIGNMENT (( #2271 ) ) ;
#1793 = CARTESIAN_POINT ( 'NONE',  ( 1.385640646055100067, 4.500000000000000888, -0.6000000000000000888 ) ) ;
#1794 = SURFACE_STYLE_USAGE ( .BOTH. , #2048 ) ;
#1795 = EDGE_LOOP ( 'NONE', ( #3046, #2764 ) ) ;
#1796 = LINE ( 'NONE', #3487, #3343 ) ;
#1797 = SURFACE_SIDE_STYLE ('',( #1522 ) ) ;
#1798 = CARTESIAN_POINT ( 'NONE',  ( -0.3750000000000000000, 0.000000000000000000, 0.8495190528383289585 ) ) ;
#1799 =( NAMED_UNIT ( * ) SI_UNIT ( $, .STERADIAN. ) SOLID_ANGLE_UNIT ( ) );
#1800 = CARTESIAN_POINT ( 'NONE',  ( 0.000000000000000000, 0.000000000000000000, 4.472135954999579610 ) ) ;
#1801 = PRESENTATION_LAYER_ASSIGNMENT (  '', '', ( #3483 ) ) ;
#1802 = EDGE_LOOP ( 'NONE', ( #3250, #930 ) ) ;
#1803 = CARTESIAN_POINT ( 'NONE',  ( 0.3750000000000000000, 5.000000000000000000, 0.8495190528383289585 ) ) ;
#1804 = MECHANICAL_DESIGN_GEOMETRIC_PRESENTATION_REPRESENTATION (  '', ( #3153 ), #891 ) ;
#1805 = FACE_BOUND ( 'NONE', #2269, .T. ) ;
#1806 = ORIENTED_EDGE ( 'NONE', *, *, #3568, .F. ) ;
#1807 = EDGE_CURVE ( 'NONE', #3084, #3601, #2058, .T. ) ;
#1808 = CARTESIAN_POINT ( 'NONE',  ( -4.008844199920325749E-15, -3.586907429118599676E-18, 4.513557311236888303 ) ) ;
#1809 = CARTESIAN_POINT ( 'NONE',  ( 1.385640646055100067, 5.000000000000000000, -0.8000000000000000444 ) ) ;
#1810 = ORIENTED_EDGE ( 'NONE', *, *, #758, .T. ) ;
#1811 =( NAMED_UNIT ( * ) PLANE_ANGLE_UNIT ( ) SI_UNIT ( $, .RADIAN. ) );
#1812 = ADVANCED_FACE ( 'NONE', ( #63 ), #344, .F. ) ;
#1813 = CARTESIAN_POINT ( 'NONE',  ( -0.7500000000000000000, 0.000000000000000000, 0.2000000000000000111 ) ) ;
#1814 = VECTOR ( 'NONE', #2908, 1000.000000000000000 ) ;
#1815 = DIRECTION ( 'NONE',  ( -1.000000000000000000, 0.000000000000000000, -1.224646799147353207E-16 ) ) ;
#1816 = UNCERTAINTY_MEASURE_WITH_UNIT (LENGTH_MEASURE( 1.000000000000000082E-05 ), #1181, 'distance_accuracy_value', 'NONE');
#1817 = FACE_OUTER_BOUND ( 'NONE', #2310, .T. ) ;
#1818 = FILL_AREA_STYLE ('',( #99 ) ) ;
#1819 = ORIENTED_EDGE ( 'NONE', *, *, #1272, .T. ) ;
#1820 =( GEOMETRIC_REPRESENTATION_CONTEXT ( 3 ) GLOBAL_UNCERTAINTY_ASSIGNED_CONTEXT ( ( #37 ) ) GLOBAL_UNIT_ASSIGNED_CONTEXT ( ( #1782, #616, #1799 ) ) REPRESENTATION_CONTEXT ( 'NONE', 'WORKASPACE' ) );
#1821 = CARTESIAN_POINT ( 'NONE',  ( 0.6875000000000000000, 0.4400000000000000022, 1.407804308182929898 ) ) ;
#1822 = CARTESIAN_POINT ( 'NONE',  ( -1.385640646055100067, 5.000000000000000000, 0.8000000000000000444 ) ) ;
#1823 = CIRCLE ( 'NONE', #2982, 0.2000000000000000944 ) ;
#1824 = FACE_BOUND ( 'NONE', #867, .T. ) ;
#1825 = VERTEX_POINT ( 'NONE', #2706 ) ;
#1826 = VERTEX_POINT ( 'NONE', #3029 ) ;
#1827 = FACE_OUTER_BOUND ( 'NONE', #3308, .T. ) ;
#1828 = STYLED_ITEM ( 'NONE', ( #484 ), #2008 ) ;
#1829 = ADVANCED_FACE ( 'NONE', ( #3540 ), #947, .F. ) ;
#1830 = CARTESIAN_POINT ( 'NONE',  ( -1.375000000000000000, 0.000000000000000000, -2.700000000000000178 ) ) ;
#1831 = EDGE_LOOP ( 'NONE', ( #143, #1308 ) ) ;
#1832 = CARTESIAN_POINT ( 'NONE',  ( -9.797174393178829848E-17, 5.000000000000000000, 1.600000000000000089 ) ) ;
#1833 = FILL_AREA_STYLE_COLOUR ( '', #2595 ) ;
#1835 = VECTOR ( 'NONE', #341, 1000.000000000000000 ) ;
#1834 = LINE ( 'NONE', #1196, #1310 ) ;
#1836 = EDGE_CURVE ( 'NONE', #2062, #2496, #973, .T. ) ;
#1837 = EDGE_CURVE ( 'NONE', #457, #632, #1823, .T. ) ;
#1838 = MECHANICAL_DESIGN_GEOMETRIC_PRESENTATION_REPRESENTATION (  '', ( #2483 ), #918 ) ;
#1839 = LINE ( 'NONE', #3225, #1928 ) ;
#1840 = PRESENTATION_STYLE_ASSIGNMENT (( #3662 ) ) ;
#1841 = COLOUR_RGB ( '',0.9529411764705881804, 0.9529411764705881804, 0.9529411764705881804 ) ;
#1842 = DIRECTION ( 'NONE',  ( 0.000000000000000000, 0.000000000000000000, 1.000000000000000000 ) ) ;
#1844 = ORIENTED_EDGE ( 'NONE', *, *, #855, .T. ) ;
#1843 = MECHANICAL_DESIGN_GEOMETRIC_PRESENTATION_REPRESENTATION (  '', ( #1952 ), #864 ) ;
#1845 = DIRECTION ( 'NONE',  ( 0.000000000000000000, 0.000000000000000000, 1.000000000000000000 ) ) ;
#1846 = DIRECTION ( 'NONE',  ( 0.000000000000000000, 0.000000000000000000, 1.000000000000000000 ) ) ;
#1847 = CARTESIAN_POINT ( 'NONE',  ( -8.944271909999160997, 0.04142135623730948402, 4.472135954999577834 ) ) ;
#1848 = PLANE ( 'NONE',  #2735 ) ;
#1849 = ORIENTED_EDGE ( 'NONE', *, *, #3563, .F. ) ;
#1850 = ORIENTED_EDGE ( 'NONE', *, *, #1526, .F. ) ;
#1851 = DIRECTION ( 'NONE',  ( 0.000000000000000000, 0.000000000000000000, 1.000000000000000000 ) ) ;
#1852 = CARTESIAN_POINT ( 'NONE',  ( -0.7999999999999990452, 4.500000000000000888, -1.585640646055100245 ) ) ;
#1853 = ORIENTED_EDGE ( 'NONE', *, *, #1724, .F. ) ;
#1854 = CARTESIAN_POINT ( 'NONE',  ( -9.499999999999996447, 0.000000000000000000, 4.750000000000000888 ) ) ;
#1855 =( LENGTH_UNIT ( ) NAMED_UNIT ( * ) SI_UNIT ( .MILLI., .METRE. ) );
#1856 = SURFACE_SIDE_STYLE ('',( #694 ) ) ;
#1857 = CARTESIAN_POINT ( 'NONE',  ( -0.7500000000000000000, 4.500000000000000888, 0.000000000000000000 ) ) ;
#1858 = EDGE_CURVE ( 'NONE', #2062, #1004, #1366, .T. ) ;
#1859 = CARTESIAN_POINT ( 'NONE',  ( -1.385640646055100067, 4.500000000000000888, 0.8000000000000000444 ) ) ;
#1860 = PRESENTATION_STYLE_ASSIGNMENT (( #1304 ) ) ;
#1861 = EDGE_LOOP ( 'NONE', ( #2999, #1765 ) ) ;
#1862 = FACE_OUTER_BOUND ( 'NONE', #649, .T. ) ;
#1863 =( NAMED_UNIT ( * ) PLANE_ANGLE_UNIT ( ) SI_UNIT ( $, .RADIAN. ) );
#1864 = AXIS2_PLACEMENT_3D ( 'NONE', #2691, #2929, #1535 ) ;
#1865 = ORIENTED_EDGE ( 'NONE', *, *, #2240, .F. ) ;
#1866 = AXIS2_PLACEMENT_3D ( 'NONE', #3583, #2707, #123 ) ;
#1867 = ORIENTED_EDGE ( 'NONE', *, *, #3267, .F. ) ;
#1868 = ORIENTED_EDGE ( 'NONE', *, *, #1547, .T. ) ;
#1869 = LINE ( 'NONE', #149, #2970 ) ;
#1870 = CIRCLE ( 'NONE', #826, 0.1999999999999999833 ) ;
#1871 = LINE ( 'NONE', #2756, #2299 ) ;
#1872 = DIRECTION ( 'NONE',  ( 0.000000000000000000, 1.000000000000000000, 0.000000000000000000 ) ) ;
#1873 = SURFACE_STYLE_USAGE ( .BOTH. , #2118 ) ;
#1874 = CARTESIAN_POINT ( 'NONE',  ( 9.499999999999996447, 0.000000000000000000, 4.749999999999998224 ) ) ;
#1875 = VECTOR ( 'NONE', #32, 1000.000000000000000 ) ;
#1876 = DIRECTION ( 'NONE',  ( 0.000000000000000000, 1.000000000000000000, 0.000000000000000000 ) ) ;
#1877 = EDGE_LOOP ( 'NONE', ( #3398, #161, #1324, #1040 ) ) ;
#1878 = CARTESIAN_POINT ( 'NONE',  ( 5.327213576290986242E-16, 5.000000000000000888, -4.349999999999999645 ) ) ;
#1879 = VECTOR ( 'NONE', #1999, 1000.000000000000000 ) ;
#1880 =( NAMED_UNIT ( * ) SI_UNIT ( $, .STERADIAN. ) SOLID_ANGLE_UNIT ( ) );
#1881 = EDGE_CURVE ( 'NONE', #989, #2190, #798, .T. ) ;
#1882 = VECTOR ( 'NONE', #2279, 1000.000000000000000 ) ;
#1883 = CARTESIAN_POINT ( 'NONE',  ( 2.402561113324040090E-16, 5.000000000000000000, 9.537998493343269875E-17 ) ) ;
#1884 = ORIENTED_EDGE ( 'NONE', *, *, #190, .F. ) ;
#1885 = ORIENTED_EDGE ( 'NONE', *, *, #1496, .T. ) ;
#1886 = UNCERTAINTY_MEASURE_WITH_UNIT (LENGTH_MEASURE( 1.000000000000000082E-05 ), #1973, 'distance_accuracy_value', 'NONE');
#1887 = CARTESIAN_POINT ( 'NONE',  ( 9.144271909999165615, 0.000000000000000000, 4.572135954999588137 ) ) ;
#1888 = AXIS2_PLACEMENT_3D ( 'NONE', #3383, #1662, #1933 ) ;
#1889 = ORIENTED_EDGE ( 'NONE', *, *, #3569, .F. ) ;
#1890 = SURFACE_STYLE_USAGE ( .BOTH. , #1012 ) ;
#1891 = DIRECTION ( 'NONE',  ( 0.000000000000000000, 1.000000000000000000, 0.000000000000000000 ) ) ;
#1892 = DIRECTION ( 'NONE',  ( 0.000000000000000000, 0.000000000000000000, 1.000000000000000000 ) ) ;
#1893 = PRESENTATION_LAYER_ASSIGNMENT (  '', '', ( #2422 ) ) ;
#1894 = PLANE ( 'NONE',  #1658 ) ;
#1895 = CARTESIAN_POINT ( 'NONE',  ( -9.699999999999999289, 0.09999999999999999167, -4.849999999999996980 ) ) ;
#1896 = MECHANICAL_DESIGN_GEOMETRIC_PRESENTATION_REPRESENTATION (  '', ( #199 ), #2991 ) ;
#1897 = CARTESIAN_POINT ( 'NONE',  ( 0.000000000000000000, 4.500000000000000888, 0.000000000000000000 ) ) ;
#1898 = SURFACE_SIDE_STYLE ('',( #2517 ) ) ;
#1899 = DIRECTION ( 'NONE',  ( 0.000000000000000000, 0.000000000000000000, 1.000000000000000000 ) ) ;
#1900 = ORIENTED_EDGE ( 'NONE', *, *, #1667, .T. ) ;
#1901 = DIRECTION ( 'NONE',  ( 0.000000000000000000, 1.000000000000000000, 0.000000000000000000 ) ) ;
#1902 = ORIENTED_EDGE ( 'NONE', *, *, #2602, .F. ) ;
#1903 = EDGE_LOOP ( 'NONE', ( #2688, #1532 ) ) ;
#1904 = CARTESIAN_POINT ( 'NONE',  ( -0.7500000000000000000, 0.000000000000000000, 0.000000000000000000 ) ) ;
#1905 = ADVANCED_FACE ( 'NONE', ( #2481 ), #3220, .T. ) ;
#1906 = EDGE_CURVE ( 'NONE', #458, #2254, #1017, .T. ) ;
#1907 = CYLINDRICAL_SURFACE ( 'NONE', #3097, 0.5000000000000000000 ) ;
#1908 = DIRECTION ( 'NONE',  ( 0.000000000000000000, 0.000000000000000000, 1.000000000000000000 ) ) ;
#1909 = CARTESIAN_POINT ( 'NONE',  ( -1.187907395172932594E-15, 0.1000000000000000056, -4.850000000000000533 ) ) ;
#1910 = ORIENTED_EDGE ( 'NONE', *, *, #1724, .T. ) ;
#1911 = ORIENTED_EDGE ( 'NONE', *, *, #2682, .F. ) ;
#1912 = CARTESIAN_POINT ( 'NONE',  ( -0.8750000000000000000, 0.3099999999999999978, 0.000000000000000000 ) ) ;
#1913 = EDGE_CURVE ( 'NONE', #2127, #3462, #2173, .T. ) ;
#1914 = EDGE_LOOP ( 'NONE', ( #2213, #533 ) ) ;
#1915 = VERTEX_POINT ( 'NONE', #2461 ) ;
#1916 = FACE_OUTER_BOUND ( 'NONE', #2940, .T. ) ;
#1917 = STYLED_ITEM ( 'NONE', ( #768 ), #3518 ) ;
#1918 = CARTESIAN_POINT ( 'NONE',  ( 1.385640646055100067, 5.000000000000000000, 0.6000000000000009770 ) ) ;
#1919 = ADVANCED_FACE ( 'NONE', ( #3315 ), #2206, .F. ) ;
#1920 = MECHANICAL_DESIGN_GEOMETRIC_PRESENTATION_REPRESENTATION (  '', ( #2280 ), #2827 ) ;
#1921 = DIRECTION ( 'NONE',  ( 0.000000000000000000, 1.000000000000000000, 0.000000000000000000 ) ) ;
#1922 = CYLINDRICAL_SURFACE ( 'NONE', #360, 0.1999999999999999833 ) ;
#1923 = CARTESIAN_POINT ( 'NONE',  ( -9.700000000000001066, 4.792893218813452982, 4.849999999999996980 ) ) ;
#1924 = ORIENTED_EDGE ( 'NONE', *, *, #101, .T. ) ;
#1925 = VECTOR ( 'NONE', #1751, 1000.000000000000000 ) ;
#1926 = STYLED_ITEM ( 'NONE', ( #2499 ), #824 ) ;
#1927 = LINE ( 'NONE', #2452, #1042 ) ;
#1928 = VECTOR ( 'NONE', #959, 1000.000000000000000 ) ;
#1929 = ORIENTED_EDGE ( 'NONE', *, *, #2702, .F. ) ;
#1930 = AXIS2_PLACEMENT_3D ( 'NONE', #3623, #2525, #2839 ) ;
#1931 =( LENGTH_UNIT ( ) NAMED_UNIT ( * ) SI_UNIT ( .MILLI., .METRE. ) );
#1932 =( GEOMETRIC_REPRESENTATION_CONTEXT ( 3 ) GLOBAL_UNCERTAINTY_ASSIGNED_CONTEXT ( ( #862 ) ) GLOBAL_UNIT_ASSIGNED_CONTEXT ( ( #749, #454, #1320 ) ) REPRESENTATION_CONTEXT ( 'NONE', 'WORKASPACE' ) );
#1933 = DIRECTION ( 'NONE',  ( 0.000000000000000000, -0.000000000000000000, 1.000000000000000000 ) ) ;
#1934 = CIRCLE ( 'NONE', #196, 0.2000000000000000944 ) ;
#1935 = ADVANCED_FACE ( 'NONE', ( #2137 ), #2759, .F. ) ;
#1936 =( LENGTH_UNIT ( ) NAMED_UNIT ( * ) SI_UNIT ( .MILLI., .METRE. ) );
#1937 = EDGE_CURVE ( 'NONE', #316, #723, #3395, .T. ) ;
#1938 = DIRECTION ( 'NONE',  ( 0.000000000000000000, 0.000000000000000000, 1.000000000000000000 ) ) ;
#1939 = PRESENTATION_STYLE_ASSIGNMENT (( #785 ) ) ;
#1940 = CARTESIAN_POINT ( 'NONE',  ( 0.000000000000000000, 5.000000000000000000, 0.000000000000000000 ) ) ;
#1941 = PRESENTATION_LAYER_ASSIGNMENT (  '', '', ( #199 ) ) ;
#1942 = LINE ( 'NONE', #2813, #1395 ) ;
#1944 = ORIENTED_EDGE ( 'NONE', *, *, #3378, .T. ) ;
#1943 = AXIS2_PLACEMENT_3D ( 'NONE', #285, #2541, #209 ) ;
#1945 = CARTESIAN_POINT ( 'NONE',  ( 1.385640646055100067, 4.500000000000000888, -0.8000000000000000444 ) ) ;
#1946 =( BOUNDED_CURVE ( )  B_SPLINE_CURVE ( 3, ( #1082, #3393, #1128, #1373 ),
 .UNSPECIFIED., .F., .T. ) 
 B_SPLINE_CURVE_WITH_KNOTS ( ( 4, 4 ),
 ( 4.712388980384689674, 6.020163104271116339 ),
 .UNSPECIFIED. ) 
 CURVE ( )  GEOMETRIC_REPRESENTATION_ITEM ( )  RATIONAL_B_SPLINE_CURVE ( ( 1.000000000000000000, 0.8624835955462516468, 0.8624835955462516468, 1.000000000000000000 ) ) 
 REPRESENTATION_ITEM ( '' )  );
#1947 = SURFACE_SIDE_STYLE ('',( #390 ) ) ;
#1948 = STYLED_ITEM ( 'NONE', ( #3477 ), #213 ) ;
#1949 = ORIENTED_EDGE ( 'NONE', *, *, #372, .F. ) ;
#1950 = ORIENTED_EDGE ( 'NONE', *, *, #3467, .F. ) ;
#1951 = LINE ( 'NONE', #757, #3683 ) ;
#1952 = STYLED_ITEM ( 'NONE', ( #2445 ), #334 ) ;
#1953 = FACE_OUTER_BOUND ( 'NONE', #1010, .T. ) ;
#1954 = SURFACE_STYLE_FILL_AREA ( #3380 ) ;
#1955 = PLANE ( 'NONE',  #1266 ) ;
#1956 =( NAMED_UNIT ( * ) SI_UNIT ( $, .STERADIAN. ) SOLID_ANGLE_UNIT ( ) );
#1957 = DIRECTION ( 'NONE',  ( 0.000000000000000000, 0.000000000000000000, 1.000000000000000000 ) ) ;
#1958 = EDGE_CURVE ( 'NONE', #2160, #2571, #221, .T. ) ;
#1959 = UNCERTAINTY_MEASURE_WITH_UNIT (LENGTH_MEASURE( 1.000000000000000082E-05 ), #2501, 'distance_accuracy_value', 'NONE');
#1960 = SURFACE_STYLE_FILL_AREA ( #803 ) ;
#1961 = CARTESIAN_POINT ( 'NONE',  ( 5.939536975864663955E-16, 0.04142135623730949789, 4.849999999999998757 ) ) ;
#1962 = CARTESIAN_POINT ( 'NONE',  ( -0.3750000000000000000, 0.3099999999999999978, -3.200000000000000178 ) ) ;
#1963 = ORIENTED_EDGE ( 'NONE', *, *, #527, .T. ) ;
#1964 = CARTESIAN_POINT ( 'NONE',  ( -1.125000000000000222, 0.2500000000000000000, -2.950000000000000178 ) ) ;
#1965 = PRESENTATION_STYLE_ASSIGNMENT (( #2739 ) ) ;
#1966 = ORIENTED_EDGE ( 'NONE', *, *, #1496, .F. ) ;
#1967 = ORIENTED_EDGE ( 'NONE', *, *, #1858, .F. ) ;
#1968 = PRESENTATION_STYLE_ASSIGNMENT (( #185 ) ) ;
#1969 =( NAMED_UNIT ( * ) SI_UNIT ( $, .STERADIAN. ) SOLID_ANGLE_UNIT ( ) );
#1970 = VECTOR ( 'NONE', #142, 1000.000000000000000 ) ;
#1971 = DIRECTION ( 'NONE',  ( 0.000000000000000000, 1.000000000000000000, 0.000000000000000000 ) ) ;
#1972 = ORIENTED_EDGE ( 'NONE', *, *, #3589, .T. ) ;
#1973 =( LENGTH_UNIT ( ) NAMED_UNIT ( * ) SI_UNIT ( .MILLI., .METRE. ) );
#1974 = DIRECTION ( 'NONE',  ( -0.000000000000000000, -1.000000000000000000, -0.000000000000000000 ) ) ;
#1975 = COLOUR_RGB ( '',0.9529411764705881804, 0.9529411764705881804, 0.9529411764705881804 ) ;
#1976 =( NAMED_UNIT ( * ) SI_UNIT ( $, .STERADIAN. ) SOLID_ANGLE_UNIT ( ) );
#1977 = FACE_BOUND ( 'NONE', #3197, .T. ) ;
#1978 = CARTESIAN_POINT ( 'NONE',  ( -0.3750000000000000000, 5.000000000000000000, -0.6495190528383290030 ) ) ;
#1979 = EDGE_CURVE ( 'NONE', #1229, #1153, #206, .T. ) ;
#1980 = ORIENTED_EDGE ( 'NONE', *, *, #3541, .F. ) ;
#1981 = COLOUR_RGB ( '',0.9529411764705881804, 0.9529411764705881804, 0.9529411764705881804 ) ;
#1982 = CARTESIAN_POINT ( 'NONE',  ( -0.3750000000000000000, 4.500000000000000888, -0.6495190528383290030 ) ) ;
#1983 = EDGE_CURVE ( 'NONE', #105, #2821, #3452, .T. ) ;
#1984 = ORIENTED_EDGE ( 'NONE', *, *, #2100, .T. ) ;
#1985 = EDGE_LOOP ( 'NONE', ( #3212, #3196, #638, #370 ) ) ;
#1986 = CARTESIAN_POINT ( 'NONE',  ( -0.8000000000000000444, 0.000000000000000000, 1.385640646055100067 ) ) ;
#1987 =( NAMED_UNIT ( * ) PLANE_ANGLE_UNIT ( ) SI_UNIT ( $, .RADIAN. ) );
#1988 = VECTOR ( 'NONE', #2674, 1000.000000000000000 ) ;
#1989 = DIRECTION ( 'NONE',  ( 0.000000000000000000, 1.000000000000000000, 0.000000000000000000 ) ) ;
#1990 = DIRECTION ( 'NONE',  ( -0.000000000000000000, -1.000000000000000000, -0.000000000000000000 ) ) ;
#1991 = VECTOR ( 'NONE', #2664, 1000.000000000000000 ) ;
#1992 = EDGE_LOOP ( 'NONE', ( #1471, #3024, #3246, #227 ) ) ;
#1993 = CARTESIAN_POINT ( 'NONE',  ( 5.939536975864662969E-16, 0.1000000000000000056, -4.850000000000000533 ) ) ;
#1994 = CARTESIAN_POINT ( 'NONE',  ( 0.7500000000000000000, 4.500000000000000888, 9.184850993605150903E-17 ) ) ;
#1995 = AXIS2_PLACEMENT_3D ( 'NONE', #3542, #2418, #345 ) ;
#1996 =( LENGTH_UNIT ( ) NAMED_UNIT ( * ) SI_UNIT ( .MILLI., .METRE. ) );
#1997 = UNCERTAINTY_MEASURE_WITH_UNIT (LENGTH_MEASURE( 1.000000000000000082E-05 ), #2947, 'distance_accuracy_value', 'NONE');
#1998 = SURFACE_SIDE_STYLE ('',( #1960 ) ) ;
#1999 = DIRECTION ( 'NONE',  ( 0.000000000000000000, 1.000000000000000000, 0.000000000000000000 ) ) ;
#2000 = DIRECTION ( 'NONE',  ( 0.000000000000000000, 1.000000000000000000, 0.000000000000000000 ) ) ;
#2001 = AXIS2_PLACEMENT_3D ( 'NONE', #1687, #2545, #1145 ) ;
#2002 =( NAMED_UNIT ( * ) SI_UNIT ( $, .STERADIAN. ) SOLID_ANGLE_UNIT ( ) );
#2003 = FACE_OUTER_BOUND ( 'NONE', #2478, .T. ) ;
#2004 = AXIS2_PLACEMENT_3D ( 'NONE', #3612, #1876, #2725 ) ;
#2005 = COLOUR_RGB ( '',0.9529411764705881804, 0.9529411764705881804, 0.9529411764705881804 ) ;
#2006 = ORIENTED_EDGE ( 'NONE', *, *, #2872, .F. ) ;
#2007 = CARTESIAN_POINT ( 'NONE',  ( -1.600000000000000089, 5.000000000000000000, 0.000000000000000000 ) ) ;
#2008 = ADVANCED_FACE ( 'NONE', ( #781, #3175 ), #1703, .F. ) ;
#2009 = EDGE_CURVE ( 'NONE', #433, #276, #1678, .T. ) ;
#2010 =( LENGTH_UNIT ( ) NAMED_UNIT ( * ) SI_UNIT ( .MILLI., .METRE. ) );
#2011 = MECHANICAL_DESIGN_GEOMETRIC_PRESENTATION_REPRESENTATION (  '', ( #1226 ), #1723 ) ;
#2012 = ORIENTED_EDGE ( 'NONE', *, *, #877, .F. ) ;
#2013 = CARTESIAN_POINT ( 'NONE',  ( 0.2499999999999990286, -0.06000000000000010186, 2.192195691817069747 ) ) ;
#2014 = CARTESIAN_POINT ( 'NONE',  ( 0.000000000000000000, 1.300000000000000266, 0.000000000000000000 ) ) ;
#2015 = DIRECTION ( 'NONE',  ( -0.000000000000000000, -1.000000000000000000, -0.000000000000000000 ) ) ;
#2016 = CARTESIAN_POINT ( 'NONE',  ( 1.600000000000000089, 0.000000000000000000, 1.959434878635770160E-16 ) ) ;
#2017 = CARTESIAN_POINT ( 'NONE',  ( -1.875000000000000000, 0.000000000000000000, -3.200000000000000178 ) ) ;
#2018 = ORIENTED_EDGE ( 'NONE', *, *, #2240, .T. ) ;
#2019 = SURFACE_STYLE_FILL_AREA ( #2289 ) ;
#2020 = EDGE_LOOP ( 'NONE', ( #30, #1853, #2466, #2961 ) ) ;
#2021 = ORIENTED_EDGE ( 'NONE', *, *, #3484, .F. ) ;
#2022 =( NAMED_UNIT ( * ) PLANE_ANGLE_UNIT ( ) SI_UNIT ( $, .RADIAN. ) );
#2023 = CARTESIAN_POINT ( 'NONE',  ( -1.375000000000000000, 0.000000000000000000, -2.200000000000000178 ) ) ;
#2024 = ADVANCED_FACE ( 'NONE', ( #2276 ), #3112, .F. ) ;
#2025 = DIRECTION ( 'NONE',  ( -0.000000000000000000, -1.000000000000000000, -0.000000000000000000 ) ) ;
#2026 = ORIENTED_EDGE ( 'NONE', *, *, #3635, .T. ) ;
#2027 = FACE_OUTER_BOUND ( 'NONE', #1718, .T. ) ;
#2028 =( NAMED_UNIT ( * ) PLANE_ANGLE_UNIT ( ) SI_UNIT ( $, .RADIAN. ) );
#2029 = EDGE_CURVE ( 'NONE', #2496, #2062, #3219, .T. ) ;
#2030 = AXIS2_PLACEMENT_3D ( 'NONE', #2204, #1013, #1892 ) ;
#2031 =( NAMED_UNIT ( * ) SI_UNIT ( $, .STERADIAN. ) SOLID_ANGLE_UNIT ( ) );
#2032 = DIRECTION ( 'NONE',  ( -0.000000000000000000, 0.000000000000000000, -1.000000000000000000 ) ) ;
#2033 = CARTESIAN_POINT ( 'NONE',  ( 9.699999999999999289, 0.04142135623730950483, -4.850000000000000533 ) ) ;
#2034 = MECHANICAL_DESIGN_GEOMETRIC_PRESENTATION_REPRESENTATION (  '', ( #2511 ), #1185 ) ;
#2035 = CARTESIAN_POINT ( 'NONE',  ( 1.385640646055100067, 5.000000000000000000, -0.6000000000000000888 ) ) ;
#2036 = ORIENTED_EDGE ( 'NONE', *, *, #3115, .T. ) ;
#2037 = CIRCLE ( 'NONE', #410, 4.472135954999579610 ) ;
#2038 = MECHANICAL_DESIGN_GEOMETRIC_PRESENTATION_REPRESENTATION (  '', ( #1433 ), #2697 ) ;
#2039 = LINE ( 'NONE', #1167, #2530 ) ;
#2040 =( GEOMETRIC_REPRESENTATION_CONTEXT ( 3 ) GLOBAL_UNCERTAINTY_ASSIGNED_CONTEXT ( ( #252 ) ) GLOBAL_UNIT_ASSIGNED_CONTEXT ( ( #3719, #3132, #2515 ) ) REPRESENTATION_CONTEXT ( 'NONE', 'WORKASPACE' ) );
#2041 = VERTEX_POINT ( 'NONE', #2578 ) ;
#2042 = STYLED_ITEM ( 'NONE', ( #1063 ), #849 ) ;
#2043 = ORIENTED_EDGE ( 'NONE', *, *, #575, .T. ) ;
#2044 = DIRECTION ( 'NONE',  ( 0.000000000000000000, 0.000000000000000000, 1.000000000000000000 ) ) ;
#2045 = DIRECTION ( 'NONE',  ( 0.000000000000000000, 0.000000000000000000, 1.000000000000000000 ) ) ;
#2046 = AXIS2_PLACEMENT_3D ( 'NONE', #1236, #3622, #449 ) ;
#2047 = AXIS2_PLACEMENT_3D ( 'NONE', #1404, #2556, #2869 ) ;
#2048 = SURFACE_SIDE_STYLE ('',( #631 ) ) ;
#2049 = ORIENTED_EDGE ( 'NONE', *, *, #1576, .F. ) ;
#2050 = CARTESIAN_POINT ( 'NONE',  ( -1.168510234126729941, -0.06000000000000000472, 1.800000000000000266 ) ) ;
#2051 =( GEOMETRIC_REPRESENTATION_CONTEXT ( 3 ) GLOBAL_UNCERTAINTY_ASSIGNED_CONTEXT ( ( #1781 ) ) GLOBAL_UNIT_ASSIGNED_CONTEXT ( ( #3327, #2399, #1533 ) ) REPRESENTATION_CONTEXT ( 'NONE', 'WORKASPACE' ) );
#2052 = FILL_AREA_STYLE ('',( #3488 ) ) ;
#2053 = STYLED_ITEM ( 'NONE', ( #1965 ), #1609 ) ;
#2054 = CARTESIAN_POINT ( 'NONE',  ( -0.3750000000000000000, 0.000000000000000000, 0.6495190528383290030 ) ) ;
#2055 = DIRECTION ( 'NONE',  ( 0.000000000000000000, 0.000000000000000000, 1.000000000000000000 ) ) ;
#2056 = DIRECTION ( 'NONE',  ( 1.000000000000000000, -0.000000000000000000, 0.000000000000000000 ) ) ;
#2057 = EDGE_CURVE ( 'NONE', #1070, #148, #1934, .T. ) ;
#2058 = CIRCLE ( 'NONE', #1144, 3.972135954999580054 ) ;
#2059 = EDGE_CURVE ( 'NONE', #689, #1248, #3704, .T. ) ;
#2060 = DIRECTION ( 'NONE',  ( 0.000000000000000000, 1.000000000000000000, 0.000000000000000000 ) ) ;
#2061 = VECTOR ( 'NONE', #2366, 1000.000000000000000 ) ;
#2062 = VERTEX_POINT ( 'NONE', #1993 ) ;
#2063 = FACE_OUTER_BOUND ( 'NONE', #1992, .T. ) ;
#2064 = DIRECTION ( 'NONE',  ( -0.000000000000000000, -1.000000000000000000, -0.000000000000000000 ) ) ;
#2065 = AXIS2_PLACEMENT_3D ( 'NONE', #437, #2211, #2801 ) ;
#2066 = CARTESIAN_POINT ( 'NONE',  ( 0.7500000000000000000, 5.000000000000000000, 0.2000000000000000944 ) ) ;
#2067 = ORIENTED_EDGE ( 'NONE', *, *, #1018, .F. ) ;
#2068 =( NAMED_UNIT ( * ) SI_UNIT ( $, .STERADIAN. ) SOLID_ANGLE_UNIT ( ) );
#2069 = DIRECTION ( 'NONE',  ( 0.000000000000000000, 0.000000000000000000, 1.000000000000000000 ) ) ;
#2070 = CARTESIAN_POINT ( 'NONE',  ( 0.000000000000000000, 0.000000000000000000, 0.000000000000000000 ) ) ;
#2071 = AXIS2_PLACEMENT_3D ( 'NONE', #2094, #1784, #1429 ) ;
#2072 = DIRECTION ( 'NONE',  ( 0.000000000000000000, 0.000000000000000000, 1.000000000000000000 ) ) ;
#2073 = VERTEX_POINT ( 'NONE', #3738 ) ;
#2074 = DIRECTION ( 'NONE',  ( 0.000000000000000000, 1.000000000000000000, 0.000000000000000000 ) ) ;
#2075 = AXIS2_PLACEMENT_3D ( 'NONE', #3124, #216, #1414 ) ;
#2076 = CARTESIAN_POINT ( 'NONE',  ( 0.000000000000000000, 0.3099999999999999978, 0.000000000000000000 ) ) ;
#2077 = PRESENTATION_LAYER_ASSIGNMENT (  '', '', ( #1226 ) ) ;
#2078 = CARTESIAN_POINT ( 'NONE',  ( -1.375000000000000000, 0.3099999999999999978, -2.700000000000000178 ) ) ;
#2079 = UNCERTAINTY_MEASURE_WITH_UNIT (LENGTH_MEASURE( 1.000000000000000082E-05 ), #1182, 'distance_accuracy_value', 'NONE');
#2080 = CARTESIAN_POINT ( 'NONE',  ( -0.8750000000000000000, 0.000000000000000000, -3.200000000000000178 ) ) ;
#2081 = ADVANCED_FACE ( 'NONE', ( #2887 ), #612, .T. ) ;
#2082 = ORIENTED_EDGE ( 'NONE', *, *, #2560, .T. ) ;
#2083 = CARTESIAN_POINT ( 'NONE',  ( 0.000000000000000000, 0.09999999999999999167, 4.472135954999579610 ) ) ;
#2084 = FACE_BOUND ( 'NONE', #756, .T. ) ;
#2085 = EDGE_LOOP ( 'NONE', ( #144, #793 ) ) ;
#2086 = ORIENTED_EDGE ( 'NONE', *, *, #1197, .F. ) ;
#2087 = FACE_OUTER_BOUND ( 'NONE', #1696, .T. ) ;
#2088 =( NAMED_UNIT ( * ) SI_UNIT ( $, .STERADIAN. ) SOLID_ANGLE_UNIT ( ) );
#2089 = FACE_OUTER_BOUND ( 'NONE', #969, .T. ) ;
#2090 = CARTESIAN_POINT ( 'NONE',  ( -2.734561762220730504E-16, 0.3099999999999999978, -3.200000000000000178 ) ) ;
#2091 = EDGE_LOOP ( 'NONE', ( #494, #2323 ) ) ;
#2092 = DIRECTION ( 'NONE',  ( 0.000000000000000000, 1.000000000000000000, 0.000000000000000000 ) ) ;
#2093 = CARTESIAN_POINT ( 'NONE',  ( -2.734561762220730504E-16, 0.3099999999999999978, 0.000000000000000000 ) ) ;
#2094 = CARTESIAN_POINT ( 'NONE',  ( -0.3750000000000000000, 5.000000000000000000, 0.6495190528383290030 ) ) ;
#2095 = FACE_BOUND ( 'NONE', #1745, .T. ) ;
#2096 = DIRECTION ( 'NONE',  ( 0.000000000000000000, 0.000000000000000000, 1.000000000000000000 ) ) ;
#2097 = COLOUR_RGB ( '',0.9529411764705881804, 0.9529411764705881804, 0.9529411764705881804 ) ;
#2098 = VERTEX_POINT ( 'NONE', #1518 ) ;
#2099 = DIRECTION ( 'NONE',  ( 0.000000000000000000, 1.000000000000000000, 0.000000000000000000 ) ) ;
#2100 = EDGE_CURVE ( 'NONE', #2496, #3712, #1796, .T. ) ;
#2101 =( GEOMETRIC_REPRESENTATION_CONTEXT ( 3 ) GLOBAL_UNCERTAINTY_ASSIGNED_CONTEXT ( ( #2785 ) ) GLOBAL_UNIT_ASSIGNED_CONTEXT ( ( #246, #840, #1357 ) ) REPRESENTATION_CONTEXT ( 'NONE', 'WORKASPACE' ) );
#2102 = DIRECTION ( 'NONE',  ( 0.000000000000000000, 0.000000000000000000, 1.000000000000000000 ) ) ;
#2103 = VERTEX_POINT ( 'NONE', #3510 ) ;
#2104 = EDGE_LOOP ( 'NONE', ( #1109, #11, #3231, #3602 ) ) ;
#2105 = CARTESIAN_POINT ( 'NONE',  ( 1.385640646055100067, 0.000000000000000000, 0.8000000000000010436 ) ) ;
#2106 = APPLICATION_PROTOCOL_DEFINITION ( 'draft international standard', 'automotive_design', 1998, #556 ) ;
#2107 = ADVANCED_FACE ( 'NONE', ( #2027 ), #1194, .F. ) ;
#2108 = EDGE_CURVE ( 'NONE', #1497, #1607, #2636, .T. ) ;
#2109 = DIRECTION ( 'NONE',  ( 0.000000000000000000, 1.000000000000000000, 0.000000000000000000 ) ) ;
#2110 = DIRECTION ( 'NONE',  ( 0.000000000000000000, 0.000000000000000000, 1.000000000000000000 ) ) ;
#2111 = EDGE_LOOP ( 'NONE', ( #2249, #528 ) ) ;
#2112 = DIRECTION ( 'NONE',  ( -4.336808689942017736E-16, 0.000000000000000000, -1.000000000000000000 ) ) ;
#2113 = DIRECTION ( 'NONE',  ( 1.000000000000000000, 0.000000000000000000, -0.000000000000000000 ) ) ;
#2114 = AXIS2_PLACEMENT_3D ( 'NONE', #1832, #2134, #1538 ) ;
#2115 = AXIS2_PLACEMENT_3D ( 'NONE', #1231, #3053, #702 ) ;
#2116 = VECTOR ( 'NONE', #3470, 1000.000000000000000 ) ;
#2117 = CYLINDRICAL_SURFACE ( 'NONE', #3291, 0.1999999999999999833 ) ;
#2118 = SURFACE_SIDE_STYLE ('',( #2980 ) ) ;
#2119 = UNCERTAINTY_MEASURE_WITH_UNIT (LENGTH_MEASURE( 1.000000000000000082E-05 ), #3077, 'distance_accuracy_value', 'NONE');
#2120 = CARTESIAN_POINT ( 'NONE',  ( 5.817072295949927426E-16, 0.1000000000000000056, 4.750000000000000000 ) ) ;
#2121 = CARTESIAN_POINT ( 'NONE',  ( 0.8000000000000000444, 5.000000000000000000, 1.385640646055100067 ) ) ;
#2122 = PRESENTATION_LAYER_ASSIGNMENT (  '', '', ( #1641 ) ) ;
#2123 = ORIENTED_EDGE ( 'NONE', *, *, #2775, .T. ) ;
#2124 = AXIS2_PLACEMENT_3D ( 'NONE', #2953, #2680, #2660 ) ;
#2125 = SURFACE_STYLE_FILL_AREA ( #964 ) ;
#2126 = PRESENTATION_STYLE_ASSIGNMENT (( #967 ) ) ;
#2127 = VERTEX_POINT ( 'NONE', #1065 ) ;
#2128 = SURFACE_STYLE_FILL_AREA ( #1250 ) ;
#2129 = PRESENTATION_STYLE_ASSIGNMENT (( #2714 ) ) ;
#2130 = AXIS2_PLACEMENT_3D ( 'NONE', #2567, #1728, #1104 ) ;
#2131 = ADVANCED_FACE ( 'NONE', ( #1862 ), #401, .F. ) ;
#2132 = EDGE_CURVE ( 'NONE', #3601, #3084, #3172, .T. ) ;
#2133 = VERTEX_POINT ( 'NONE', #2066 ) ;
#2134 = DIRECTION ( 'NONE',  ( -0.000000000000000000, -1.000000000000000000, -0.000000000000000000 ) ) ;
#2135 = LINE ( 'NONE', #3296, #67 ) ;
#2136 = COLOUR_RGB ( '',0.9529411764705881804, 0.9529411764705881804, 0.9529411764705881804 ) ;
#2137 = FACE_OUTER_BOUND ( 'NONE', #2216, .T. ) ;
#2138 = CARTESIAN_POINT ( 'NONE',  ( -0.3750000000000000000, 5.000000000000000000, -0.4495190528383289363 ) ) ;
#2139 = CARTESIAN_POINT ( 'NONE',  ( 0.3750000000000000000, 0.000000000000000000, -0.4495190528383289919 ) ) ;
#2140 = VECTOR ( 'NONE', #659, 1000.000000000000000 ) ;
#2141 = DIRECTION ( 'NONE',  ( 0.000000000000000000, 0.000000000000000000, 1.000000000000000000 ) ) ;
#2142 = CIRCLE ( 'NONE', #687, 0.1999999999999999833 ) ;
#2143 = DIRECTION ( 'NONE',  ( 0.000000000000000000, 1.000000000000000000, 0.000000000000000000 ) ) ;
#2144 = CARTESIAN_POINT ( 'NONE',  ( 1.385640646055100067, 5.000000000000000000, 0.8000000000000010436 ) ) ;
#2145 = DIRECTION ( 'NONE',  ( 0.000000000000000000, 1.000000000000000000, 0.000000000000000000 ) ) ;
#2146 = ORIENTED_EDGE ( 'NONE', *, *, #1038, .F. ) ;
#2147 = ORIENTED_EDGE ( 'NONE', *, *, #3003, .T. ) ;
#2148 = CARTESIAN_POINT ( 'NONE',  ( 0.3750000000000000000, 0.000000000000000000, 0.6495190528383290030 ) ) ;
#2149 = UNCERTAINTY_MEASURE_WITH_UNIT (LENGTH_MEASURE( 1.000000000000000082E-05 ), #3301, 'distance_accuracy_value', 'NONE');
#2150 = DIRECTION ( 'NONE',  ( 0.000000000000000000, 1.000000000000000000, 0.000000000000000000 ) ) ;
#2151 = ORIENTED_EDGE ( 'NONE', *, *, #1937, .F. ) ;
#2152 =( NAMED_UNIT ( * ) SI_UNIT ( $, .STERADIAN. ) SOLID_ANGLE_UNIT ( ) );
#2153 = CARTESIAN_POINT ( 'NONE',  ( 0.8000000000000010436, 4.500000000000000888, -1.385640646055100067 ) ) ;
#2154 = ADVANCED_FACE ( 'NONE', ( #1186 ), #3502, .F. ) ;
#2155 = FILL_AREA_STYLE ('',( #1000 ) ) ;
#2156 = CARTESIAN_POINT ( 'NONE',  ( 5.888810444532298819E-16, -1.076072228735579672E-17, 4.808578643762690952 ) ) ;
#2157 = CYLINDRICAL_SURFACE ( 'NONE', #1189, 0.1999999999999999833 ) ;
#2158 = DIRECTION ( 'NONE',  ( 0.000000000000000000, 1.000000000000000000, 0.000000000000000000 ) ) ;
#2159 = ADVANCED_FACE ( 'NONE', ( #1805, #43, #3523, #605, #3245, #3286, #1824, #3230, #929, #362, #2627, #909, #2687, #626, #1790, #2084, #104, #1247, #2964, #1510 ), #1848, .T. ) ;
#2160 = VERTEX_POINT ( 'NONE', #214 ) ;
#2161 = CARTESIAN_POINT ( 'NONE',  ( -0.9828043081829319627, 0.4400000000000000022, 1.337499999999999911 ) ) ;
#2162 = CIRCLE ( 'NONE', #2816, 0.2000000000000000111 ) ;
#2163 = EDGE_LOOP ( 'NONE', ( #1867, #3581, #2919, #3072 ) ) ;
#2164 = AXIS2_PLACEMENT_3D ( 'NONE', #957, #3253, #2113 ) ;
#2165 = ORIENTED_EDGE ( 'NONE', *, *, #96, .F. ) ;
#2166 = LINE ( 'NONE', #3310, #2451 ) ;
#2167 = CIRCLE ( 'NONE', #2955, 0.5000000000000004441 ) ;
#2168 = ORIENTED_EDGE ( 'NONE', *, *, #669, .F. ) ;
#2169 = VERTEX_POINT ( 'NONE', #1360 ) ;
#2170 = CARTESIAN_POINT ( 'NONE',  ( -1.385640646055100067, 0.000000000000000000, 0.8000000000000000444 ) ) ;
#2171 = STYLED_ITEM ( 'NONE', ( #3437 ), #3536 ) ;
#2172 = DIRECTION ( 'NONE',  ( -0.000000000000000000, -1.000000000000000000, -0.000000000000000000 ) ) ;
#2173 = LINE ( 'NONE', #713, #2187 ) ;
#2174 = CARTESIAN_POINT ( 'NONE',  ( -0.5000000000000011102, 0.3099999999999999978, 0.9249999999999989342 ) ) ;
#2175 =( GEOMETRIC_REPRESENTATION_CONTEXT ( 3 ) GLOBAL_UNCERTAINTY_ASSIGNED_CONTEXT ( ( #820 ) ) GLOBAL_UNIT_ASSIGNED_CONTEXT ( ( #2842, #3365, #3699 ) ) REPRESENTATION_CONTEXT ( 'NONE', 'WORKASPACE' ) );
#2176 =( BOUNDED_SURFACE ( )  B_SPLINE_SURFACE ( 3, 3, ( 
 ( #1163, #842, #2264, #2835 ),
 ( #1685, #2246, #1141, #3459 ),
 ( #2892, #2033, #38, #1961 ),
 ( #3138, #287, #597, #1123 ) ),
 .UNSPECIFIED., .F., .F., .T. ) 
 B_SPLINE_SURFACE_WITH_KNOTS ( ( 4, 4 ),
 ( 4, 4 ),
 ( 0.000000000000000000, 1.000000000000000000 ),
 ( 0.000000000000000000, 1.000000000000000000 ),
 .UNSPECIFIED. ) 
 GEOMETRIC_REPRESENTATION_ITEM ( )  RATIONAL_B_SPLINE_SURFACE ( (
 ( 1.000000000000000000, 0.3333333333333334259, 0.3333333333333334259, 1.000000000000000000),
 ( 0.8047378541243649375, 0.2682459513747884050, 0.2682459513747884050, 0.8047378541243649375),
 ( 0.8047378541243649375, 0.2682459513747884050, 0.2682459513747884050, 0.8047378541243649375),
 ( 1.000000000000000000, 0.3333333333333334259, 0.3333333333333334259, 1.000000000000000000) ) ) 
 REPRESENTATION_ITEM ( '' )  SURFACE ( )  );
#2177 = AXIS2_PLACEMENT_3D ( 'NONE', #2534, #1700, #2848 ) ;
#2178 = CYLINDRICAL_SURFACE ( 'NONE', #3287, 0.1999999999999999833 ) ;
#2179 = ORIENTED_EDGE ( 'NONE', *, *, #2561, .T. ) ;
#2180 = EDGE_CURVE ( 'NONE', #3586, #2339, #699, .T. ) ;
#2181 = EDGE_CURVE ( 'NONE', #684, #2339, #431, .T. ) ;
#2182 = COLOUR_RGB ( '',1.000000000000000000, 0.9960784313725490335, 0.9607843137254902244 ) ;
#2183 = PRESENTATION_LAYER_ASSIGNMENT (  '', '', ( #1507 ) ) ;
#2184 = CARTESIAN_POINT ( 'NONE',  ( -0.8750000000000000000, 0.2500000000000000000, -2.700000000000000178 ) ) ;
#2185 = VERTEX_POINT ( 'NONE', #493 ) ;
#2186 = ORIENTED_EDGE ( 'NONE', *, *, #1362, .T. ) ;
#2187 = VECTOR ( 'NONE', #3628, 1000.000000000000000 ) ;
#2188 = SURFACE_STYLE_USAGE ( .BOTH. , #1606 ) ;
#2190 = VERTEX_POINT ( 'NONE', #413 ) ;
#2189 = PRESENTATION_LAYER_ASSIGNMENT (  '', '', ( #2476 ) ) ;
#2191 = FILL_AREA_STYLE ('',( #166 ) ) ;
#2192 = CIRCLE ( 'NONE', #548, 0.2000000000000000111 ) ;
#2193 =( LENGTH_UNIT ( ) NAMED_UNIT ( * ) SI_UNIT ( .MILLI., .METRE. ) );
#2194 = CARTESIAN_POINT ( 'NONE',  ( -1.187907395172932791E-15, 0.04142135623730949789, -4.849999999999998757 ) ) ;
#2195 = DIRECTION ( 'NONE',  ( 0.000000000000000000, 1.000000000000000000, 0.000000000000000000 ) ) ;
#2196 = ORIENTED_EDGE ( 'NONE', *, *, #444, .T. ) ;
#2197 = LINE ( 'NONE', #661, #1970 ) ;
#2198 = EDGE_CURVE ( 'NONE', #683, #3285, #1289, .T. ) ;
#2199 = VERTEX_POINT ( 'NONE', #2184 ) ;
#2200 = ORIENTED_EDGE ( 'NONE', *, *, #640, .T. ) ;
#2201 = ADVANCED_FACE ( 'NONE', ( #1579 ), #1053, .F. ) ;
#2202 = DIRECTION ( 'NONE',  ( 0.000000000000000000, 1.000000000000000000, 0.000000000000000000 ) ) ;
#2203 = ORIENTED_EDGE ( 'NONE', *, *, #1143, .T. ) ;
#2204 = CARTESIAN_POINT ( 'NONE',  ( -0.3750000000000000000, 5.000000000000000000, -0.6495190528383290030 ) ) ;
#2205 = DIRECTION ( 'NONE',  ( 0.000000000000000000, 0.000000000000000000, 1.000000000000000000 ) ) ;
#2206 = CYLINDRICAL_SURFACE ( 'NONE', #547, 0.2000000000000000944 ) ;
#2207 = DIRECTION ( 'NONE',  ( 0.000000000000000000, 1.000000000000000000, 0.000000000000000000 ) ) ;
#2208 = FACE_OUTER_BOUND ( 'NONE', #299, .T. ) ;
#2209 = CARTESIAN_POINT ( 'NONE',  ( -9.699999999999999289, 4.500000000000000888, 4.849999999999996980 ) ) ;
#2210 = SURFACE_STYLE_FILL_AREA ( #3306 ) ;
#2211 = DIRECTION ( 'NONE',  ( 0.000000000000000000, 1.000000000000000000, 0.000000000000000000 ) ) ;
#2212 = ORIENTED_EDGE ( 'NONE', *, *, #949, .F. ) ;
#2213 = ORIENTED_EDGE ( 'NONE', *, *, #3340, .T. ) ;
#2214 = EDGE_CURVE ( 'NONE', #2568, #3621, #788, .T. ) ;
#2215 = PRESENTATION_LAYER_ASSIGNMENT (  '', '', ( #113 ) ) ;
#2216 = EDGE_LOOP ( 'NONE', ( #2234, #3560, #2693, #2909 ) ) ;
#2217 = CARTESIAN_POINT ( 'NONE',  ( -0.3750000000000000000, 5.000000000000000000, 0.6495190528383290030 ) ) ;
#2218 = EDGE_CURVE ( 'NONE', #2275, #3217, #3222, .T. ) ;
#2219 = EDGE_CURVE ( 'NONE', #3621, #2568, #1592, .T. ) ;
#2220 = CYLINDRICAL_SURFACE ( 'NONE', #1738, 0.2000000000000000111 ) ;
#2221 = CARTESIAN_POINT ( 'NONE',  ( 0.8000000000000000444, 0.000000000000000000, 1.585640646055100245 ) ) ;
#2222 = COLOUR_RGB ( '',0.9529411764705881804, 0.9529411764705881804, 0.9529411764705881804 ) ;
#2223 = SURFACE_STYLE_USAGE ( .BOTH. , #1062 ) ;
#2224 = CARTESIAN_POINT ( 'NONE',  ( 2.939152317953650064E-16, 5.000000000000000000, -1.399999999999999911 ) ) ;
#2225 = SURFACE_STYLE_FILL_AREA ( #1358 ) ;
#2226 = CIRCLE ( 'NONE', #1069, 0.2000000000000000944 ) ;
#2227 =( GEOMETRIC_REPRESENTATION_CONTEXT ( 3 ) GLOBAL_UNCERTAINTY_ASSIGNED_CONTEXT ( ( #2262 ) ) GLOBAL_UNIT_ASSIGNED_CONTEXT ( ( #2010, #2274, #1134 ) ) REPRESENTATION_CONTEXT ( 'NONE', 'WORKASPACE' ) );
#2228 = CYLINDRICAL_SURFACE ( 'NONE', #76, 0.2000000000000000944 ) ;
#2229 = VERTEX_POINT ( 'NONE', #3391 ) ;
#2230 = CIRCLE ( 'NONE', #4, 0.2000000000000000944 ) ;
#2231 = CARTESIAN_POINT ( 'NONE',  ( 4.864463583068351120E-16, 0.3099999999999999978, -3.972135954999580054 ) ) ;
#2232 = SURFACE_STYLE_FILL_AREA ( #1590 ) ;
#2233 = FILL_AREA_STYLE_COLOUR ( '', #965 ) ;
#2234 = ORIENTED_EDGE ( 'NONE', *, *, #3074, .F. ) ;
#2235 = CYLINDRICAL_SURFACE ( 'NONE', #2718, 0.1999999999999999833 ) ;
#2236 = AXIS2_PLACEMENT_3D ( 'NONE', #2570, #1467, #2626 ) ;
#2237 = CARTESIAN_POINT ( 'NONE',  ( 0.000000000000000000, 5.250000000000000000, 4.349999999999999645 ) ) ;
#2238 = DIRECTION ( 'NONE',  ( 0.000000000000000000, 1.000000000000000000, 0.000000000000000000 ) ) ;
#2239 = SURFACE_STYLE_USAGE ( .BOTH. , #777 ) ;
#2240 = EDGE_CURVE ( 'NONE', #3191, #2898, #914, .T. ) ;
#2241 = MECHANICAL_DESIGN_GEOMETRIC_PRESENTATION_REPRESENTATION (  '', ( #1828 ), #609 ) ;
#2242 = CARTESIAN_POINT ( 'NONE',  ( 0.8000000000000010436, 0.000000000000000000, -1.385640646055100067 ) ) ;
#2243 = DIRECTION ( 'NONE',  ( 0.000000000000000000, -0.000000000000000000, 1.000000000000000000 ) ) ;
#2244 = SURFACE_SIDE_STYLE ('',( #2855 ) ) ;
#2245 = CARTESIAN_POINT ( 'NONE',  ( 0.000000000000000000, 4.792893218813452982, 4.849999999999998757 ) ) ;
#2246 = CARTESIAN_POINT ( 'NONE',  ( 9.617157287525378351, -1.076072228735579826E-17, -4.808578643762690064 ) ) ;
#2247 = FACE_OUTER_BOUND ( 'NONE', #3657, .T. ) ;
#2249 = ORIENTED_EDGE ( 'NONE', *, *, #486, .F. ) ;
#2248 = COLOUR_RGB ( '',0.9529411764705881804, 0.9529411764705881804, 0.9529411764705881804 ) ;
#2250 =( NAMED_UNIT ( * ) SI_UNIT ( $, .STERADIAN. ) SOLID_ANGLE_UNIT ( ) );
#2251 = UNCERTAINTY_MEASURE_WITH_UNIT (LENGTH_MEASURE( 1.000000000000000082E-05 ), #1931, 'distance_accuracy_value', 'NONE');
#2252 = CARTESIAN_POINT ( 'NONE',  ( 1.385640646055100067, 4.500000000000000888, -1.000000000000000000 ) ) ;
#2253 = ORIENTED_EDGE ( 'NONE', *, *, #3025, .T. ) ;
#2254 = VERTEX_POINT ( 'NONE', #3413 ) ;
#2255 = VECTOR ( 'NONE', #2460, 1000.000000000000000 ) ;
#2256 = SURFACE_STYLE_FILL_AREA ( #513 ) ;
#2257 = FACE_OUTER_BOUND ( 'NONE', #1733, .T. ) ;
#2258 = EDGE_LOOP ( 'NONE', ( #3418, #263 ) ) ;
#2259 = DIRECTION ( 'NONE',  ( -0.000000000000000000, -1.000000000000000000, -0.000000000000000000 ) ) ;
#2260 = EDGE_CURVE ( 'NONE', #3217, #2275, #1151, .T. ) ;
#2261 = CARTESIAN_POINT ( 'NONE',  ( -0.6875000000000000000, -0.06000000000000010186, 2.192195691817069747 ) ) ;
#2262 = UNCERTAINTY_MEASURE_WITH_UNIT (LENGTH_MEASURE( 1.000000000000000082E-05 ), #2010, 'distance_accuracy_value', 'NONE');
#2263 = CARTESIAN_POINT ( 'NONE',  ( 9.699999999999999289, 4.500000000000000888, -4.849999999999999645 ) ) ;
#2264 = CARTESIAN_POINT ( 'NONE',  ( 9.499999999999998224, 0.000000000000000000, 4.749999999999999112 ) ) ;
#2265 = EDGE_CURVE ( 'NONE', #1688, #469, #2897, .T. ) ;
#2266 = DIRECTION ( 'NONE',  ( 0.000000000000000000, 0.000000000000000000, 1.000000000000000000 ) ) ;
#2267 = EDGE_LOOP ( 'NONE', ( #1512, #3420 ) ) ;
#2268 = SURFACE_SIDE_STYLE ('',( #2019 ) ) ;
#2269 = EDGE_LOOP ( 'NONE', ( #133, #1451 ) ) ;
#2270 = ORIENTED_EDGE ( 'NONE', *, *, #1075, .T. ) ;
#2271 = SURFACE_STYLE_USAGE ( .BOTH. , #608 ) ;
#2272 = FACE_OUTER_BOUND ( 'NONE', #3728, .T. ) ;
#2273 = CIRCLE ( 'NONE', #3426, 4.472135954999579610 ) ;
#2274 =( NAMED_UNIT ( * ) PLANE_ANGLE_UNIT ( ) SI_UNIT ( $, .RADIAN. ) );
#2275 = VERTEX_POINT ( 'NONE', #2305 ) ;
#2276 = FACE_OUTER_BOUND ( 'NONE', #2111, .T. ) ;
#2277 = AXIS2_PLACEMENT_3D ( 'NONE', #1472, #1752, #933 ) ;
#2278 = FILL_AREA_STYLE_COLOUR ( '', #590 ) ;
#2279 = DIRECTION ( 'NONE',  ( 1.000000000000000000, 0.000000000000000000, 6.344131569286600069E-16 ) ) ;
#2280 = STYLED_ITEM ( 'NONE', ( #1302 ), #3671 ) ;
#2281 = DIRECTION ( 'NONE',  ( 0.000000000000000000, 1.000000000000000000, 0.000000000000000000 ) ) ;
#2282 = FILL_AREA_STYLE ('',( #1120 ) ) ;
#2283 = CARTESIAN_POINT ( 'NONE',  ( 5.939536975864662969E-16, 4.500000000000000888, -4.850000000000000533 ) ) ;
#2284 = LINE ( 'NONE', #804, #538 ) ;
#2285 = DIRECTION ( 'NONE',  ( -0.000000000000000000, -1.000000000000000000, -0.000000000000000000 ) ) ;
#2286 = EDGE_CURVE ( 'NONE', #2495, #2751, #1942, .T. ) ;
#2287 = EDGE_CURVE ( 'NONE', #994, #557, #1744, .T. ) ;
#2288 = ORIENTED_EDGE ( 'NONE', *, *, #645, .T. ) ;
#2289 = FILL_AREA_STYLE ('',( #2815 ) ) ;
#2290 = SURFACE_STYLE_FILL_AREA ( #2586 ) ;
#2291 = AXIS2_PLACEMENT_3D ( 'NONE', #3508, #915, #2384 ) ;
#2292 = VERTEX_POINT ( 'NONE', #523 ) ;
#2293 = CARTESIAN_POINT ( 'NONE',  ( -1.375000000000000000, 0.2500000000000000000, -3.700000000000000178 ) ) ;
#2294 = DIRECTION ( 'NONE',  ( 0.000000000000000000, 0.000000000000000000, 1.000000000000000000 ) ) ;
#2295 = PRESENTATION_LAYER_ASSIGNMENT (  '', '', ( #3215 ) ) ;
#2296 = EDGE_LOOP ( 'NONE', ( #1517, #3697, #476, #83 ) ) ;
#2297 = SURFACE_STYLE_USAGE ( .BOTH. , #651 ) ;
#2298 = DIRECTION ( 'NONE',  ( 0.000000000000000000, 1.000000000000000000, 0.000000000000000000 ) ) ;
#2299 = VECTOR ( 'NONE', #810, 1000.000000000000000 ) ;
#2300 = DIRECTION ( 'NONE',  ( 0.000000000000000000, 1.000000000000000000, 0.000000000000000000 ) ) ;
#2301 = MECHANICAL_DESIGN_GEOMETRIC_PRESENTATION_REPRESENTATION (  '', ( #2984 ), #3696 ) ;
#2302 = DIRECTION ( 'NONE',  ( 0.000000000000000000, 0.000000000000000000, 1.000000000000000000 ) ) ;
#2303 = UNCERTAINTY_MEASURE_WITH_UNIT (LENGTH_MEASURE( 1.000000000000000082E-05 ), #828, 'distance_accuracy_value', 'NONE');
#2304 = PRESENTATION_LAYER_ASSIGNMENT (  '', '', ( #2539 ) ) ;
#2305 = CARTESIAN_POINT ( 'NONE',  ( 5.476786982642026860E-16, 0.2999999999999999889, -4.472135954999579610 ) ) ;
#2306 = EDGE_LOOP ( 'NONE', ( #1415, #951, #417, #1551 ) ) ;
#2307 = DIRECTION ( 'NONE',  ( 0.000000000000000000, 0.000000000000000000, 1.000000000000000000 ) ) ;
#2308 =( GEOMETRIC_REPRESENTATION_CONTEXT ( 3 ) GLOBAL_UNCERTAINTY_ASSIGNED_CONTEXT ( ( #1816 ) ) GLOBAL_UNIT_ASSIGNED_CONTEXT ( ( #1181, #2338, #1482 ) ) REPRESENTATION_CONTEXT ( 'NONE', 'WORKASPACE' ) );
#2309 = ADVANCED_FACE ( 'NONE', ( #1431 ), #2228, .F. ) ;
#2310 = EDGE_LOOP ( 'NONE', ( #911, #529, #1416, #1488 ) ) ;
#2311 = VERTEX_POINT ( 'NONE', #3442 ) ;
#2312 = EDGE_CURVE ( 'NONE', #3476, #3586, #2192, .T. ) ;
#2313 = CARTESIAN_POINT ( 'NONE',  ( -9.027114622473774830, -3.586907429118598135E-18, -4.513557311236888303 ) ) ;
#2314 = CARTESIAN_POINT ( 'NONE',  ( -0.8750000000000000000, 0.2500000000000000000, -2.700000000000000178 ) ) ;
#2315 = EDGE_LOOP ( 'NONE', ( #1400, #642, #584, #293 ) ) ;
#2316 = FACE_BOUND ( 'NONE', #3443, .T. ) ;
#2317 = FILL_AREA_STYLE_COLOUR ( '', #3117 ) ;
#2318 = DIRECTION ( 'NONE',  ( 0.000000000000000000, 1.000000000000000000, 0.000000000000000000 ) ) ;
#2319 = ORIENTED_EDGE ( 'NONE', *, *, #2377, .T. ) ;
#2320 = SURFACE_STYLE_USAGE ( .BOTH. , #27 ) ;
#2321 = LINE ( 'NONE', #567, #3171 ) ;
#2322 = ADVANCED_FACE ( 'NONE', ( #2247 ), #866, .T. ) ;
#2323 = ORIENTED_EDGE ( 'NONE', *, *, #3720, .F. ) ;
#2324 = SURFACE_SIDE_STYLE ('',( #1437 ) ) ;
#2325 = CARTESIAN_POINT ( 'NONE',  ( 1.385640646055100067, 5.000000000000000000, -0.8000000000000000444 ) ) ;
#2326 = CYLINDRICAL_SURFACE ( 'NONE', #3570, 0.2000000000000000944 ) ;
#2327 = ADVANCED_FACE ( 'NONE', ( #2003 ), #1450, .F. ) ;
#2328 = EDGE_CURVE ( 'NONE', #557, #100, #1764, .T. ) ;
#2329 = ORIENTED_EDGE ( 'NONE', *, *, #693, .F. ) ;
#2330 = CYLINDRICAL_SURFACE ( 'NONE', #2124, 0.2000000000000000111 ) ;
#2331 = AXIS2_PLACEMENT_3D ( 'NONE', #2121, #2983, #2096 ) ;
#2332 = COLOUR_RGB ( '',0.9529411764705881804, 0.9529411764705881804, 0.9529411764705881804 ) ;
#2333 = DIRECTION ( 'NONE',  ( 0.000000000000000000, 1.000000000000000000, 0.000000000000000000 ) ) ;
#2334 = CARTESIAN_POINT ( 'NONE',  ( -0.3750000000000000000, 0.000000000000000000, -0.6495190528383290030 ) ) ;
#2335 = UNCERTAINTY_MEASURE_WITH_UNIT (LENGTH_MEASURE( 1.000000000000000082E-05 ), #2809, 'distance_accuracy_value', 'NONE');
#2336 = DIRECTION ( 'NONE',  ( 0.000000000000000000, 1.000000000000000000, 0.000000000000000000 ) ) ;
#2337 = DIRECTION ( 'NONE',  ( 0.000000000000000000, 0.000000000000000000, 1.000000000000000000 ) ) ;
#2338 =( NAMED_UNIT ( * ) PLANE_ANGLE_UNIT ( ) SI_UNIT ( $, .RADIAN. ) );
#2339 = VERTEX_POINT ( 'NONE', #2644 ) ;
#2340 = PRESENTATION_LAYER_ASSIGNMENT (  '', '', ( #232 ) ) ;
#2341 =( NAMED_UNIT ( * ) SI_UNIT ( $, .STERADIAN. ) SOLID_ANGLE_UNIT ( ) );
#2342 = DIRECTION ( 'NONE',  ( -0.000000000000000000, 0.000000000000000000, -1.000000000000000000 ) ) ;
#2343 = STYLED_ITEM ( 'NONE', ( #1634 ), #1615 ) ;
#2344 = VERTEX_POINT ( 'NONE', #2918 ) ;
#2345 = DIRECTION ( 'NONE',  ( -0.000000000000000000, -1.000000000000000000, -0.000000000000000000 ) ) ;
#2346 = CARTESIAN_POINT ( 'NONE',  ( -0.7999999999999990452, 0.000000000000000000, -1.585640646055100245 ) ) ;
#2347 = DIRECTION ( 'NONE',  ( 0.000000000000000000, 0.000000000000000000, -1.000000000000000000 ) ) ;
#2348 = CIRCLE ( 'NONE', #2114, 0.2000000000000000944 ) ;
#2349 = AXIS2_PLACEMENT_3D ( 'NONE', #1809, #2972, #109 ) ;
#2350 = ORIENTED_EDGE ( 'NONE', *, *, #1119, .T. ) ;
#2351 = AXIS2_PLACEMENT_3D ( 'NONE', #2600, #2015, #1394 ) ;
#2352 = EDGE_CURVE ( 'NONE', #2229, #1421, #944, .T. ) ;
#2353 = FILL_AREA_STYLE ('',( #3472 ) ) ;
#2354 = DIRECTION ( 'NONE',  ( 0.000000000000000000, 1.000000000000000000, 0.000000000000000000 ) ) ;
#2355 = DIRECTION ( 'NONE',  ( 0.000000000000000000, 0.000000000000000000, 1.000000000000000000 ) ) ;
#2356 = PRESENTATION_LAYER_ASSIGNMENT (  '', '', ( #3580 ) ) ;
#2357 = VERTEX_POINT ( 'NONE', #1225 ) ;
#2358 = CYLINDRICAL_SURFACE ( 'NONE', #747, 4.850000000000000533 ) ;
#2359 = AXIS2_PLACEMENT_3D ( 'NONE', #752, #1067, #1599 ) ;
#2360 = ORIENTED_EDGE ( 'NONE', *, *, #5, .F. ) ;
#2361 = FILL_AREA_STYLE_COLOUR ( '', #3688 ) ;
#2362 = CARTESIAN_POINT ( 'NONE',  ( 8.944271909999160997, 0.04142135623730948402, 4.472135954999587604 ) ) ;
#2363 = PLANE ( 'NONE',  #1864 ) ;
#2364 = COLOUR_RGB ( '',0.9529411764705881804, 0.9529411764705881804, 0.9529411764705881804 ) ;
#2365 = VERTEX_POINT ( 'NONE', #2035 ) ;
#2366 = DIRECTION ( 'NONE',  ( 0.000000000000000000, 1.000000000000000000, 0.000000000000000000 ) ) ;
#2367 = MECHANICAL_DESIGN_GEOMETRIC_PRESENTATION_REPRESENTATION (  '', ( #559 ), #3182 ) ;
#2368 = FACE_OUTER_BOUND ( 'NONE', #3213, .T. ) ;
#2369 = VECTOR ( 'NONE', #1048, 1000.000000000000000 ) ;
#2370 = CARTESIAN_POINT ( 'NONE',  ( -0.9828043081829321848, -0.06000000000000010186, 2.192195691817069747 ) ) ;
#2371 = FILL_AREA_STYLE ('',( #3206 ) ) ;
#2372 = UNCERTAINTY_MEASURE_WITH_UNIT (LENGTH_MEASURE( 1.000000000000000082E-05 ), #3668, 'distance_accuracy_value', 'NONE');
#2373 = LINE ( 'NONE', #3534, #1142 ) ;
#2374 = FACE_OUTER_BOUND ( 'NONE', #2306, .T. ) ;
#2375 = DIRECTION ( 'NONE',  ( 0.000000000000000000, 0.000000000000000000, 1.000000000000000000 ) ) ;
#2376 = ORIENTED_EDGE ( 'NONE', *, *, #1126, .F. ) ;
#2377 = EDGE_CURVE ( 'NONE', #3525, #627, #1164, .T. ) ;
#2378 = CARTESIAN_POINT ( 'NONE',  ( -9.797174393178829848E-17, 0.000000000000000000, 1.600000000000000089 ) ) ;
#2379 = ORIENTED_EDGE ( 'NONE', *, *, #1191, .T. ) ;
#2380 = ORIENTED_EDGE ( 'NONE', *, *, #739, .T. ) ;
#2381 = SURFACE_SIDE_STYLE ('',( #2713 ) ) ;
#2382 = CYLINDRICAL_SURFACE ( 'NONE', #888, 4.850000000000000533 ) ;
#2383 = CARTESIAN_POINT ( 'NONE',  ( 5.527513513974391010E-16, -3.586907429118599676E-18, -4.513557311236888303 ) ) ;
#2384 = DIRECTION ( 'NONE',  ( 0.000000000000000000, 0.000000000000000000, 1.000000000000000000 ) ) ;
#2385 = ORIENTED_EDGE ( 'NONE', *, *, #3441, .F. ) ;
#2386 = LINE ( 'NONE', #55, #3199 ) ;
#2387 = CARTESIAN_POINT ( 'NONE',  ( -1.375000000000000000, 0.2500000000000000000, -2.200000000000000178 ) ) ;
#2388 = CARTESIAN_POINT ( 'NONE',  ( 2.939152317953650064E-16, 0.000000000000000000, -1.600000000000000089 ) ) ;
#2389 = DIRECTION ( 'NONE',  ( 0.000000000000000000, 1.000000000000000000, 0.000000000000000000 ) ) ;
#2390 =( GEOMETRIC_REPRESENTATION_CONTEXT ( 3 ) GLOBAL_UNCERTAINTY_ASSIGNED_CONTEXT ( ( #3145 ) ) GLOBAL_UNIT_ASSIGNED_CONTEXT ( ( #854, #3400, #2866 ) ) REPRESENTATION_CONTEXT ( 'NONE', 'WORKASPACE' ) );
#2391 = ORIENTED_EDGE ( 'NONE', *, *, #3116, .F. ) ;
#2392 = DIRECTION ( 'NONE',  ( 0.000000000000000000, 1.000000000000000000, 0.000000000000000000 ) ) ;
#2393 = COLOUR_RGB ( '',0.9529411764705881804, 0.9529411764705881804, 0.9529411764705881804 ) ;
#2394 = DIRECTION ( 'NONE',  ( 0.000000000000000000, 1.000000000000000000, 0.000000000000000000 ) ) ;
#2395 = ADVANCED_FACE ( 'NONE', ( #962 ), #318, .T. ) ;
#2396 = FILL_AREA_STYLE ('',( #2648 ) ) ;
#2397 = ORIENTED_EDGE ( 'NONE', *, *, #2729, .T. ) ;
#2398 = ORIENTED_EDGE ( 'NONE', *, *, #759, .T. ) ;
#2399 =( NAMED_UNIT ( * ) PLANE_ANGLE_UNIT ( ) SI_UNIT ( $, .RADIAN. ) );
#2400 = MECHANICAL_DESIGN_GEOMETRIC_PRESENTATION_REPRESENTATION (  '', ( #2343 ), #3561 ) ;
#2401 = DIRECTION ( 'NONE',  ( 0.000000000000000000, 0.000000000000000000, 1.000000000000000000 ) ) ;
#2402 = ORIENTED_EDGE ( 'NONE', *, *, #3228, .F. ) ;
#2403 = PLANE ( 'NONE',  #127 ) ;
#2404 = LINE ( 'NONE', #3531, #1643 ) ;
#2405 = DIRECTION ( 'NONE',  ( 0.000000000000000000, 1.000000000000000000, 0.000000000000000000 ) ) ;
#2406 = AXIS2_PLACEMENT_3D ( 'NONE', #1754, #3216, #3249 ) ;
#2407 = DIRECTION ( 'NONE',  ( 0.000000000000000000, 1.000000000000000000, 0.000000000000000000 ) ) ;
#2408 = FILL_AREA_STYLE ('',( #2447 ) ) ;
#2409 = UNCERTAINTY_MEASURE_WITH_UNIT (LENGTH_MEASURE( 1.000000000000000082E-05 ), #301, 'distance_accuracy_value', 'NONE');
#2410 = CARTESIAN_POINT ( 'NONE',  ( -1.375000000000000000, 0.3099999999999999978, -2.200000000000000178 ) ) ;
#2411 = CIRCLE ( 'NONE', #3101, 0.3921956918170709794 ) ;
#2412 = EDGE_LOOP ( 'NONE', ( #1435, #2473 ) ) ;
#2413 = AXIS2_PLACEMENT_3D ( 'NONE', #3125, #404, #3334 ) ;
#2414 =( LENGTH_UNIT ( ) NAMED_UNIT ( * ) SI_UNIT ( .MILLI., .METRE. ) );
#2415 = DIRECTION ( 'NONE',  ( 0.000000000000000000, 0.000000000000000000, 1.000000000000000000 ) ) ;
#2416 = DIRECTION ( 'NONE',  ( -0.000000000000000000, -1.000000000000000000, -0.000000000000000000 ) ) ;
#2417 = VECTOR ( 'NONE', #240, 1000.000000000000000 ) ;
#2418 = DIRECTION ( 'NONE',  ( -0.000000000000000000, -1.000000000000000000, -0.000000000000000000 ) ) ;
#2419 = ORIENTED_EDGE ( 'NONE', *, *, #1473, .F. ) ;
#2420 = ORIENTED_EDGE ( 'NONE', *, *, #2444, .F. ) ;
#2421 = PRESENTATION_STYLE_ASSIGNMENT (( #2453 ) ) ;
#2422 = STYLED_ITEM ( 'NONE', ( #1371 ), #2309 ) ;
#2423 = DIRECTION ( 'NONE',  ( 1.000000000000000000, 0.000000000000000000, 6.344131569286600069E-16 ) ) ;
#2424 = ORIENTED_EDGE ( 'NONE', *, *, #1521, .F. ) ;
#2425 = FILL_AREA_STYLE ('',( #2976 ) ) ;
#2426 = ADVANCED_FACE ( 'NONE', ( #680 ), #637, .F. ) ;
#2428 = CIRCLE ( 'NONE', #2920, 0.2000000000000000944 ) ;
#2427 = DIRECTION ( 'NONE',  ( 0.000000000000000000, 1.000000000000000000, -0.000000000000000000 ) ) ;
#2429 = CARTESIAN_POINT ( 'NONE',  ( -9.797174393178829848E-17, 5.000000000000000000, 1.800000000000000266 ) ) ;
#2430 =( GEOMETRIC_REPRESENTATION_CONTEXT ( 3 ) GLOBAL_UNCERTAINTY_ASSIGNED_CONTEXT ( ( #2409 ) ) GLOBAL_UNIT_ASSIGNED_CONTEXT ( ( #301, #3254, #2031 ) ) REPRESENTATION_CONTEXT ( 'NONE', 'WORKASPACE' ) );
#2431 = LINE ( 'NONE', #358, #2710 ) ;
#2432 =( GEOMETRIC_REPRESENTATION_CONTEXT ( 3 ) GLOBAL_UNCERTAINTY_ASSIGNED_CONTEXT ( ( #3256 ) ) GLOBAL_UNIT_ASSIGNED_CONTEXT ( ( #2569, #544, #1730 ) ) REPRESENTATION_CONTEXT ( 'NONE', 'WORKASPACE' ) );
#2434 = ORIENTED_EDGE ( 'NONE', *, *, #2889, .F. ) ;
#2433 = COLOUR_RGB ( '',0.9529411764705881804, 0.9529411764705881804, 0.9529411764705881804 ) ;
#2435 = ORIENTED_EDGE ( 'NONE', *, *, #2443, .T. ) ;
#2436 = ORIENTED_EDGE ( 'NONE', *, *, #2872, .T. ) ;
#2437 =( NAMED_UNIT ( * ) SI_UNIT ( $, .STERADIAN. ) SOLID_ANGLE_UNIT ( ) );
#2438 = UNCERTAINTY_MEASURE_WITH_UNIT (LENGTH_MEASURE( 1.000000000000000082E-05 ), #743, 'distance_accuracy_value', 'NONE');
#2439 = DIRECTION ( 'NONE',  ( 5.551115123125779744E-16, -0.000000000000000000, 1.000000000000000000 ) ) ;
#2440 = ORIENTED_EDGE ( 'NONE', *, *, #2057, .F. ) ;
#2441 = FILL_AREA_STYLE_COLOUR ( '', #1030 ) ;
#2442 = DIRECTION ( 'NONE',  ( 0.000000000000000000, 0.000000000000000000, 1.000000000000000000 ) ) ;
#2443 = EDGE_CURVE ( 'NONE', #1825, #2450, #2428, .T. ) ;
#2444 = EDGE_CURVE ( 'NONE', #2925, #3497, #120, .T. ) ;
#2445 = PRESENTATION_STYLE_ASSIGNMENT (( #1632 ) ) ;
#2446 = CARTESIAN_POINT ( 'NONE',  ( -9.499999999999998224, 0.000000000000000000, 4.750000000000000888 ) ) ;
#2447 = FILL_AREA_STYLE_COLOUR ( '', #176 ) ;
#2448 = SURFACE_STYLE_FILL_AREA ( #2700 ) ;
#2449 = MECHANICAL_DESIGN_GEOMETRIC_PRESENTATION_REPRESENTATION (  '', ( #347 ), #3729 ) ;
#2450 = VERTEX_POINT ( 'NONE', #157 ) ;
#2451 = VECTOR ( 'NONE', #2475, 1000.000000000000000 ) ;
#2452 = CARTESIAN_POINT ( 'NONE',  ( 1.385640646055100067, 0.000000000000000000, 0.6000000000000009770 ) ) ;
#2453 = SURFACE_STYLE_USAGE ( .BOTH. , #2767 ) ;
#2454 = AXIS2_PLACEMENT_3D ( 'NONE', #2995, #1251, #1623 ) ;
#2455 = LINE ( 'NONE', #182, #1376 ) ;
#2456 = ORIENTED_EDGE ( 'NONE', *, *, #2009, .T. ) ;
#2457 = CIRCLE ( 'NONE', #1370, 0.1999999999999999833 ) ;
#2458 = FILL_AREA_STYLE ('',( #709 ) ) ;
#2459 = PRESENTATION_LAYER_ASSIGNMENT (  '', '', ( #2343 ) ) ;
#2460 = DIRECTION ( 'NONE',  ( 0.000000000000000000, 0.000000000000000000, -1.000000000000000000 ) ) ;
#2461 = CARTESIAN_POINT ( 'NONE',  ( -0.3750000000000000000, 5.000000000000000000, 0.8495190528383289585 ) ) ;
#2462 = EDGE_CURVE ( 'NONE', #1229, #2628, #3456, .T. ) ;
#2463 = STYLED_ITEM ( 'NONE', ( #1792 ), #1098 ) ;
#2464 = AXIS2_PLACEMENT_3D ( 'NONE', #668, #2025, #2998 ) ;
#2465 = DIRECTION ( 'NONE',  ( 0.000000000000000000, 1.000000000000000000, 0.000000000000000000 ) ) ;
#2466 = ORIENTED_EDGE ( 'NONE', *, *, #2893, .T. ) ;
#2467 =( NAMED_UNIT ( * ) PLANE_ANGLE_UNIT ( ) SI_UNIT ( $, .RADIAN. ) );
#2468 = ADVANCED_FACE ( 'NONE', ( #3598 ), #2485, .F. ) ;
#2469 = COLOUR_RGB ( '',0.9529411764705881804, 0.9529411764705881804, 0.9529411764705881804 ) ;
#2470 = CARTESIAN_POINT ( 'NONE',  ( -1.095357396528405372E-15, 0.09999999999999999167, 4.472135954999579610 ) ) ;
#2471 = VECTOR ( 'NONE', #3577, 1000.000000000000000 ) ;
#2472 =( NAMED_UNIT ( * ) SI_UNIT ( $, .STERADIAN. ) SOLID_ANGLE_UNIT ( ) );
#2473 = ORIENTED_EDGE ( 'NONE', *, *, #805, .F. ) ;
#2474 = ORIENTED_EDGE ( 'NONE', *, *, #926, .T. ) ;
#2475 = DIRECTION ( 'NONE',  ( 0.000000000000000000, 1.000000000000000000, 0.000000000000000000 ) ) ;
#2476 = STYLED_ITEM ( 'NONE', ( #3063 ), #1919 ) ;
#2477 = CARTESIAN_POINT ( 'NONE',  ( -1.375000000000000222, -0.05999999999999839490, 2.192195691817070191 ) ) ;
#2478 = EDGE_LOOP ( 'NONE', ( #2529, #1212, #3524, #3430 ) ) ;
#2479 = DIRECTION ( 'NONE',  ( 1.000000000000000000, 0.000000000000000000, 0.000000000000000000 ) ) ;
#2480 = COLOUR_RGB ( '',0.9529411764705881804, 0.9529411764705881804, 0.9529411764705881804 ) ;
#2481 = FACE_OUTER_BOUND ( 'NONE', #1094, .T. ) ;
#2482 = STYLED_ITEM ( 'NONE', ( #3009 ), #2426 ) ;
#2483 = STYLED_ITEM ( 'NONE', ( #883 ), #2708 ) ;
#2484 = ADVANCED_FACE ( 'NONE', ( #1051 ), #2178, .F. ) ;
#2485 = CYLINDRICAL_SURFACE ( 'NONE', #2004, 0.1999999999999999833 ) ;
#2486 = CARTESIAN_POINT ( 'NONE',  ( -9.285786437626901701, 5.000000000000000000, 4.642893218813449074 ) ) ;
#2487 = CARTESIAN_POINT ( 'NONE',  ( 1.600000000000000089, 4.500000000000000888, 1.959434878635770160E-16 ) ) ;
#2488 = FILL_AREA_STYLE_COLOUR ( '', #1430 ) ;
#2489 = STYLED_ITEM ( 'NONE', ( #1306 ), #254 ) ;
#2490 = EDGE_CURVE ( 'NONE', #3621, #621, #3192, .T. ) ;
#2491 = EDGE_CURVE ( 'NONE', #3737, #2160, #1651, .T. ) ;
#2492 = ORIENTED_EDGE ( 'NONE', *, *, #2661, .F. ) ;
#2493 = CARTESIAN_POINT ( 'NONE',  ( 8.673617379884035472E-16, 5.000000000000000888, 4.349999999999999645 ) ) ;
#2494 =( NAMED_UNIT ( * ) SI_UNIT ( $, .STERADIAN. ) SOLID_ANGLE_UNIT ( ) );
#2495 = VERTEX_POINT ( 'NONE', #1707 ) ;
#2496 = VERTEX_POINT ( 'NONE', #2562 ) ;
#2497 = DIRECTION ( 'NONE',  ( -6.505213034913026604E-16, 0.000000000000000000, -1.000000000000000000 ) ) ;
#2498 = FILL_AREA_STYLE ('',( #2278 ) ) ;
#2499 = PRESENTATION_STYLE_ASSIGNMENT (( #1339 ) ) ;
#2500 = CARTESIAN_POINT ( 'NONE',  ( -1.875000000000000000, 0.3099999999999999978, -3.200000000000000178 ) ) ;
#2501 =( LENGTH_UNIT ( ) NAMED_UNIT ( * ) SI_UNIT ( .MILLI., .METRE. ) );
#2502 = CARTESIAN_POINT ( 'NONE',  ( -0.8000000000000000444, 4.500000000000000888, 1.385640646055100067 ) ) ;
#2503 = EDGE_LOOP ( 'NONE', ( #448, #1929, #2424, #239 ) ) ;
#2504 = AXIS2_PLACEMENT_3D ( 'NONE', #1859, #3283, #3597 ) ;
#2505 = ADVANCED_FACE ( 'NONE', ( #783 ), #3409, .F. ) ;
#2506 = AXIS2_PLACEMENT_3D ( 'NONE', #1978, #1345, #272 ) ;
#2507 = ORIENTED_EDGE ( 'NONE', *, *, #462, .T. ) ;
#2508 = VERTEX_POINT ( 'NONE', #2500 ) ;
#2509 = FACE_OUTER_BOUND ( 'NONE', #1057, .T. ) ;
#2510 = DIRECTION ( 'NONE',  ( 0.000000000000000000, 1.000000000000000000, 0.000000000000000000 ) ) ;
#2511 = STYLED_ITEM ( 'NONE', ( #2421 ), #3445 ) ;
#2512 = CARTESIAN_POINT ( 'NONE',  ( 0.3750000000000000000, 4.500000000000000888, 0.6495190528383290030 ) ) ;
#2513 = CARTESIAN_POINT ( 'NONE',  ( 0.9828043081829321848, -0.06000000000000010186, 2.192195691817070635 ) ) ;
#2514 = DIRECTION ( 'NONE',  ( 0.000000000000000000, 1.000000000000000000, 0.000000000000000000 ) ) ;
#2515 =( NAMED_UNIT ( * ) SI_UNIT ( $, .STERADIAN. ) SOLID_ANGLE_UNIT ( ) );
#2516 =( NAMED_UNIT ( * ) SI_UNIT ( $, .STERADIAN. ) SOLID_ANGLE_UNIT ( ) );
#2517 = SURFACE_STYLE_FILL_AREA ( #3665 ) ;
#2518 =( NAMED_UNIT ( * ) PLANE_ANGLE_UNIT ( ) SI_UNIT ( $, .RADIAN. ) );
#2519 =( LENGTH_UNIT ( ) NAMED_UNIT ( * ) SI_UNIT ( .MILLI., .METRE. ) );
#2520 = CIRCLE ( 'NONE', #2291, 0.1000000000000002554 ) ;
#2521 = DIRECTION ( 'NONE',  ( 0.000000000000000000, 1.000000000000000000, 0.000000000000000000 ) ) ;
#2522 = ORIENTED_EDGE ( 'NONE', *, *, #527, .F. ) ;
#2523 = AXIS2_PLACEMENT_3D ( 'NONE', #277, #2345, #3170 ) ;
#2524 = FILL_AREA_STYLE ('',( #2861 ) ) ;
#2525 = DIRECTION ( 'NONE',  ( 0.000000000000000000, 1.000000000000000000, 0.000000000000000000 ) ) ;
#2526 = AXIS2_PLACEMENT_3D ( 'NONE', #1422, #111, #1519 ) ;
#2527 = EDGE_CURVE ( 'NONE', #3632, #1248, #1064, .T. ) ;
#2528 = ORIENTED_EDGE ( 'NONE', *, *, #1789, .T. ) ;
#2529 = ORIENTED_EDGE ( 'NONE', *, *, #1272, .F. ) ;
#2530 = VECTOR ( 'NONE', #2342, 1000.000000000000000 ) ;
#2531 =( LENGTH_UNIT ( ) NAMED_UNIT ( * ) SI_UNIT ( .MILLI., .METRE. ) );
#2532 =( NAMED_UNIT ( * ) PLANE_ANGLE_UNIT ( ) SI_UNIT ( $, .RADIAN. ) );
#2533 = COLOUR_RGB ( '',0.9529411764705881804, 0.9529411764705881804, 0.9529411764705881804 ) ;
#2534 = CARTESIAN_POINT ( 'NONE',  ( -0.3750000000000000000, 4.500000000000000888, 0.6495190528383290030 ) ) ;
#2535 = EDGE_CURVE ( 'NONE', #3644, #1004, #1219, .T. ) ;
#2536 = EDGE_LOOP ( 'NONE', ( #1729, #1152, #2986, #1531, #1949, #2006, #46, #3429, #2726, #2385, #3618, #1206 ) ) ;
#2537 = DIRECTION ( 'NONE',  ( 0.000000000000000000, 0.000000000000000000, 1.000000000000000000 ) ) ;
#2538 =( NAMED_UNIT ( * ) SI_UNIT ( $, .STERADIAN. ) SOLID_ANGLE_UNIT ( ) );
#2539 = STYLED_ITEM ( 'NONE', ( #3638 ), #2201 ) ;
#2540 = STYLED_ITEM ( 'NONE', ( #737 ), #2484 ) ;
#2541 = DIRECTION ( 'NONE',  ( -1.000000000000000000, 0.000000000000000000, -1.224646799147353207E-16 ) ) ;
#2542 = SURFACE_STYLE_FILL_AREA ( #2282 ) ;
#2543 = FACE_BOUND ( 'NONE', #2814, .T. ) ;
#2544 = DIRECTION ( 'NONE',  ( 0.000000000000000000, 0.000000000000000000, 1.000000000000000000 ) ) ;
#2545 = DIRECTION ( 'NONE',  ( 0.000000000000000000, 1.000000000000000000, 0.000000000000000000 ) ) ;
#2547 = ORIENTED_EDGE ( 'NONE', *, *, #2796, .T. ) ;
#2546 = PRESENTATION_LAYER_ASSIGNMENT (  '', '', ( #559 ) ) ;
#2548 = UNCERTAINTY_MEASURE_WITH_UNIT (LENGTH_MEASURE( 1.000000000000000082E-05 ), #3684, 'distance_accuracy_value', 'NONE');
#2549 =( LENGTH_UNIT ( ) NAMED_UNIT ( * ) SI_UNIT ( .MILLI., .METRE. ) );
#2550 = VECTOR ( 'NONE', #1393, 1000.000000000000000 ) ;
#2551 = ORIENTED_EDGE ( 'NONE', *, *, #1428, .T. ) ;
#2552 = ORIENTED_EDGE ( 'NONE', *, *, #2776, .T. ) ;
#2553 = DIRECTION ( 'NONE',  ( -0.000000000000000000, -1.000000000000000000, -0.000000000000000000 ) ) ;
#2554 = CARTESIAN_POINT ( 'NONE',  ( 1.385640646055100067, 0.000000000000000000, -0.8000000000000000444 ) ) ;
#2555 = DIRECTION ( 'NONE',  ( 0.000000000000000000, 0.000000000000000000, 1.000000000000000000 ) ) ;
#2556 = DIRECTION ( 'NONE',  ( 0.000000000000000000, 1.000000000000000000, 0.000000000000000000 ) ) ;
#2557 = VERTEX_POINT ( 'NONE', #2224 ) ;
#2558 = FILL_AREA_STYLE_COLOUR ( '', #1514 ) ;
#2559 = FACE_OUTER_BOUND ( 'NONE', #2104, .T. ) ;
#2560 = EDGE_CURVE ( 'NONE', #807, #2612, #1118, .T. ) ;
#2561 = EDGE_CURVE ( 'NONE', #469, #3285, #613, .T. ) ;
#2562 = CARTESIAN_POINT ( 'NONE',  ( 0.000000000000000000, 0.1000000000000000056, 4.850000000000000533 ) ) ;
#2563 = UNCERTAINTY_MEASURE_WITH_UNIT (LENGTH_MEASURE( 1.000000000000000082E-05 ), #1274, 'distance_accuracy_value', 'NONE');
#2564 = CARTESIAN_POINT ( 'NONE',  ( 9.699999999999999289, 4.500000000000000888, 4.849999999999999645 ) ) ;
#2565 = DIRECTION ( 'NONE',  ( -1.000000000000000000, -0.000000000000000000, 0.000000000000000000 ) ) ;
#2566 =( NAMED_UNIT ( * ) PLANE_ANGLE_UNIT ( ) SI_UNIT ( $, .RADIAN. ) );
#2567 = CARTESIAN_POINT ( 'NONE',  ( 0.000000000000000000, 0.2999999999999999889, 0.000000000000000000 ) ) ;
#2568 = VERTEX_POINT ( 'NONE', #518 ) ;
#2569 =( LENGTH_UNIT ( ) NAMED_UNIT ( * ) SI_UNIT ( .MILLI., .METRE. ) );
#2570 = CARTESIAN_POINT ( 'NONE',  ( -2.525177376259560129E-16, 0.2999999999999999889, -1.034389230519700008E-16 ) ) ;
#2571 = VERTEX_POINT ( 'NONE', #1682 ) ;
#2572 = VERTEX_POINT ( 'NONE', #2831 ) ;
#2573 = DIRECTION ( 'NONE',  ( 0.000000000000000000, 1.000000000000000000, 0.000000000000000000 ) ) ;
#2574 = CIRCLE ( 'NONE', #2762, 0.2000000000000000944 ) ;
#2575 =( BOUNDED_CURVE ( )  B_SPLINE_CURVE ( 3, ( #1132, #1490, #2650, #1771 ),
 .UNSPECIFIED., .F., .F. ) 
 B_SPLINE_CURVE_WITH_KNOTS ( ( 4, 4 ),
 ( 4.712388980384688786, 6.020163104271116339 ),
 .UNSPECIFIED. ) 
 CURVE ( )  GEOMETRIC_REPRESENTATION_ITEM ( )  RATIONAL_B_SPLINE_CURVE ( ( 1.000000000000000000, 0.8624835955462515358, 0.8624835955462515358, 1.000000000000000000 ) ) 
 REPRESENTATION_ITEM ( '' )  );
#2576 = CARTESIAN_POINT ( 'NONE',  ( 0.5611226410969544220, 0.08299788885285430684, 2.613877358903047732 ) ) ;
#2577 = ORIENTED_EDGE ( 'NONE', *, *, #598, .F. ) ;
#2578 = CARTESIAN_POINT ( 'NONE',  ( -1.375000000000000000, 0.3099999999999994982, 2.675000000000001599 ) ) ;
#2579 = VECTOR ( 'NONE', #1542, 1000.000000000000000 ) ;
#2580 =( NAMED_UNIT ( * ) SI_UNIT ( $, .STERADIAN. ) SOLID_ANGLE_UNIT ( ) );
#2581 = EDGE_CURVE ( 'NONE', #324, #3717, #245, .T. ) ;
#2582 = CARTESIAN_POINT ( 'NONE',  ( 1.374999999999999556, 0.3099999999999995537, 2.675000000000001155 ) ) ;
#2583 = VERTEX_POINT ( 'NONE', #1238 ) ;
#2584 = EDGE_CURVE ( 'NONE', #3462, #174, #1200, .T. ) ;
#2585 = CIRCLE ( 'NONE', #1570, 0.2000000000000000944 ) ;
#2586 = FILL_AREA_STYLE ('',( #1129 ) ) ;
#2587 =( GEOMETRIC_REPRESENTATION_CONTEXT ( 3 ) GLOBAL_UNCERTAINTY_ASSIGNED_CONTEXT ( ( #980 ) ) GLOBAL_UNIT_ASSIGNED_CONTEXT ( ( #1009, #1625, #2494 ) ) REPRESENTATION_CONTEXT ( 'NONE', 'WORKASPACE' ) );
#2588 = ORIENTED_EDGE ( 'NONE', *, *, #302, .F. ) ;
#2589 = EDGE_LOOP ( 'NONE', ( #988, #2770, #2012, #1460 ) ) ;
#2590 = SURFACE_STYLE_USAGE ( .BOTH. , #2324 ) ;
#2591 = CARTESIAN_POINT ( 'NONE',  ( 0.000000000000000000, 5.000000000000000000, 0.000000000000000000 ) ) ;
#2592 = CIRCLE ( 'NONE', #310, 0.1000000000000002554 ) ;
#2593 = CARTESIAN_POINT ( 'NONE',  ( -0.8000000000000000444, 0.000000000000000000, 1.385640646055100067 ) ) ;
#2594 = CARTESIAN_POINT ( 'NONE',  ( -0.3750000000000000000, 0.2500000000000000000, -2.700000000000000178 ) ) ;
#2595 = COLOUR_RGB ( '',0.9529411764705881804, 0.9529411764705881804, 0.9529411764705881804 ) ;
#2596 = ORIENTED_EDGE ( 'NONE', *, *, #2490, .F. ) ;
#2597 = STYLED_ITEM ( 'NONE', ( #152 ), #1630 ) ;
#2598 = VECTOR ( 'NONE', #3435, 1000.000000000000000 ) ;
#2599 = CARTESIAN_POINT ( 'NONE',  ( -0.8000000000000000444, 4.500000000000000888, 1.185640646055099889 ) ) ;
#2600 = CARTESIAN_POINT ( 'NONE',  ( -1.600000000000000089, 5.000000000000000000, 0.000000000000000000 ) ) ;
#2601 = CARTESIAN_POINT ( 'NONE',  ( -1.385640646055100067, 5.000000000000000000, 0.8000000000000000444 ) ) ;
#2602 = EDGE_CURVE ( 'NONE', #395, #2572, #1759, .T. ) ;
#2603 = AXIS2_PLACEMENT_3D ( 'NONE', #2837, #789, #288 ) ;
#2604 = SURFACE_SIDE_STYLE ('',( #580 ) ) ;
#2605 = ORIENTED_EDGE ( 'NONE', *, *, #618, .F. ) ;
#2606 = CARTESIAN_POINT ( 'NONE',  ( 0.000000000000000000, 5.000000000000000000, 0.000000000000000000 ) ) ;
#2607 = PRESENTATION_LAYER_ASSIGNMENT (  '', '', ( #1768 ) ) ;
#2608 = LINE ( 'NONE', #869, #604 ) ;
#2609 = ADVANCED_FACE ( 'NONE', ( #3205 ), #2117, .F. ) ;
#2610 = EDGE_CURVE ( 'NONE', #2571, #2133, #1284, .T. ) ;
#2611 = CIRCLE ( 'NONE', #2922, 0.2000000000000000944 ) ;
#2612 = VERTEX_POINT ( 'NONE', #2370 ) ;
#2613 = LINE ( 'NONE', #1417, #1875 ) ;
#2615 = AXIS2_PLACEMENT_3D ( 'NONE', #1821, #1244, #1228 ) ;
#2614 = CARTESIAN_POINT ( 'NONE',  ( 8.944271909999164549, 0.09999999999999999167, -4.472135954999579610 ) ) ;
#2616 = CARTESIAN_POINT ( 'NONE',  ( 1.385640646055100067, 5.000000000000000000, 1.000000000000001110 ) ) ;
#2617 = VECTOR ( 'NONE', #2720, 1000.000000000000000 ) ;
#2618 = EDGE_LOOP ( 'NONE', ( #2864, #543, #1105, #2086 ) ) ;
#2619 = PRESENTATION_STYLE_ASSIGNMENT (( #2297 ) ) ;
#2620 = FACE_OUTER_BOUND ( 'NONE', #2618, .T. ) ;
#2621 = DIRECTION ( 'NONE',  ( 1.000000000000000000, 0.000000000000000000, -5.551115123125779744E-16 ) ) ;
#2622 = LINE ( 'NONE', #520, #1879 ) ;
#2623 = CARTESIAN_POINT ( 'NONE',  ( 1.385640646055100067, 0.000000000000000000, 1.000000000000001110 ) ) ;
#2624 = ORIENTED_EDGE ( 'NONE', *, *, #669, .T. ) ;
#2625 = DIRECTION ( 'NONE',  ( -0.000000000000000000, -1.000000000000000000, -0.000000000000000000 ) ) ;
#2626 = DIRECTION ( 'NONE',  ( 0.000000000000000000, -0.000000000000000000, 1.000000000000000000 ) ) ;
#2627 = FACE_BOUND ( 'NONE', #753, .T. ) ;
#2628 = VERTEX_POINT ( 'NONE', #919 ) ;
#2629 = ORIENTED_EDGE ( 'NONE', *, *, #2868, .T. ) ;
#2630 =( NAMED_UNIT ( * ) PLANE_ANGLE_UNIT ( ) SI_UNIT ( $, .RADIAN. ) );
#2631 = EDGE_CURVE ( 'NONE', #2160, #3737, #3405, .T. ) ;
#2632 = CARTESIAN_POINT ( 'NONE',  ( 9.027114622473781935, -3.586907429118599676E-18, 4.513557311236896297 ) ) ;
#2633 = CARTESIAN_POINT ( 'NONE',  ( -9.797174393178829848E-17, 0.000000000000000000, 1.800000000000000266 ) ) ;
#2634 = LINE ( 'NONE', #1830, #1500 ) ;
#2635 = EDGE_LOOP ( 'NONE', ( #2018, #1307 ) ) ;
#2636 = LINE ( 'NONE', #2952, #2061 ) ;
#2637 =( LENGTH_UNIT ( ) NAMED_UNIT ( * ) SI_UNIT ( .MILLI., .METRE. ) );
#2638 = DIRECTION ( 'NONE',  ( 0.000000000000000000, -0.000000000000000000, 1.000000000000000000 ) ) ;
#2639 = COLOUR_RGB ( '',0.9529411764705881804, 0.9529411764705881804, 0.9529411764705881804 ) ;
#2640 = MECHANICAL_DESIGN_GEOMETRIC_PRESENTATION_REPRESENTATION (  '', ( #3483 ), #468 ) ;
#2641 = DIRECTION ( 'NONE',  ( 0.000000000000000000, 1.000000000000000000, 0.000000000000000000 ) ) ;
#2642 = UNCERTAINTY_MEASURE_WITH_UNIT (LENGTH_MEASURE( 1.000000000000000082E-05 ), #1530, 'distance_accuracy_value', 'NONE');
#2643 = SURFACE_SIDE_STYLE ('',( #3519 ) ) ;
#2644 = CARTESIAN_POINT ( 'NONE',  ( -0.7500000000000000000, 5.000000000000000000, -0.2000000000000000111 ) ) ;
#2645 = CIRCLE ( 'NONE', #3432, 0.2000000000000000944 ) ;
#2646 =( NAMED_UNIT ( * ) PLANE_ANGLE_UNIT ( ) SI_UNIT ( $, .RADIAN. ) );
#2647 = LINE ( 'NONE', #10, #3282 ) ;
#2648 = FILL_AREA_STYLE_COLOUR ( '', #2670 ) ;
#2649 = TOROIDAL_SURFACE ( 'NONE', #657, 0.3921956918170705353, 0.5000000000000013323 ) ;
#2650 = CARTESIAN_POINT ( 'NONE',  ( -0.5611226410969545331, 0.08299788885285415418, 2.613877358903048176 ) ) ;
#2651 = DIRECTION ( 'NONE',  ( 0.000000000000000000, 0.000000000000000000, 1.000000000000000000 ) ) ;
#2652 = DIRECTION ( 'NONE',  ( -1.000000000000000000, 0.000000000000000000, -0.000000000000000000 ) ) ;
#2653 = COLOUR_RGB ( '',1.000000000000000000, 0.9960784313725490335, 0.9607843137254902244 ) ;
#2654 = CIRCLE ( 'NONE', #2047, 4.472135954999578722 ) ;
#2655 = ADVANCED_FACE ( 'NONE', ( #1445 ), #355, .F. ) ;
#2656 = CARTESIAN_POINT ( 'NONE',  ( -1.375000000000000000, 0.3099999999999999978, -3.700000000000000178 ) ) ;
#2657 = ORIENTED_EDGE ( 'NONE', *, *, #1359, .F. ) ;
#2658 = FILL_AREA_STYLE ('',( #2910 ) ) ;
#2659 = CIRCLE ( 'NONE', #2523, 0.1999999999999999833 ) ;
#2660 = DIRECTION ( 'NONE',  ( 0.000000000000000000, 0.000000000000000000, 1.000000000000000000 ) ) ;
#2661 = EDGE_CURVE ( 'NONE', #1915, #2572, #1346, .T. ) ;
#2662 =( GEOMETRIC_REPRESENTATION_CONTEXT ( 3 ) GLOBAL_UNCERTAINTY_ASSIGNED_CONTEXT ( ( #1503 ) ) GLOBAL_UNIT_ASSIGNED_CONTEXT ( ( #1855, #1610, #1299 ) ) REPRESENTATION_CONTEXT ( 'NONE', 'WORKASPACE' ) );
#2663 = CARTESIAN_POINT ( 'NONE',  ( -1.385640646055100067, 0.000000000000000000, 0.6000000000000000888 ) ) ;
#2664 = DIRECTION ( 'NONE',  ( 0.000000000000000000, 1.000000000000000000, 0.000000000000000000 ) ) ;
#2665 = CARTESIAN_POINT ( 'NONE',  ( 9.499999999999996447, 0.000000000000000000, -4.750000000000000000 ) ) ;
#2666 =( GEOMETRIC_REPRESENTATION_CONTEXT ( 3 ) GLOBAL_UNCERTAINTY_ASSIGNED_CONTEXT ( ( #1463 ) ) GLOBAL_UNIT_ASSIGNED_CONTEXT ( ( #1288, #3323, #2002 ) ) REPRESENTATION_CONTEXT ( 'NONE', 'WORKASPACE' ) );
#2667 = DIRECTION ( 'NONE',  ( 0.000000000000000000, 1.000000000000000000, 0.000000000000000000 ) ) ;
#2668 = ORIENTED_EDGE ( 'NONE', *, *, #1546, .T. ) ;
#2669 = DIRECTION ( 'NONE',  ( -0.000000000000000000, -1.000000000000000000, -0.000000000000000000 ) ) ;
#2670 = COLOUR_RGB ( '',0.9529411764705881804, 0.9529411764705881804, 0.9529411764705881804 ) ;
#2671 = SURFACE_STYLE_FILL_AREA ( #2396 ) ;
#2672 = ORIENTED_EDGE ( 'NONE', *, *, #2610, .F. ) ;
#2673 = EDGE_LOOP ( 'NONE', ( #1455, #2082, #3640, #3504 ) ) ;
#2674 = DIRECTION ( 'NONE',  ( 0.000000000000000000, 1.000000000000000000, 0.000000000000000000 ) ) ;
#2675 = DIRECTION ( 'NONE',  ( 0.000000000000000000, 1.000000000000000000, 0.000000000000000000 ) ) ;
#2676 = CARTESIAN_POINT ( 'NONE',  ( -1.105502702794877808E-15, -3.586907429118599676E-18, 4.513557311236888303 ) ) ;
#2677 = LINE ( 'NONE', #2090, #3386 ) ;
#2678 = ORIENTED_EDGE ( 'NONE', *, *, #1119, .F. ) ;
#2679 = VECTOR ( 'NONE', #198, 1000.000000000000000 ) ;
#2680 = DIRECTION ( 'NONE',  ( 0.000000000000000000, 1.000000000000000000, 0.000000000000000000 ) ) ;
#2681 = SURFACE_STYLE_FILL_AREA ( #1480 ) ;
#2682 = EDGE_CURVE ( 'NONE', #2103, #1626, #438, .T. ) ;
#2683 = EDGE_CURVE ( 'NONE', #1054, #632, #1743, .T. ) ;
#2684 = LINE ( 'NONE', #1800, #1676 ) ;
#2685 = EDGE_LOOP ( 'NONE', ( #2588, #3509, #894, #1002 ) ) ;
#2686 = SURFACE_STYLE_FILL_AREA ( #639 ) ;
#2687 = FACE_BOUND ( 'NONE', #600, .T. ) ;
#2688 = ORIENTED_EDGE ( 'NONE', *, *, #1056, .T. ) ;
#2689 = DIRECTION ( 'NONE',  ( 1.000000000000000000, 0.000000000000000000, 0.000000000000000000 ) ) ;
#2690 = LINE ( 'NONE', #972, #1681 ) ;
#2691 = CARTESIAN_POINT ( 'NONE',  ( -1.875000000000000000, 0.000000000000000000, -2.700000000000000178 ) ) ;
#2692 = CYLINDRICAL_SURFACE ( 'NONE', #186, 4.472135954999579610 ) ;
#2693 = ORIENTED_EDGE ( 'NONE', *, *, #329, .F. ) ;
#2694 = SURFACE_STYLE_FILL_AREA ( #2425 ) ;
#2695 = LINE ( 'NONE', #135, #290 ) ;
#2696 = CARTESIAN_POINT ( 'NONE',  ( 1.385640646055100067, 0.000000000000000000, 0.8000000000000010436 ) ) ;
#2697 =( GEOMETRIC_REPRESENTATION_CONTEXT ( 3 ) GLOBAL_UNCERTAINTY_ASSIGNED_CONTEXT ( ( #3427 ) ) GLOBAL_UNIT_ASSIGNED_CONTEXT ( ( #2884, #259, #3715 ) ) REPRESENTATION_CONTEXT ( 'NONE', 'WORKASPACE' ) );
#2698 =( NAMED_UNIT ( * ) SI_UNIT ( $, .STERADIAN. ) SOLID_ANGLE_UNIT ( ) );
#2699 = CARTESIAN_POINT ( 'NONE',  ( 8.699999999999997513, 5.000000000000000888, 4.349999999999999645 ) ) ;
#2700 = FILL_AREA_STYLE ('',( #1544 ) ) ;
#2701 = AXIS2_PLACEMENT_3D ( 'NONE', #153, #1564, #3297 ) ;
#2702 = EDGE_CURVE ( 'NONE', #872, #994, #3408, .T. ) ;
#2703 = ORIENTED_EDGE ( 'NONE', *, *, #2661, .T. ) ;
#2704 = CARTESIAN_POINT ( 'NONE',  ( 0.000000000000000000, 0.000000000000000000, 0.000000000000000000 ) ) ;
#2705 =( GEOMETRIC_REPRESENTATION_CONTEXT ( 3 ) GLOBAL_UNCERTAINTY_ASSIGNED_CONTEXT ( ( #809 ) ) GLOBAL_UNIT_ASSIGNED_CONTEXT ( ( #1534, #3603, #1604 ) ) REPRESENTATION_CONTEXT ( 'NONE', 'WORKASPACE' ) );
#2706 = CARTESIAN_POINT ( 'NONE',  ( 0.8000000000000010436, 4.500000000000000888, -1.585640646055100245 ) ) ;
#2707 = DIRECTION ( 'NONE',  ( -0.000000000000000000, -1.000000000000000000, -0.000000000000000000 ) ) ;
#2708 = ADVANCED_FACE ( 'NONE', ( #2916 ), #1203, .F. ) ;
#2709 = MECHANICAL_DESIGN_GEOMETRIC_PRESENTATION_REPRESENTATION (  '', ( #56 ), #1561 ) ;
#2710 = VECTOR ( 'NONE', #960, 1000.000000000000000 ) ;
#2711 = ORIENTED_EDGE ( 'NONE', *, *, #3190, .T. ) ;
#2712 = ORIENTED_EDGE ( 'NONE', *, *, #896, .T. ) ;
#2713 = SURFACE_STYLE_FILL_AREA ( #643 ) ;
#2714 = SURFACE_STYLE_USAGE ( .BOTH. , #3055 ) ;
#2715 = EDGE_LOOP ( 'NONE', ( #1770, #3375 ) ) ;
#2716 = CARTESIAN_POINT ( 'NONE',  ( 0.3750000000000000000, 5.000000000000000000, -0.8495190528383289585 ) ) ;
#2717 = CARTESIAN_POINT ( 'NONE',  ( -1.385640646055100067, 4.500000000000000888, 0.8000000000000000444 ) ) ;
#2718 = AXIS2_PLACEMENT_3D ( 'NONE', #3399, #2806, #3350 ) ;
#2719 = STYLED_ITEM ( 'NONE', ( #2950 ), #717 ) ;
#2720 = DIRECTION ( 'NONE',  ( 0.000000000000000000, 0.000000000000000000, -1.000000000000000000 ) ) ;
#2721 = CIRCLE ( 'NONE', #2351, 0.2000000000000000111 ) ;
#2722 = FACE_BOUND ( 'NONE', #2258, .T. ) ;
#2723 = SURFACE_STYLE_USAGE ( .BOTH. , #982 ) ;
#2724 =( GEOMETRIC_REPRESENTATION_CONTEXT ( 3 ) GLOBAL_UNCERTAINTY_ASSIGNED_CONTEXT ( ( #1078 ) ) GLOBAL_UNIT_ASSIGNED_CONTEXT ( ( #2637, #1195, #3511 ) ) REPRESENTATION_CONTEXT ( 'NONE', 'WORKASPACE' ) );
#2725 = DIRECTION ( 'NONE',  ( 0.000000000000000000, 0.000000000000000000, 1.000000000000000000 ) ) ;
#2726 = ORIENTED_EDGE ( 'NONE', *, *, #2059, .F. ) ;
#2727 = COLOUR_RGB ( '',0.9529411764705881804, 0.9529411764705881804, 0.9529411764705881804 ) ;
#2728 = FILL_AREA_STYLE_COLOUR ( '', #3412 ) ;
#2729 = EDGE_CURVE ( 'NONE', #1054, #1263, #2611, .T. ) ;
#2730 =( BOUNDED_CURVE ( )  B_SPLINE_CURVE ( 3, ( #2513, #833, #2576, #3152 ),
 .UNSPECIFIED., .F., .T. ) 
 B_SPLINE_CURVE_WITH_KNOTS ( ( 4, 4 ),
 ( 4.712388980384689674, 6.020163104271116339 ),
 .UNSPECIFIED. ) 
 CURVE ( )  GEOMETRIC_REPRESENTATION_ITEM ( )  RATIONAL_B_SPLINE_CURVE ( ( 1.000000000000000000, 0.8624835955462516468, 0.8624835955462516468, 1.000000000000000000 ) ) 
 REPRESENTATION_ITEM ( '' )  );
#2731 =( GEOMETRIC_REPRESENTATION_CONTEXT ( 3 ) GLOBAL_UNCERTAINTY_ASSIGNED_CONTEXT ( ( #3474 ) ) GLOBAL_UNIT_ASSIGNED_CONTEXT ( ( #3595, #2742, #2850 ) ) REPRESENTATION_CONTEXT ( 'NONE', 'WORKASPACE' ) );
#2732 = FILL_AREA_STYLE ('',( #1652 ) ) ;
#2733 = VERTEX_POINT ( 'NONE', #340 ) ;
#2734 =( NAMED_UNIT ( * ) PLANE_ANGLE_UNIT ( ) SI_UNIT ( $, .RADIAN. ) );
#2735 = AXIS2_PLACEMENT_3D ( 'NONE', #1883, #3617, #3103 ) ;
#2736 = DIRECTION ( 'NONE',  ( 0.000000000000000000, 1.000000000000000000, 0.000000000000000000 ) ) ;
#2737 = EDGE_CURVE ( 'NONE', #2098, #3544, #502, .T. ) ;
#2738 = ADVANCED_FACE ( 'NONE', ( #541 ), #3022, .F. ) ;
#2739 = SURFACE_STYLE_USAGE ( .BOTH. , #1947 ) ;
#2740 = SURFACE_STYLE_FILL_AREA ( #2458 ) ;
#2741 = DIRECTION ( 'NONE',  ( 0.000000000000000000, 0.000000000000000000, 1.000000000000000000 ) ) ;
#2742 =( NAMED_UNIT ( * ) PLANE_ANGLE_UNIT ( ) SI_UNIT ( $, .RADIAN. ) );
#2743 = DIRECTION ( 'NONE',  ( 0.000000000000000000, 1.000000000000000000, 0.000000000000000000 ) ) ;
#2744 = CARTESIAN_POINT ( 'NONE',  ( 0.000000000000000000, 0.000000000000000000, 0.000000000000000000 ) ) ;
#2745 = AXIS2_PLACEMENT_3D ( 'NONE', #2487, #1020, #1845 ) ;
#2746 =( NAMED_UNIT ( * ) PLANE_ANGLE_UNIT ( ) SI_UNIT ( $, .RADIAN. ) );
#2748 = EDGE_LOOP ( 'NONE', ( #2596, #1489, #1378, #1135 ) ) ;
#2747 = VECTOR ( 'NONE', #1971, 1000.000000000000000 ) ;
#2749 =( NAMED_UNIT ( * ) PLANE_ANGLE_UNIT ( ) SI_UNIT ( $, .RADIAN. ) );
#2750 = VERTEX_POINT ( 'NONE', #1223 ) ;
#2751 = VERTEX_POINT ( 'NONE', #2410 ) ;
#2752 = CARTESIAN_POINT ( 'NONE',  ( -1.875000000000000000, 0.3099999999999999978, -2.700000000000000178 ) ) ;
#2753 = EDGE_CURVE ( 'NONE', #3207, #2185, #2684, .T. ) ;
#2754 = ORIENTED_EDGE ( 'NONE', *, *, #373, .F. ) ;
#2755 = PRESENTATION_STYLE_ASSIGNMENT (( #1890 ) ) ;
#2756 = CARTESIAN_POINT ( 'NONE',  ( -0.8750000000000000000, 0.000000000000000000, -2.700000000000000178 ) ) ;
#2757 = CYLINDRICAL_SURFACE ( 'NONE', #1183, 0.2000000000000000944 ) ;
#2758 = DIRECTION ( 'NONE',  ( -0.000000000000000000, -1.000000000000000000, -0.000000000000000000 ) ) ;
#2759 = CYLINDRICAL_SURFACE ( 'NONE', #976, 0.2000000000000000944 ) ;
#2760 = ORIENTED_EDGE ( 'NONE', *, *, #3185, .T. ) ;
#2761 = PRESENTATION_STYLE_ASSIGNMENT (( #751 ) ) ;
#2762 = AXIS2_PLACEMENT_3D ( 'NONE', #2153, #1300, #2442 ) ;
#2763 = CARTESIAN_POINT ( 'NONE',  ( -8.944271909999160997, 0.09999999999999999167, 4.472135954999577834 ) ) ;
#2764 = ORIENTED_EDGE ( 'NONE', *, *, #3611, .T. ) ;
#2765 = MECHANICAL_DESIGN_GEOMETRIC_PRESENTATION_REPRESENTATION (  '', ( #1369 ), #1629 ) ;
#2766 = DIRECTION ( 'NONE',  ( -1.000000000000000000, 0.000000000000000000, -0.000000000000000000 ) ) ;
#2767 = SURFACE_SIDE_STYLE ('',( #3268 ) ) ;
#2768 = MECHANICAL_DESIGN_GEOMETRIC_PRESENTATION_REPRESENTATION (  '', ( #2171 ), #2101 ) ;
#2769 = CARTESIAN_POINT ( 'NONE',  ( -1.596755374588623219E-15, 0.000000000000000000, 4.572135954999580143 ) ) ;
#2770 = ORIENTED_EDGE ( 'NONE', *, *, #1241, .F. ) ;
#2771 = MECHANICAL_DESIGN_GEOMETRIC_PRESENTATION_REPRESENTATION (  '', ( #3091 ), #3261 ) ;
#2772 = ADVANCED_FACE ( 'NONE', ( #2374 ), #1569, .F. ) ;
#2773 = DIRECTION ( 'NONE',  ( 0.000000000000000000, 1.000000000000000000, 0.000000000000000000 ) ) ;
#2774 = FILL_AREA_STYLE_COLOUR ( '', #369 ) ;
#2775 = EDGE_CURVE ( 'NONE', #2750, #889, #3204, .T. ) ;
#2776 = EDGE_CURVE ( 'NONE', #2229, #3448, #1562, .T. ) ;
#2777 = AXIS2_PLACEMENT_3D ( 'NONE', #995, #1029, #3573 ) ;
#2778 = SURFACE_SIDE_STYLE ('',( #3320 ) ) ;
#2779 = MECHANICAL_DESIGN_GEOMETRIC_PRESENTATION_REPRESENTATION (  '', ( #306 ), #361 ) ;
#2780 = AXIS2_PLACEMENT_3D ( 'NONE', #942, #1179, #3006 ) ;
#2781 = PRESENTATION_STYLE_ASSIGNMENT (( #1637 ) ) ;
#2782 = SURFACE_STYLE_FILL_AREA ( #2732 ) ;
#2783 = ORIENTED_EDGE ( 'NONE', *, *, #28, .F. ) ;
#2784 = CARTESIAN_POINT ( 'NONE',  ( 3.184081677783121149E-16, 0.000000000000000000, -1.800000000000000266 ) ) ;
#2785 = UNCERTAINTY_MEASURE_WITH_UNIT (LENGTH_MEASURE( 1.000000000000000082E-05 ), #246, 'distance_accuracy_value', 'NONE');
#2786 =( GEOMETRIC_REPRESENTATION_CONTEXT ( 3 ) GLOBAL_UNCERTAINTY_ASSIGNED_CONTEXT ( ( #2 ) ) GLOBAL_UNIT_ASSIGNED_CONTEXT ( ( #2549, #2818, #2152 ) ) REPRESENTATION_CONTEXT ( 'NONE', 'WORKASPACE' ) );
#2787 = CARTESIAN_POINT ( 'NONE',  ( -1.375000000000000000, 0.000000000000000000, -2.200000000000000178 ) ) ;
#2788 = PRESENTATION_LAYER_ASSIGNMENT (  '', '', ( #3049 ) ) ;
#2789 = EDGE_LOOP ( 'NONE', ( #110, #8, #2186, #3010 ) ) ;
#2790 = CARTESIAN_POINT ( 'NONE',  ( 0.5000000000000012212, 0.3099999999999999978, 2.675000000000001155 ) ) ;
#2791 = FILL_AREA_STYLE ('',( #3733 ) ) ;
#2792 =( NAMED_UNIT ( * ) PLANE_ANGLE_UNIT ( ) SI_UNIT ( $, .RADIAN. ) );
#2793 = COLOUR_RGB ( '',0.9529411764705881804, 0.9529411764705881804, 0.9529411764705881804 ) ;
#2794 = APPLICATION_PROTOCOL_DEFINITION ( 'draft international standard', 'automotive_design', 1998, #367 ) ;
#2795 = CARTESIAN_POINT ( 'NONE',  ( 0.3750000000000000000, 0.000000000000000000, -0.6495190528383290030 ) ) ;
#2796 = EDGE_CURVE ( 'NONE', #3191, #1656, #379, .T. ) ;
#2797 = CARTESIAN_POINT ( 'NONE',  ( -1.065442715258197248E-15, 5.000000000000000888, 4.349999999999999645 ) ) ;
#2798 = CARTESIAN_POINT ( 'NONE',  ( 5.939536975864663955E-16, 4.792893218813452982, -4.849999999999998757 ) ) ;
#2799 = CIRCLE ( 'NONE', #1402, 0.2000000000000000111 ) ;
#2800 = STYLED_ITEM ( 'NONE', ( #1939 ), #309 ) ;
#2801 = DIRECTION ( 'NONE',  ( 0.000000000000000000, 0.000000000000000000, 1.000000000000000000 ) ) ;
#2802 = ORIENTED_EDGE ( 'NONE', *, *, #1958, .F. ) ;
#2803 = EDGE_LOOP ( 'NONE', ( #3326, #750 ) ) ;
#2804 = DIRECTION ( 'NONE',  ( 0.000000000000000000, 0.000000000000000000, 1.000000000000000000 ) ) ;
#2805 = ORIENTED_EDGE ( 'NONE', *, *, #2796, .F. ) ;
#2806 = DIRECTION ( 'NONE',  ( 0.000000000000000000, 1.000000000000000000, 0.000000000000000000 ) ) ;
#2807 = CARTESIAN_POINT ( 'NONE',  ( -0.3750000000000000000, 0.3099999999999999978, 0.000000000000000000 ) ) ;
#2808 = SURFACE_STYLE_USAGE ( .BOTH. , #1735 ) ;
#2809 =( LENGTH_UNIT ( ) NAMED_UNIT ( * ) SI_UNIT ( .MILLI., .METRE. ) );
#2810 = DIRECTION ( 'NONE',  ( 0.000000000000000000, 0.000000000000000000, 1.000000000000000000 ) ) ;
#2811 =( NAMED_UNIT ( * ) PLANE_ANGLE_UNIT ( ) SI_UNIT ( $, .RADIAN. ) );
#2812 = EDGE_CURVE ( 'NONE', #2821, #2275, #2431, .T. ) ;
#2813 = CARTESIAN_POINT ( 'NONE',  ( -2.734561762220730504E-16, 0.3099999999999999978, -2.200000000000000178 ) ) ;
#2814 = EDGE_LOOP ( 'NONE', ( #1169, #1924 ) ) ;
#2815 = FILL_AREA_STYLE_COLOUR ( '', #1778 ) ;
#2816 = AXIS2_PLACEMENT_3D ( 'NONE', #2867, #2573, #15 ) ;
#2817 = UNCERTAINTY_MEASURE_WITH_UNIT (LENGTH_MEASURE( 1.000000000000000082E-05 ), #1047, 'distance_accuracy_value', 'NONE');
#2818 =( NAMED_UNIT ( * ) PLANE_ANGLE_UNIT ( ) SI_UNIT ( $, .RADIAN. ) );
#2819 = EDGE_CURVE ( 'NONE', #3325, #364, #3558, .T. ) ;
#2820 = STYLED_ITEM ( 'NONE', ( #1968 ), #3244 ) ;
#2821 = VERTEX_POINT ( 'NONE', #3007 ) ;
#2822 = FILL_AREA_STYLE_COLOUR ( '', #773 ) ;
#2823 = PRESENTATION_STYLE_ASSIGNMENT (( #1674 ) ) ;
#2824 = VECTOR ( 'NONE', #990, 1000.000000000000000 ) ;
#2825 = DIRECTION ( 'NONE',  ( 0.000000000000000000, 1.000000000000000000, 0.000000000000000000 ) ) ;
#2826 = CARTESIAN_POINT ( 'NONE',  ( 5.327213576290986242E-16, 5.250000000000000000, -4.349999999999999645 ) ) ;
#2827 =( GEOMETRIC_REPRESENTATION_CONTEXT ( 3 ) GLOBAL_UNCERTAINTY_ASSIGNED_CONTEXT ( ( #2149 ) ) GLOBAL_UNIT_ASSIGNED_CONTEXT ( ( #3301, #1523, #2698 ) ) REPRESENTATION_CONTEXT ( 'NONE', 'WORKASPACE' ) );
#2828 =( GEOMETRIC_REPRESENTATION_CONTEXT ( 3 ) GLOBAL_UNCERTAINTY_ASSIGNED_CONTEXT ( ( #1582 ) ) GLOBAL_UNIT_ASSIGNED_CONTEXT ( ( #1675, #2532, #1969 ) ) REPRESENTATION_CONTEXT ( 'NONE', 'WORKASPACE' ) );
#2829 = ORIENTED_EDGE ( 'NONE', *, *, #1342, .T. ) ;
#2830 = CARTESIAN_POINT ( 'NONE',  ( -1.875000000000000000, 0.2500000000000000000, -3.200000000000000178 ) ) ;
#2831 = CARTESIAN_POINT ( 'NONE',  ( -0.3750000000000000000, 5.000000000000000000, 0.4495190528383289363 ) ) ;
#2832 = CYLINDRICAL_SURFACE ( 'NONE', #231, 0.2000000000000000111 ) ;
#2833 = UNCERTAINTY_MEASURE_WITH_UNIT (LENGTH_MEASURE( 1.000000000000000082E-05 ), #2519, 'distance_accuracy_value', 'NONE');
#2834 = CARTESIAN_POINT ( 'NONE',  ( -1.875000000000000000, 0.2500000000000000000, -2.700000000000000178 ) ) ;
#2835 = CARTESIAN_POINT ( 'NONE',  ( 5.817072295949927426E-16, 0.000000000000000000, 4.750000000000000000 ) ) ;
#2836 = MANIFOLD_SOLID_BREP ( 'Solid2', #446 ) ;
#2837 = CARTESIAN_POINT ( 'NONE',  ( 0.000000000000000000, 0.2999999999999999889, 0.000000000000000000 ) ) ;
#2838 = ORIENTED_EDGE ( 'NONE', *, *, #3019, .F. ) ;
#2839 = DIRECTION ( 'NONE',  ( 0.000000000000000000, 0.000000000000000000, 1.000000000000000000 ) ) ;
#2840 = ORIENTED_EDGE ( 'NONE', *, *, #2584, .T. ) ;
#2841 = ORIENTED_EDGE ( 'NONE', *, *, #1341, .T. ) ;
#2842 =( LENGTH_UNIT ( ) NAMED_UNIT ( * ) SI_UNIT ( .MILLI., .METRE. ) );
#2843 = ADVANCED_FACE ( 'NONE', ( #2272 ), #678, .F. ) ;
#2844 = CIRCLE ( 'NONE', #1335, 0.1999999999999999833 ) ;
#2845 = EDGE_CURVE ( 'NONE', #672, #2292, #3377, .T. ) ;
#2846 = CARTESIAN_POINT ( 'NONE',  ( -1.600000000000000089, 5.000000000000000000, -0.2000000000000000111 ) ) ;
#2847 = SURFACE_SIDE_STYLE ('',( #220 ) ) ;
#2848 = DIRECTION ( 'NONE',  ( 0.000000000000000000, 0.000000000000000000, 1.000000000000000000 ) ) ;
#2849 = EDGE_LOOP ( 'NONE', ( #44, #1850, #2319, #3088 ) ) ;
#2850 =( NAMED_UNIT ( * ) SI_UNIT ( $, .STERADIAN. ) SOLID_ANGLE_UNIT ( ) );
#2851 = CYLINDRICAL_SURFACE ( 'NONE', #236, 0.2000000000000000111 ) ;
#2852 = DIRECTION ( 'NONE',  ( 0.000000000000000000, 1.000000000000000000, 0.000000000000000000 ) ) ;
#2853 = MECHANICAL_DESIGN_GEOMETRIC_PRESENTATION_REPRESENTATION (  '', ( #3641 ), #1279 ) ;
#2854 =( GEOMETRIC_REPRESENTATION_CONTEXT ( 3 ) GLOBAL_UNCERTAINTY_ASSIGNED_CONTEXT ( ( #1240 ) ) GLOBAL_UNIT_ASSIGNED_CONTEXT ( ( #3098, #2746, #192 ) ) REPRESENTATION_CONTEXT ( 'NONE', 'WORKASPACE' ) );
#2855 = SURFACE_STYLE_FILL_AREA ( #504 ) ;
#2856 = SURFACE_STYLE_USAGE ( .BOTH. , #1998 ) ;
#2857 = AXIS2_PLACEMENT_3D ( 'NONE', #1501, #75, #1779 ) ;
#2858 =( LENGTH_UNIT ( ) NAMED_UNIT ( * ) SI_UNIT ( .MILLI., .METRE. ) );
#2860 = EDGE_LOOP ( 'NONE', ( #1635, #1865, #2547, #1601 ) ) ;
#2859 = AXIS2_PLACEMENT_3D ( 'NONE', #9, #3711, #3184 ) ;
#2861 = FILL_AREA_STYLE_COLOUR ( '', #2248 ) ;
#2862 = CARTESIAN_POINT ( 'NONE',  ( 0.3750000000000000000, 5.000000000000000000, 0.4495190528383289363 ) ) ;
#2863 = EDGE_LOOP ( 'NONE', ( #1972, #2577, #1791, #1944 ) ) ;
#2864 = ORIENTED_EDGE ( 'NONE', *, *, #2462, .F. ) ;
#2865 = FACE_OUTER_BOUND ( 'NONE', #2748, .T. ) ;
#2866 =( NAMED_UNIT ( * ) SI_UNIT ( $, .STERADIAN. ) SOLID_ANGLE_UNIT ( ) );
#2867 = CARTESIAN_POINT ( 'NONE',  ( -1.600000000000000089, 4.500000000000000888, 0.000000000000000000 ) ) ;
#2868 = EDGE_CURVE ( 'NONE', #3565, #2965, #3491, .T. ) ;
#2869 = DIRECTION ( 'NONE',  ( 0.000000000000000000, 0.000000000000000000, 1.000000000000000000 ) ) ;
#2870 = ORIENTED_EDGE ( 'NONE', *, *, #1663, .F. ) ;
#2871 = SURFACE_SIDE_STYLE ('',( #1680 ) ) ;
#2872 = EDGE_CURVE ( 'NONE', #3497, #183, #1419, .T. ) ;
#2873 = DIRECTION ( 'NONE',  ( 0.000000000000000000, 0.000000000000000000, 1.000000000000000000 ) ) ;
#2874 = DIRECTION ( 'NONE',  ( 0.000000000000000000, 0.000000000000000000, 1.000000000000000000 ) ) ;
#2875 = LINE ( 'NONE', #3475, #479 ) ;
#2876 = DIRECTION ( 'NONE',  ( 0.000000000000000000, 1.000000000000000000, 0.000000000000000000 ) ) ;
#2877 = ORIENTED_EDGE ( 'NONE', *, *, #1380, .T. ) ;
#2878 = FACE_OUTER_BOUND ( 'NONE', #665, .T. ) ;
#2879 = SURFACE_STYLE_USAGE ( .BOTH. , #887 ) ;
#2880 = ORIENTED_EDGE ( 'NONE', *, *, #3658, .T. ) ;
#2881 = ORIENTED_EDGE ( 'NONE', *, *, #855, .F. ) ;
#2882 = LINE ( 'NONE', #853, #1925 ) ;
#2883 = CARTESIAN_POINT ( 'NONE',  ( -4.060872487165649985E-15, 0.000000000000000000, 4.572135954999580143 ) ) ;
#2884 =( LENGTH_UNIT ( ) NAMED_UNIT ( * ) SI_UNIT ( .MILLI., .METRE. ) );
#2885 = VECTOR ( 'NONE', #1539, 1000.000000000000000 ) ;
#2886 = ORIENTED_EDGE ( 'NONE', *, *, #1246, .F. ) ;
#2887 = FACE_OUTER_BOUND ( 'NONE', #1312, .T. ) ;
#2888 = AXIS2_PLACEMENT_3D ( 'NONE', #686, #2736, #146 ) ;
#2889 = EDGE_CURVE ( 'NONE', #2898, #3191, #2162, .T. ) ;
#2890 = SURFACE_STYLE_FILL_AREA ( #3512 ) ;
#2891 = PLANE ( 'NONE',  #3734 ) ;
#2892 = CARTESIAN_POINT ( 'NONE',  ( 0.000000000000000000, 0.04142135623730949789, -4.849999999999998757 ) ) ;
#2893 = EDGE_CURVE ( 'NONE', #276, #2127, #3151, .T. ) ;
#2894 = AXIS2_PLACEMENT_3D ( 'NONE', #3705, #1096, #2689 ) ;
#2895 = ADVANCED_FACE ( 'NONE', ( #1133 ), #2220, .F. ) ;
#2896 = FILL_AREA_STYLE ('',( #2317 ) ) ;
#2897 = LINE ( 'NONE', #3162, #3054 ) ;
#2898 = VERTEX_POINT ( 'NONE', #2996 ) ;
#2899 = SURFACE_SIDE_STYLE ('',( #2686 ) ) ;
#2900 = AXIS2_PLACEMENT_3D ( 'NONE', #1379, #530, #2479 ) ;
#2901 = MECHANICAL_DESIGN_GEOMETRIC_PRESENTATION_REPRESENTATION (  '', ( #2463 ), #775 ) ;
#2902 = EDGE_LOOP ( 'NONE', ( #2507, #3572 ) ) ;
#2903 = ORIENTED_EDGE ( 'NONE', *, *, #481, .T. ) ;
#2904 = FILL_AREA_STYLE_COLOUR ( '', #1023 ) ;
#2905 = CARTESIAN_POINT ( 'NONE',  ( 5.599251662556764375E-16, 0.000000000000000000, -4.572135954999580143 ) ) ;
#2906 = CIRCLE ( 'NONE', #3574, 0.2000000000000000944 ) ;
#2907 = CARTESIAN_POINT ( 'NONE',  ( -0.7500000000000000000, 5.000000000000000000, 0.000000000000000000 ) ) ;
#2908 = DIRECTION ( 'NONE',  ( -1.000000000000000000, 0.000000000000000000, -0.000000000000000000 ) ) ;
#2909 = ORIENTED_EDGE ( 'NONE', *, *, #2352, .F. ) ;
#2910 = FILL_AREA_STYLE_COLOUR ( '', #1586 ) ;
#2911 = CARTESIAN_POINT ( 'NONE',  ( -0.3750000000000000000, 0.2500000000000000000, -2.700000000000000178 ) ) ;
#2912 = PRESENTATION_LAYER_ASSIGNMENT (  '', '', ( #1828 ) ) ;
#2913 = PRESENTATION_LAYER_ASSIGNMENT (  '', '', ( #139 ) ) ;
#2914 = UNCERTAINTY_MEASURE_WITH_UNIT (LENGTH_MEASURE( 1.000000000000000082E-05 ), #54, 'distance_accuracy_value', 'NONE');
#2915 = CARTESIAN_POINT ( 'NONE',  ( -5.873991548605653778E-16, 0.000000000000000000, -4.572135954999580143 ) ) ;
#2916 = FACE_OUTER_BOUND ( 'NONE', #2849, .T. ) ;
#2917 = ADVANCED_FACE ( 'NONE', ( #1493 ), #646, .T. ) ;
#2918 = CARTESIAN_POINT ( 'NONE',  ( 1.600000000000000089, 4.500000000000000888, -0.1999999999999998168 ) ) ;
#2919 = ORIENTED_EDGE ( 'NONE', *, *, #1468, .F. ) ;
#2920 = AXIS2_PLACEMENT_3D ( 'NONE', #1035, #140, #2141 ) ;
#2921 = PLANE ( 'NONE',  #2236 ) ;
#2922 = AXIS2_PLACEMENT_3D ( 'NONE', #3495, #2060, #1710 ) ;
#2923 = SURFACE_STYLE_FILL_AREA ( #125 ) ;
#2924 = EDGE_LOOP ( 'NONE', ( #1553, #280, #878, #727 ) ) ;
#2925 = VERTEX_POINT ( 'NONE', #68 ) ;
#2926 = DIRECTION ( 'NONE',  ( 0.000000000000000000, 0.000000000000000000, 1.000000000000000000 ) ) ;
#2928 = MECHANICAL_DESIGN_GEOMETRIC_PRESENTATION_REPRESENTATION (  '', ( #1948 ), #205 ) ;
#2927 = CARTESIAN_POINT ( 'NONE',  ( -0.7477172270407986820, -0.06000000000000003247, 1.172717227040796395 ) ) ;
#2929 = DIRECTION ( 'NONE',  ( 0.000000000000000000, 0.000000000000000000, 1.000000000000000000 ) ) ;
#2930 = CARTESIAN_POINT ( 'NONE',  ( -0.3750000000000000000, 0.000000000000000000, -2.700000000000000178 ) ) ;
#2931 = ORIENTED_EDGE ( 'NONE', *, *, #2198, .T. ) ;
#2932 = DIRECTION ( 'NONE',  ( 0.000000000000000000, -0.000000000000000000, 1.000000000000000000 ) ) ;
#2933 = PRESENTATION_STYLE_ASSIGNMENT (( #1477 ) ) ;
#2934 = FILL_AREA_STYLE ('',( #3721 ) ) ;
#2935 =( NAMED_UNIT ( * ) PLANE_ANGLE_UNIT ( ) SI_UNIT ( $, .RADIAN. ) );
#2936 = DIRECTION ( 'NONE',  ( -0.000000000000000000, -1.000000000000000000, -0.000000000000000000 ) ) ;
#2937 = FACE_OUTER_BOUND ( 'NONE', #2091, .T. ) ;
#2938 =( LENGTH_UNIT ( ) NAMED_UNIT ( * ) SI_UNIT ( .MILLI., .METRE. ) );
#2939 = PRESENTATION_STYLE_ASSIGNMENT (( #59 ) ) ;
#2940 = EDGE_LOOP ( 'NONE', ( #1902, #2522, #568, #2146 ) ) ;
#2941 = CARTESIAN_POINT ( 'NONE',  ( -0.8750000000000000000, 0.000000000000000000, -2.200000000000000622 ) ) ;
#2942 = DIRECTION ( 'NONE',  ( 0.000000000000000000, 0.000000000000000000, 1.000000000000000000 ) ) ;
#2943 = EDGE_CURVE ( 'NONE', #772, #316, #588, .T. ) ;
#2944 = CARTESIAN_POINT ( 'NONE',  ( 0.8000000000000010436, 0.000000000000000000, -1.385640646055100067 ) ) ;
#2945 = ORIENTED_EDGE ( 'NONE', *, *, #2377, .F. ) ;
#2946 = ORIENTED_EDGE ( 'NONE', *, *, #2443, .F. ) ;
#2947 =( LENGTH_UNIT ( ) NAMED_UNIT ( * ) SI_UNIT ( .MILLI., .METRE. ) );
#2948 = EDGE_CURVE ( 'NONE', #3293, #994, #579, .T. ) ;
#2949 = DIRECTION ( 'NONE',  ( -1.000000000000000000, 0.000000000000000000, 0.000000000000000000 ) ) ;
#2950 = PRESENTATION_STYLE_ASSIGNMENT (( #1794 ) ) ;
#2951 = ORIENTED_EDGE ( 'NONE', *, *, #2029, .T. ) ;
#2952 = CARTESIAN_POINT ( 'NONE',  ( 5.476786982642026860E-16, 0.000000000000000000, -4.472135954999579610 ) ) ;
#2953 = CARTESIAN_POINT ( 'NONE',  ( 0.000000000000000000, 0.000000000000000000, 0.000000000000000000 ) ) ;
#2954 = CIRCLE ( 'NONE', #1552, 0.1999999999999999833 ) ;
#2955 = AXIS2_PLACEMENT_3D ( 'NONE', #48, #1188, #3234 ) ;
#2956 = DIRECTION ( 'NONE',  ( -1.000000000000000000, 0.000000000000000000, 0.000000000000000000 ) ) ;
#2957 = UNCERTAINTY_MEASURE_WITH_UNIT (LENGTH_MEASURE( 1.000000000000000082E-05 ), #1936, 'distance_accuracy_value', 'NONE');
#2958 = DIRECTION ( 'NONE',  ( 1.224646799147353207E-16, 0.000000000000000000, 1.000000000000000000 ) ) ;
#2959 = PRESENTATION_LAYER_ASSIGNMENT (  '', '', ( #3153 ) ) ;
#2960 =( LENGTH_UNIT ( ) NAMED_UNIT ( * ) SI_UNIT ( .MILLI., .METRE. ) );
#2961 = ORIENTED_EDGE ( 'NONE', *, *, #598, .T. ) ;
#2962 = VECTOR ( 'NONE', #3514, 1000.000000000000000 ) ;
#2963 = PRESENTATION_LAYER_ASSIGNMENT (  '', '', ( #3091 ) ) ;
#2964 = FACE_BOUND ( 'NONE', #289, .T. ) ;
#2965 = VERTEX_POINT ( 'NONE', #3469 ) ;
#2966 = VERTEX_POINT ( 'NONE', #91 ) ;
#2967 = CARTESIAN_POINT ( 'NONE',  ( 2.449293598294706538E-17, 5.000000000000000000, -0.2000000000000000111 ) ) ;
#2968 = FACE_OUTER_BOUND ( 'NONE', #1325, .T. ) ;
#2969 = CARTESIAN_POINT ( 'NONE',  ( 5.599251662556762403E-16, 0.000000000000000000, -4.572135954999580143 ) ) ;
#2970 = VECTOR ( 'NONE', #746, 1000.000000000000000 ) ;
#2971 = AXIS2_PLACEMENT_3D ( 'NONE', #16, #279, #1157 ) ;
#2972 = DIRECTION ( 'NONE',  ( -0.000000000000000000, -1.000000000000000000, -0.000000000000000000 ) ) ;
#2973 = ADVANCED_FACE ( 'NONE', ( #1190 ), #2363, .T. ) ;
#2974 = ADVANCED_FACE ( 'NONE', ( #1753 ), #934, .T. ) ;
#2975 = ORIENTED_EDGE ( 'NONE', *, *, #1495, .F. ) ;
#2976 = FILL_AREA_STYLE_COLOUR ( '', #1439 ) ;
#2977 = CARTESIAN_POINT ( 'NONE',  ( -1.375000000000000000, 0.000000000000000000, -3.200000000000000178 ) ) ;
#2978 = MECHANICAL_DESIGN_GEOMETRIC_PRESENTATION_REPRESENTATION (  '', ( #3215 ), #780 ) ;
#2979 = DIRECTION ( 'NONE',  ( 0.000000000000000000, 0.000000000000000000, 1.000000000000000000 ) ) ;
#2980 = SURFACE_STYLE_FILL_AREA ( #958 ) ;
#2981 = FACE_BOUND ( 'NONE', #2635, .T. ) ;
#2982 = AXIS2_PLACEMENT_3D ( 'NONE', #2144, #429, #485 ) ;
#2983 = DIRECTION ( 'NONE',  ( -0.000000000000000000, -1.000000000000000000, -0.000000000000000000 ) ) ;
#2984 = STYLED_ITEM ( 'NONE', ( #2619 ), #2107 ) ;
#2985 = SURFACE_STYLE_FILL_AREA ( #1818 ) ;
#2986 = ORIENTED_EDGE ( 'NONE', *, *, #2286, .F. ) ;
#2987 = FILL_AREA_STYLE_COLOUR ( '', #1841 ) ;
#2988 = PRESENTATION_LAYER_ASSIGNMENT (  '', '', ( #850 ) ) ;
#2989 = CARTESIAN_POINT ( 'NONE',  ( 0.000000000000000000, 5.000000000000000000, 0.2000000000000000111 ) ) ;
#2990 = PRESENTATION_STYLE_ASSIGNMENT (( #3584 ) ) ;
#2992 = ORIENTED_EDGE ( 'NONE', *, *, #2682, .T. ) ;
#2991 =( GEOMETRIC_REPRESENTATION_CONTEXT ( 3 ) GLOBAL_UNCERTAINTY_ASSIGNED_CONTEXT ( ( #377 ) ) GLOBAL_UNIT_ASSIGNED_CONTEXT ( ( #2960, #3520, #1242 ) ) REPRESENTATION_CONTEXT ( 'NONE', 'WORKASPACE' ) );
#2993 = CYLINDRICAL_SURFACE ( 'NONE', #1138, 0.5000000000000002220 ) ;
#2994 = UNCERTAINTY_MEASURE_WITH_UNIT (LENGTH_MEASURE( 1.000000000000000082E-05 ), #1060, 'distance_accuracy_value', 'NONE');
#2995 = CARTESIAN_POINT ( 'NONE',  ( -9.797174393178829848E-17, 4.500000000000000888, 1.600000000000000089 ) ) ;
#2996 = CARTESIAN_POINT ( 'NONE',  ( -1.600000000000000089, 4.500000000000000888, -0.2000000000000000111 ) ) ;
#2997 =( GEOMETRIC_REPRESENTATION_CONTEXT ( 3 ) GLOBAL_UNCERTAINTY_ASSIGNED_CONTEXT ( ( #224 ) ) GLOBAL_UNIT_ASSIGNED_CONTEXT ( ( #3221, #2935, #21 ) ) REPRESENTATION_CONTEXT ( 'NONE', 'WORKASPACE' ) );
#2998 = DIRECTION ( 'NONE',  ( 0.000000000000000000, 0.000000000000000000, 1.000000000000000000 ) ) ;
#2999 = ORIENTED_EDGE ( 'NONE', *, *, #3569, .T. ) ;
#3000 = CARTESIAN_POINT ( 'NONE',  ( -0.8750000000000000000, 0.2500000000000000000, -2.200000000000000178 ) ) ;
#3001 = AXIS2_PLACEMENT_3D ( 'NONE', #3444, #808, #2307 ) ;
#3002 = FILL_AREA_STYLE ('',( #1833 ) ) ;
#3003 = EDGE_CURVE ( 'NONE', #2339, #684, #3080, .T. ) ;
#3004 = MECHANICAL_DESIGN_GEOMETRIC_PRESENTATION_REPRESENTATION (  '', ( #2800 ), #3064 ) ;
#3005 = CARTESIAN_POINT ( 'NONE',  ( -1.375000000000000000, 0.2500000000000000000, -3.200000000000000178 ) ) ;
#3006 = DIRECTION ( 'NONE',  ( 0.000000000000000000, -0.000000000000000000, 1.000000000000000000 ) ) ;
#3007 = CARTESIAN_POINT ( 'NONE',  ( 5.476786982642026860E-16, 0.09999999999999999167, -4.472135954999579610 ) ) ;
#3008 = ADVANCED_FACE ( 'NONE', ( #2089 ), #910, .T. ) ;
#3009 = PRESENTATION_STYLE_ASSIGNMENT (( #1527 ) ) ;
#3010 = ORIENTED_EDGE ( 'NONE', *, *, #1547, .F. ) ;
#3011 =( NAMED_UNIT ( * ) SI_UNIT ( $, .STERADIAN. ) SOLID_ANGLE_UNIT ( ) );
#3012 =( BOUNDED_CURVE ( )  B_SPLINE_CURVE ( 3, ( #2493, #3105, #742, #1622 ),
 .UNSPECIFIED., .F., .T. ) 
 B_SPLINE_CURVE_WITH_KNOTS ( ( 4, 4 ),
 ( 0.7500000000000000000, 1.250000000000000000 ),
 .UNSPECIFIED. ) 
 CURVE ( )  GEOMETRIC_REPRESENTATION_ITEM ( )  RATIONAL_B_SPLINE_CURVE ( ( 1.000000000000000000, 0.3333333333333333703, 0.3333333333333333703, 1.000000000000000000 ) ) 
 REPRESENTATION_ITEM ( '' )  );
#3013 = EDGE_LOOP ( 'NONE', ( #363, #1113 ) ) ;
#3014 = FACE_OUTER_BOUND ( 'NONE', #1327, .T. ) ;
#3015 = ORIENTED_EDGE ( 'NONE', *, *, #466, .T. ) ;
#3016 = CARTESIAN_POINT ( 'NONE',  ( -1.375000000000000444, 0.4400000000000000022, 2.192195691817070635 ) ) ;
#3017 = DIRECTION ( 'NONE',  ( 0.000000000000000000, 1.000000000000000000, 0.000000000000000000 ) ) ;
#3018 = SURFACE_STYLE_USAGE ( .BOTH. , #1856 ) ;
#3019 = EDGE_CURVE ( 'NONE', #1004, #3712, #1014, .T. ) ;
#3020 = VECTOR ( 'NONE', #2389, 1000.000000000000000 ) ;
#3021 = FILL_AREA_STYLE_COLOUR ( '', #2469 ) ;
#3022 = CYLINDRICAL_SURFACE ( 'NONE', #411, 4.472135954999579610 ) ;
#3023 = COLOUR_RGB ( '',0.9529411764705881804, 0.9529411764705881804, 0.9529411764705881804 ) ;
#3024 = ORIENTED_EDGE ( 'NONE', *, *, #2287, .T. ) ;
#3025 = EDGE_CURVE ( 'NONE', #1626, #2103, #2954, .T. ) ;
#3026 = EDGE_CURVE ( 'NONE', #1022, #2041, #3636, .T. ) ;
#3027 =( NAMED_UNIT ( * ) PLANE_ANGLE_UNIT ( ) SI_UNIT ( $, .RADIAN. ) );
#3028 = CIRCLE ( 'NONE', #647, 4.349999999999999645 ) ;
#3029 = CARTESIAN_POINT ( 'NONE',  ( -0.3750000000000000000, 5.000000000000000000, -0.8495190528383289585 ) ) ;
#3030 = DIRECTION ( 'NONE',  ( -1.000000000000000000, -0.000000000000000000, 0.000000000000000000 ) ) ;
#3031 = CIRCLE ( 'NONE', #3376, 0.2000000000000000944 ) ;
#3032 = PRESENTATION_LAYER_ASSIGNMENT (  '', '', ( #1433 ) ) ;
#3033 = ORIENTED_EDGE ( 'NONE', *, *, #1362, .F. ) ;
#3034 = VERTEX_POINT ( 'NONE', #1574 ) ;
#3035 = SURFACE_STYLE_USAGE ( .BOTH. , #3289 ) ;
#3036 = FILL_AREA_STYLE_COLOUR ( '', #3428 ) ;
#3037 = CARTESIAN_POINT ( 'NONE',  ( 1.375000000000000000, 0.4400000000000000022, 2.192195691817071079 ) ) ;
#3038 = ORIENTED_EDGE ( 'NONE', *, *, #999, .T. ) ;
#3039 = CARTESIAN_POINT ( 'NONE',  ( -1.428272541967054023E-16, 0.000000000000000000, 4.750000000000000888 ) ) ;
#3040 = CARTESIAN_POINT ( 'NONE',  ( -1.385640646055100067, 4.500000000000000888, -0.8000000000000010436 ) ) ;
#3041 = DIRECTION ( 'NONE',  ( 0.000000000000000000, 0.000000000000000000, 1.000000000000000000 ) ) ;
#3042 = CIRCLE ( 'NONE', #3499, 0.2000000000000000111 ) ;
#3043 = CIRCLE ( 'NONE', #660, 0.5000000000000000000 ) ;
#3044 = DIRECTION ( 'NONE',  ( 0.000000000000000000, 1.000000000000000000, 0.000000000000000000 ) ) ;
#3045 = FILL_AREA_STYLE ('',( #1323 ) ) ;
#3046 = ORIENTED_EDGE ( 'NONE', *, *, #974, .T. ) ;
#3047 = CIRCLE ( 'NONE', #1644, 0.5000000000000002220 ) ;
#3048 = EDGE_CURVE ( 'NONE', #1587, #183, #2197, .T. ) ;
#3049 = STYLED_ITEM ( 'NONE', ( #1566 ), #1935 ) ;
#3050 = SURFACE_SIDE_STYLE ('',( #2782 ) ) ;
#3051 = ORIENTED_EDGE ( 'NONE', *, *, #1760, .F. ) ;
#3052 = ORIENTED_EDGE ( 'NONE', *, *, #2219, .T. ) ;
#3053 = DIRECTION ( 'NONE',  ( 0.000000000000000000, 1.000000000000000000, 0.000000000000000000 ) ) ;
#3054 = VECTOR ( 'NONE', #3141, 1000.000000000000000 ) ;
#3055 = SURFACE_SIDE_STYLE ('',( #3642 ) ) ;
#3056 = PRESENTATION_LAYER_ASSIGNMENT (  '', '', ( #554 ) ) ;
#3057 = LINE ( 'NONE', #447, #1442 ) ;
#3058 = VERTEX_POINT ( 'NONE', #2989 ) ;
#3059 = DIRECTION ( 'NONE',  ( 0.000000000000000000, 0.000000000000000000, 1.000000000000000000 ) ) ;
#3061 =( GEOMETRIC_REPRESENTATION_CONTEXT ( 3 ) GLOBAL_UNCERTAINTY_ASSIGNED_CONTEXT ( ( #117 ) ) GLOBAL_UNIT_ASSIGNED_CONTEXT ( ( #3387, #2518, #1100 ) ) REPRESENTATION_CONTEXT ( 'NONE', 'WORKASPACE' ) );
#3060 = DIRECTION ( 'NONE',  ( 0.000000000000000000, -0.000000000000000000, 1.000000000000000000 ) ) ;
#3062 = CARTESIAN_POINT ( 'NONE',  ( -0.3750000000000000000, 4.500000000000000888, 0.4495190528383289363 ) ) ;
#3063 = PRESENTATION_STYLE_ASSIGNMENT (( #391 ) ) ;
#3064 =( GEOMETRIC_REPRESENTATION_CONTEXT ( 3 ) GLOBAL_UNCERTAINTY_ASSIGNED_CONTEXT ( ( #2833 ) ) GLOBAL_UNIT_ASSIGNED_CONTEXT ( ( #2519, #1031, #779 ) ) REPRESENTATION_CONTEXT ( 'NONE', 'WORKASPACE' ) );
#3065 = DIRECTION ( 'NONE',  ( 0.000000000000000000, 0.000000000000000000, 1.000000000000000000 ) ) ;
#3067 = ORIENTED_EDGE ( 'NONE', *, *, #230, .F. ) ;
#3066 = CIRCLE ( 'NONE', #1409, 0.2000000000000000944 ) ;
#3068 = DIRECTION ( 'NONE',  ( 0.000000000000000000, 0.000000000000000000, -1.000000000000000000 ) ) ;
#3069 = EDGE_LOOP ( 'NONE', ( #93, #348 ) ) ;
#3070 = EDGE_LOOP ( 'NONE', ( #1187, #2036, #1673, #336 ) ) ;
#3071 = LINE ( 'NONE', #1912, #480 ) ;
#3072 = ORIENTED_EDGE ( 'NONE', *, *, #759, .F. ) ;
#3073 = PRESENTATION_STYLE_ASSIGNMENT (( #1698 ) ) ;
#3074 = EDGE_CURVE ( 'NONE', #3448, #2229, #1061, .T. ) ;
#3075 = SURFACE_STYLE_FILL_AREA ( #2155 ) ;
#3076 = SURFACE_SIDE_STYLE ('',( #170 ) ) ;
#3077 =( LENGTH_UNIT ( ) NAMED_UNIT ( * ) SI_UNIT ( .MILLI., .METRE. ) );
#3078 = ORIENTED_EDGE ( 'NONE', *, *, #1693, .T. ) ;
#3079 =( NAMED_UNIT ( * ) SI_UNIT ( $, .STERADIAN. ) SOLID_ANGLE_UNIT ( ) );
#3080 = CIRCLE ( 'NONE', #3609, 0.2000000000000000111 ) ;
#3081 = DIRECTION ( 'NONE',  ( 0.000000000000000000, 1.000000000000000000, 0.000000000000000000 ) ) ;
#3082 = ORIENTED_EDGE ( 'NONE', *, *, #697, .F. ) ;
#3083 = AXIS2_PLACEMENT_3D ( 'NONE', #1904, #2150, #443 ) ;
#3084 = VERTEX_POINT ( 'NONE', #1665 ) ;
#3085 = VECTOR ( 'NONE', #2032, 1000.000000000000000 ) ;
#3086 = COLOUR_RGB ( '',0.9529411764705881804, 0.9529411764705881804, 0.9529411764705881804 ) ;
#3087 = DIRECTION ( 'NONE',  ( 0.000000000000000000, 1.000000000000000000, 0.000000000000000000 ) ) ;
#3088 = ORIENTED_EDGE ( 'NONE', *, *, #445, .F. ) ;
#3089 = ORIENTED_EDGE ( 'NONE', *, *, #2845, .F. ) ;
#3090 = DIRECTION ( 'NONE',  ( 0.000000000000000000, 0.000000000000000000, 1.000000000000000000 ) ) ;
#3091 = STYLED_ITEM ( 'NONE', ( #189 ), #3726 ) ;
#3092 = EDGE_CURVE ( 'NONE', #3656, #1826, #1423, .T. ) ;
#3093 = ADVANCED_FACE ( 'NONE', ( #1176, #3177, #317, #897 ), #1777, .F. ) ;
#3094 = DIRECTION ( 'NONE',  ( 1.000000000000000000, 0.000000000000000000, -6.344131569286609929E-16 ) ) ;
#3095 = SURFACE_STYLE_USAGE ( .BOTH. , #1726 ) ;
#3096 = CIRCLE ( 'NONE', #1694, 0.1999999999999999833 ) ;
#3097 = AXIS2_PLACEMENT_3D ( 'NONE', #461, #2423, #419 ) ;
#3098 =( LENGTH_UNIT ( ) NAMED_UNIT ( * ) SI_UNIT ( .MILLI., .METRE. ) );
#3099 = CARTESIAN_POINT ( 'NONE',  ( 5.939536975864661982E-16, 4.500000000000000888, -4.850000000000000533 ) ) ;
#3100 = CARTESIAN_POINT ( 'NONE',  ( 0.3750000000000000000, 5.000000000000000000, -0.6495190528383290030 ) ) ;
#3101 = AXIS2_PLACEMENT_3D ( 'NONE', #339, #2336, #3516 ) ;
#3102 = CIRCLE ( 'NONE', #3390, 0.2000000000000000944 ) ;
#3103 = DIRECTION ( 'NONE',  ( 0.000000000000000000, -0.000000000000000000, 1.000000000000000000 ) ) ;
#3104 = ORIENTED_EDGE ( 'NONE', *, *, #2812, .F. ) ;
#3105 = CARTESIAN_POINT ( 'NONE',  ( -8.699999999999997513, 5.000000000000000888, 4.349999999999999645 ) ) ;
#3106 = CIRCLE ( 'NONE', #3634, 4.349999999999999645 ) ;
#3107 =( BOUNDED_SURFACE ( )  B_SPLINE_SURFACE ( 3, 3, ( 
 ( #2883, #1213, #629, #2905 ),
 ( #1808, #2632, #3248, #315 ),
 ( #90, #2362, #1457, #295 ),
 ( #350, #874, #2614, #366 ) ),
 .UNSPECIFIED., .F., .F., .F. ) 
 B_SPLINE_SURFACE_WITH_KNOTS ( ( 4, 4 ),
 ( 4, 4 ),
 ( 0.000000000000000000, 1.000000000000000000 ),
 ( 0.000000000000000000, 1.000000000000000000 ),
 .UNSPECIFIED. ) 
 GEOMETRIC_REPRESENTATION_ITEM ( )  RATIONAL_B_SPLINE_SURFACE ( (
 ( 1.000000000000000000, 0.3333333333333330928, 0.3333333333333330928, 1.000000000000000000),
 ( 0.8047378541243649375, 0.2682459513747881275, 0.2682459513747881275, 0.8047378541243649375),
 ( 0.8047378541243649375, 0.2682459513747881275, 0.2682459513747881275, 0.8047378541243649375),
 ( 1.000000000000000000, 0.3333333333333330928, 0.3333333333333330928, 1.000000000000000000) ) ) 
 REPRESENTATION_ITEM ( '' )  SURFACE ( )  );
#3108 = ORIENTED_EDGE ( 'NONE', *, *, #3074, .T. ) ;
#3109 = SURFACE_SIDE_STYLE ('',( #184 ) ) ;
#3110 =( NAMED_UNIT ( * ) SI_UNIT ( $, .STERADIAN. ) SOLID_ANGLE_UNIT ( ) );
#3111 = COLOUR_RGB ( '',0.9529411764705881804, 0.9529411764705881804, 0.9529411764705881804 ) ;
#3112 = PLANE ( 'NONE',  #253 ) ;
#3113 = AXIS2_PLACEMENT_3D ( 'NONE', #983, #1285, #3065 ) ;
#3114 =( NAMED_UNIT ( * ) PLANE_ANGLE_UNIT ( ) SI_UNIT ( $, .RADIAN. ) );
#3115 = EDGE_CURVE ( 'NONE', #3565, #1736, #2386, .T. ) ;
#3116 = EDGE_CURVE ( 'NONE', #2568, #215, #1834, .T. ) ;
#3117 = COLOUR_RGB ( '',0.9529411764705881804, 0.9529411764705881804, 0.9529411764705881804 ) ;
#3118 = DIRECTION ( 'NONE',  ( 0.000000000000000000, 1.000000000000000000, 0.000000000000000000 ) ) ;
#3119 = CARTESIAN_POINT ( 'NONE',  ( 5.939536975864661982E-16, 4.792893218813452982, -4.849999999999998757 ) ) ;
#3120 = LINE ( 'NONE', #821, #2550 ) ;
#3121 = ADVANCED_FACE ( 'NONE', ( #2368 ), #938, .T. ) ;
#3122 = DIRECTION ( 'NONE',  ( -1.000000000000000000, -0.000000000000000000, 0.000000000000000000 ) ) ;
#3123 = ORIENTED_EDGE ( 'NONE', *, *, #2214, .T. ) ;
#3124 = CARTESIAN_POINT ( 'NONE',  ( 0.3750000000000000000, 4.500000000000000888, -0.6495190528383290030 ) ) ;
#3125 = CARTESIAN_POINT ( 'NONE',  ( -2.525177376259560129E-16, 1.300000000000000266, -1.034389230519700008E-16 ) ) ;
#3126 = EDGE_LOOP ( 'NONE', ( #2783, #3360 ) ) ;
#3127 = ORIENTED_EDGE ( 'NONE', *, *, #3467, .T. ) ;
#3128 = FILL_AREA_STYLE_COLOUR ( '', #2393 ) ;
#3129 = CARTESIAN_POINT ( 'NONE',  ( -1.875000000000000000, 0.2500000000000000000, -2.700000000000000178 ) ) ;
#3130 = DIRECTION ( 'NONE',  ( 0.000000000000000000, 1.000000000000000000, 0.000000000000000000 ) ) ;
#3131 = DIRECTION ( 'NONE',  ( 0.000000000000000000, 0.000000000000000000, 1.000000000000000000 ) ) ;
#3132 =( NAMED_UNIT ( * ) PLANE_ANGLE_UNIT ( ) SI_UNIT ( $, .RADIAN. ) );
#3133 = FILL_AREA_STYLE_COLOUR ( '', #3630 ) ;
#3134 = PRODUCT_DEFINITION ( 'UNKNOWN', '', #3157, #442 ) ;
#3135 = PRESENTATION_STYLE_ASSIGNMENT (( #1356 ) ) ;
#3136 = CARTESIAN_POINT ( 'NONE',  ( -9.699999999999999289, 4.792893218813452982, -4.850000000000001421 ) ) ;
#3137 = DIRECTION ( 'NONE',  ( -0.000000000000000000, -1.000000000000000000, -0.000000000000000000 ) ) ;
#3138 = CARTESIAN_POINT ( 'NONE',  ( 0.000000000000000000, 0.1000000000000000056, -4.850000000000000533 ) ) ;
#3139 = EDGE_CURVE ( 'NONE', #2185, #1607, #2273, .T. ) ;
#3140 = ADVANCED_FACE ( 'NONE', ( #3606 ), #1628, .F. ) ;
#3141 = DIRECTION ( 'NONE',  ( 0.000000000000000000, 1.000000000000000000, 0.000000000000000000 ) ) ;
#3142 = EDGE_LOOP ( 'NONE', ( #3163, #831, #1243, #65 ) ) ;
#3143 = CARTESIAN_POINT ( 'NONE',  ( 0.9828043081829321848, -0.06000000000000010186, 2.192195691817070635 ) ) ;
#3144 = MECHANICAL_DESIGN_GEOMETRIC_PRESENTATION_REPRESENTATION (  '', ( #232 ), #2828 ) ;
#3145 = UNCERTAINTY_MEASURE_WITH_UNIT (LENGTH_MEASURE( 1.000000000000000082E-05 ), #854, 'distance_accuracy_value', 'NONE');
#3146 = CARTESIAN_POINT ( 'NONE',  ( -0.2500000000000000000, -0.06000000000000010186, 1.407804308182929898 ) ) ;
#3147 = PRESENTATION_LAYER_ASSIGNMENT (  '', '', ( #347 ) ) ;
#3148 = ORIENTED_EDGE ( 'NONE', *, *, #3678, .F. ) ;
#3149 = ORIENTED_EDGE ( 'NONE', *, *, #1495, .T. ) ;
#3150 = FILL_AREA_STYLE ('',( #2822 ) ) ;
#3151 = LINE ( 'NONE', #3129, #119 ) ;
#3152 = CARTESIAN_POINT ( 'NONE',  ( 0.5000000000000012212, 0.3099999999999999978, 2.675000000000001155 ) ) ;
#3153 = STYLED_ITEM ( 'NONE', ( #1502 ), #3655 ) ;
#3154 = ORIENTED_EDGE ( 'NONE', *, *, #151, .F. ) ;
#3155 = DIRECTION ( 'NONE',  ( 0.000000000000000000, 1.000000000000000000, 0.000000000000000000 ) ) ;
#3156 = CARTESIAN_POINT ( 'NONE',  ( -1.385640646055100067, 4.500000000000000888, -0.8000000000000010436 ) ) ;
#3157 = PRODUCT_DEFINITION_FORMATION_WITH_SPECIFIED_SOURCE ( 'ANY', '', #3674, .NOT_KNOWN. ) ;
#3158 = CARTESIAN_POINT ( 'NONE',  ( -1.187907395172932791E-15, 4.792893218813452982, 4.849999999999998757 ) ) ;
#3159 = FACE_BOUND ( 'NONE', #3486, .T. ) ;
#3160 = PRESENTATION_LAYER_ASSIGNMENT (  '', '', ( #2463 ) ) ;
#3161 = PRESENTATION_LAYER_ASSIGNMENT (  '', '', ( #243 ) ) ;
#3162 = CARTESIAN_POINT ( 'NONE',  ( 5.327213576290986242E-16, 5.000000000000000000, -4.349999999999999645 ) ) ;
#3163 = ORIENTED_EDGE ( 'NONE', *, *, #999, .F. ) ;
#3164 = PRESENTATION_STYLE_ASSIGNMENT (( #827 ) ) ;
#3165 = DIRECTION ( 'NONE',  ( 0.000000000000000000, 0.000000000000000000, 1.000000000000000000 ) ) ;
#3166 = EDGE_CURVE ( 'NONE', #105, #3217, #691, .T. ) ;
#3167 = AXIS2_PLACEMENT_3D ( 'NONE', #3257, #695, #903 ) ;
#3168 = ORIENTED_EDGE ( 'NONE', *, *, #1646, .F. ) ;
#3169 = VERTEX_POINT ( 'NONE', #405 ) ;
#3170 = DIRECTION ( 'NONE',  ( 0.000000000000000000, 0.000000000000000000, 1.000000000000000000 ) ) ;
#3171 = VECTOR ( 'NONE', #1731, 1000.000000000000000 ) ;
#3172 = CIRCLE ( 'NONE', #1995, 3.972135954999580054 ) ;
#3173 = LINE ( 'NONE', #2594, #128 ) ;
#3174 = EDGE_LOOP ( 'NONE', ( #857, #2678, #2203, #1068 ) ) ;
#3175 = FACE_OUTER_BOUND ( 'NONE', #2803, .T. ) ;
#3176 =( LENGTH_UNIT ( ) NAMED_UNIT ( * ) SI_UNIT ( .MILLI., .METRE. ) );
#3177 = FACE_BOUND ( 'NONE', #2589, .T. ) ;
#3178 = AXIS2_PLACEMENT_3D ( 'NONE', #3259, #2318, #3559 ) ;
#3179 = CARTESIAN_POINT ( 'NONE',  ( 5.327213576290986242E-16, 5.000000000000000888, -4.349999999999999645 ) ) ;
#3180 = CARTESIAN_POINT ( 'NONE',  ( 2.449293598294706538E-17, 4.500000000000000888, -0.2000000000000000111 ) ) ;
#3181 = FILL_AREA_STYLE_COLOUR ( '', #2480 ) ;
#3183 = EDGE_LOOP ( 'NONE', ( #3639, #506, #1559, #658 ) ) ;
#3182 =( GEOMETRIC_REPRESENTATION_CONTEXT ( 3 ) GLOBAL_UNCERTAINTY_ASSIGNED_CONTEXT ( ( #2079 ) ) GLOBAL_UNIT_ASSIGNED_CONTEXT ( ( #1182, #2646, #2341 ) ) REPRESENTATION_CONTEXT ( 'NONE', 'WORKASPACE' ) );
#3184 = DIRECTION ( 'NONE',  ( 0.000000000000000000, 0.000000000000000000, -1.000000000000000000 ) ) ;
#3185 = EDGE_CURVE ( 'NONE', #364, #3325, #886, .T. ) ;
#3186 = ORIENTED_EDGE ( 'NONE', *, *, #2180, .F. ) ;
#3187 = FILL_AREA_STYLE_COLOUR ( '', #3211 ) ;
#3188 = DIRECTION ( 'NONE',  ( 0.000000000000000000, 1.000000000000000000, 0.000000000000000000 ) ) ;
#3189 = CARTESIAN_POINT ( 'NONE',  ( -1.385640646055100067, 4.500000000000000888, -0.6000000000000009770 ) ) ;
#3190 = EDGE_CURVE ( 'NONE', #3529, #2495, #112, .T. ) ;
#3191 = VERTEX_POINT ( 'NONE', #730 ) ;
#3192 = LINE ( 'NONE', #818, #1344 ) ;
#3193 = CARTESIAN_POINT ( 'NONE',  ( 8.673617379884035472E-16, 5.000000000000000888, 4.349999999999999645 ) ) ;
#3194 = FACE_BOUND ( 'NONE', #1406, .T. ) ;
#3195 = DIRECTION ( 'NONE',  ( 0.000000000000000000, 0.000000000000000000, 1.000000000000000000 ) ) ;
#3196 = ORIENTED_EDGE ( 'NONE', *, *, #1739, .F. ) ;
#3197 = EDGE_LOOP ( 'NONE', ( #3379, #906 ) ) ;
#3198 = VERTEX_POINT ( 'NONE', #423 ) ;
#3199 = VECTOR ( 'NONE', #3549, 1000.000000000000000 ) ;
#3200 = ORIENTED_EDGE ( 'NONE', *, *, #2312, .F. ) ;
#3201 = DIRECTION ( 'NONE',  ( 0.000000000000000000, 1.000000000000000000, 0.000000000000000000 ) ) ;
#3202 = VECTOR ( 'NONE', #3527, 1000.000000000000000 ) ;
#3203 = EDGE_CURVE ( 'NONE', #3660, #3675, #2695, .T. ) ;
#3204 = CIRCLE ( 'NONE', #2331, 0.2000000000000000944 ) ;
#3205 = FACE_OUTER_BOUND ( 'NONE', #1235, .T. ) ;
#3206 = FILL_AREA_STYLE_COLOUR ( '', #1019 ) ;
#3207 = VERTEX_POINT ( 'NONE', #1256 ) ;
#3208 = DIRECTION ( 'NONE',  ( -1.000000000000000000, -0.000000000000000000, 0.000000000000000000 ) ) ;
#3209 = PRESENTATION_LAYER_ASSIGNMENT (  '', '', ( #1636 ) ) ;
#3210 = DIRECTION ( 'NONE',  ( 0.000000000000000000, 1.000000000000000000, 0.000000000000000000 ) ) ;
#3211 = COLOUR_RGB ( '',0.9529411764705881804, 0.9529411764705881804, 0.9529411764705881804 ) ;
#3212 = ORIENTED_EDGE ( 'NONE', *, *, #195, .F. ) ;
#3213 = EDGE_LOOP ( 'NONE', ( #473, #2870, #2043, #1211 ) ) ;
#3214 = LINE ( 'NONE', #2023, #3202 ) ;
#3215 = STYLED_ITEM ( 'NONE', ( #282 ), #1448 ) ;
#3216 = DIRECTION ( 'NONE',  ( -0.000000000000000000, -1.000000000000000000, -0.000000000000000000 ) ) ;
#3217 = VERTEX_POINT ( 'NONE', #997 ) ;
#3218 = SURFACE_STYLE_FILL_AREA ( #2052 ) ;
#3219 = CIRCLE ( 'NONE', #673, 4.850000000000000533 ) ;
#3220 =( BOUNDED_SURFACE ( )  B_SPLINE_SURFACE ( 3, 3, ( 
 ( #1301, #2446, #733, #3575 ),
 ( #2156, #3354, #426, #1633 ),
 ( #3608, #1257, #1612, #2194 ),
 ( #115, #3338, #1895, #1909 ) ),
 .UNSPECIFIED., .F., .F., .F. ) 
 B_SPLINE_SURFACE_WITH_KNOTS ( ( 4, 4 ),
 ( 4, 4 ),
 ( 0.000000000000000000, 1.000000000000000000 ),
 ( 0.000000000000000000, 1.000000000000000000 ),
 .UNSPECIFIED. ) 
 GEOMETRIC_REPRESENTATION_ITEM ( )  RATIONAL_B_SPLINE_SURFACE ( (
 ( 1.000000000000000000, 0.3333333333333334259, 0.3333333333333334259, 1.000000000000000000),
 ( 0.8047378541243649375, 0.2682459513747884050, 0.2682459513747884050, 0.8047378541243649375),
 ( 0.8047378541243649375, 0.2682459513747884050, 0.2682459513747884050, 0.8047378541243649375),
 ( 1.000000000000000000, 0.3333333333333334259, 0.3333333333333334259, 1.000000000000000000) ) ) 
 REPRESENTATION_ITEM ( '' )  SURFACE ( )  );
#3221 =( LENGTH_UNIT ( ) NAMED_UNIT ( * ) SI_UNIT ( .MILLI., .METRE. ) );
#3222 = CIRCLE ( 'NONE', #2130, 4.472135954999579610 ) ;
#3223 = LINE ( 'NONE', #654, #3085 ) ;
#3224 = UNCERTAINTY_MEASURE_WITH_UNIT (LENGTH_MEASURE( 1.000000000000000082E-05 ), #222, 'distance_accuracy_value', 'NONE');
#3225 = CARTESIAN_POINT ( 'NONE',  ( -1.875000000000000000, 0.000000000000000000, -3.200000000000000178 ) ) ;
#3226 = PRESENTATION_LAYER_ASSIGNMENT (  '', '', ( #2482 ) ) ;
#3227 = FILL_AREA_STYLE ('',( #1545 ) ) ;
#3228 = EDGE_CURVE ( 'NONE', #2450, #1825, #2574, .T. ) ;
#3229 = DIRECTION ( 'NONE',  ( -0.000000000000000000, -1.000000000000000000, -0.000000000000000000 ) ) ;
#3230 = FACE_BOUND ( 'NONE', #936, .T. ) ;
#3231 = ORIENTED_EDGE ( 'NONE', *, *, #2181, .F. ) ;
#3232 = ORIENTED_EDGE ( 'NONE', *, *, #2737, .T. ) ;
#3233 = DIRECTION ( 'NONE',  ( 0.000000000000000000, 0.000000000000000000, 1.000000000000000000 ) ) ;
#3235 = MECHANICAL_DESIGN_GEOMETRIC_PRESENTATION_REPRESENTATION (  '', ( #2489 ), #154 ) ;
#3234 = DIRECTION ( 'NONE',  ( 0.000000000000000000, 0.000000000000000000, 1.000000000000000000 ) ) ;
#3236 = DIRECTION ( 'NONE',  ( -1.000000000000000000, 0.000000000000000000, -0.000000000000000000 ) ) ;
#3237 = COLOUR_RGB ( '',0.9529411764705881804, 0.9529411764705881804, 0.9529411764705881804 ) ;
#3238 = ORIENTED_EDGE ( 'NONE', *, *, #1906, .T. ) ;
#3239 = FILL_AREA_STYLE_COLOUR ( '', #2005 ) ;
#3240 = LINE ( 'NONE', #1798, #1492 ) ;
#3241 = EDGE_LOOP ( 'NONE', ( #3417, #700, #1291, #1165 ) ) ;
#3242 = DIRECTION ( 'NONE',  ( 0.000000000000000000, -0.000000000000000000, 1.000000000000000000 ) ) ;
#3243 = EDGE_CURVE ( 'NONE', #1826, #3656, #1249, .T. ) ;
#3244 = ADVANCED_FACE ( 'NONE', ( #451 ), #2757, .F. ) ;
#3245 = FACE_BOUND ( 'NONE', #3273, .T. ) ;
#3246 = ORIENTED_EDGE ( 'NONE', *, *, #52, .T. ) ;
#3247 = PLANE ( 'NONE',  #2115 ) ;
#3248 = CARTESIAN_POINT ( 'NONE',  ( 9.027114622473783712, -3.586907429118599676E-18, -4.513557311236888303 ) ) ;
#3249 = DIRECTION ( 'NONE',  ( 0.000000000000000000, 0.000000000000000000, 1.000000000000000000 ) ) ;
#3250 = ORIENTED_EDGE ( 'NONE', *, *, #2132, .F. ) ;
#3251 = SURFACE_STYLE_FILL_AREA ( #2658 ) ;
#3252 = DIRECTION ( 'NONE',  ( 0.000000000000000000, 1.000000000000000000, 0.000000000000000000 ) ) ;
#3253 = DIRECTION ( 'NONE',  ( 0.000000000000000000, 0.000000000000000000, 1.000000000000000000 ) ) ;
#3254 =( NAMED_UNIT ( * ) PLANE_ANGLE_UNIT ( ) SI_UNIT ( $, .RADIAN. ) );
#3255 = CARTESIAN_POINT ( 'NONE',  ( 0.8000000000000000444, 4.500000000000000888, 1.585640646055100245 ) ) ;
#3256 = UNCERTAINTY_MEASURE_WITH_UNIT (LENGTH_MEASURE( 1.000000000000000082E-05 ), #2569, 'distance_accuracy_value', 'NONE');
#3257 = CARTESIAN_POINT ( 'NONE',  ( 0.3750000000000000000, 4.500000000000000888, -0.6495190528383290030 ) ) ;
#3258 = CARTESIAN_POINT ( 'NONE',  ( -0.7999999999999990452, 4.500000000000000888, -1.385640646055100067 ) ) ;
#3259 = CARTESIAN_POINT ( 'NONE',  ( -1.375000000000000222, 0.4400000000000046096, 1.800000000000000711 ) ) ;
#3260 = ORIENTED_EDGE ( 'NONE', *, *, #2812, .T. ) ;
#3261 =( GEOMETRIC_REPRESENTATION_CONTEXT ( 3 ) GLOBAL_UNCERTAINTY_ASSIGNED_CONTEXT ( ( #1886 ) ) GLOBAL_UNIT_ASSIGNED_CONTEXT ( ( #1973, #1115, #2538 ) ) REPRESENTATION_CONTEXT ( 'NONE', 'WORKASPACE' ) );
#3262 = DIRECTION ( 'NONE',  ( 0.000000000000000000, 0.000000000000000000, 1.000000000000000000 ) ) ;
#3263 =( GEOMETRIC_REPRESENTATION_CONTEXT ( 3 ) GLOBAL_UNCERTAINTY_ASSIGNED_CONTEXT ( ( #3224 ) ) GLOBAL_UNIT_ASSIGNED_CONTEXT ( ( #222, #3687, #3651 ) ) REPRESENTATION_CONTEXT ( 'NONE', 'WORKASPACE' ) );
#3264 = ORIENTED_EDGE ( 'NONE', *, *, #3344, .T. ) ;
#3265 = VERTEX_POINT ( 'NONE', #2846 ) ;
#3266 = DIRECTION ( 'NONE',  ( 0.000000000000000000, 0.000000000000000000, 1.000000000000000000 ) ) ;
#3267 = EDGE_CURVE ( 'NONE', #148, #1070, #763, .T. ) ;
#3268 = SURFACE_STYLE_FILL_AREA ( #1309 ) ;
#3269 = CARTESIAN_POINT ( 'NONE',  ( -9.027114622473774830, -3.586907429118598135E-18, 4.513557311236886527 ) ) ;
#3270 = CIRCLE ( 'NONE', #3625, 0.5000000000000000000 ) ;
#3271 = CIRCLE ( 'NONE', #2177, 0.1999999999999999833 ) ;
#3272 = PLANE ( 'NONE',  #1199 ) ;
#3273 = EDGE_LOOP ( 'NONE', ( #2703, #12 ) ) ;
#3274 = DIRECTION ( 'NONE',  ( 0.000000000000000000, 0.000000000000000000, 1.000000000000000000 ) ) ;
#3275 = ADVANCED_FACE ( 'NONE', ( #1418 ), #1089, .F. ) ;
#3276 =( GEOMETRIC_REPRESENTATION_CONTEXT ( 3 ) GLOBAL_UNCERTAINTY_ASSIGNED_CONTEXT ( ( #1426 ) ) GLOBAL_UNIT_ASSIGNED_CONTEXT ( ( #3466, #2630, #47 ) ) REPRESENTATION_CONTEXT ( 'NONE', 'WORKASPACE' ) );
#3277 = CARTESIAN_POINT ( 'NONE',  ( 0.000000000000000000, 4.500000000000000888, 0.000000000000000000 ) ) ;
#3278 = CIRCLE ( 'NONE', #3690, 0.1999999999999999833 ) ;
#3279 = DIRECTION ( 'NONE',  ( 0.000000000000000000, 1.000000000000000000, 0.000000000000000000 ) ) ;
#3280 = PRESENTATION_STYLE_ASSIGNMENT (( #1873 ) ) ;
#3281 = FACE_BOUND ( 'NONE', #308, .T. ) ;
#3282 = VECTOR ( 'NONE', #1715, 1000.000000000000000 ) ;
#3283 = DIRECTION ( 'NONE',  ( 0.000000000000000000, 1.000000000000000000, 0.000000000000000000 ) ) ;
#3284 = CARTESIAN_POINT ( 'NONE',  ( -0.7999999999999990452, 0.000000000000000000, -1.185640646055099889 ) ) ;
#3285 = VERTEX_POINT ( 'NONE', #2237 ) ;
#3286 = FACE_BOUND ( 'NONE', #1861, .T. ) ;
#3288 = VERTEX_POINT ( 'NONE', #1720 ) ;
#3287 = AXIS2_PLACEMENT_3D ( 'NONE', #3457, #3707, #2873 ) ;
#3289 = SURFACE_SIDE_STYLE ('',( #2128 ) ) ;
#3290 = FACE_OUTER_BOUND ( 'NONE', #331, .T. ) ;
#3291 = AXIS2_PLACEMENT_3D ( 'NONE', #900, #595, #2979 ) ;
#3292 =( NAMED_UNIT ( * ) PLANE_ANGLE_UNIT ( ) SI_UNIT ( $, .RADIAN. ) );
#3293 = VERTEX_POINT ( 'NONE', #796 ) ;
#3294 = CARTESIAN_POINT ( 'NONE',  ( 8.673617379884035472E-16, 0.000000000000000000, -4.750000000000000888 ) ) ;
#3295 = PRESENTATION_LAYER_ASSIGNMENT (  '', '', ( #3353 ) ) ;
#3296 = CARTESIAN_POINT ( 'NONE',  ( 1.385640646055100067, 0.000000000000000000, -0.6000000000000000888 ) ) ;
#3297 = DIRECTION ( 'NONE',  ( 0.000000000000000000, 0.000000000000000000, 1.000000000000000000 ) ) ;
#3298 = ADVANCED_FACE ( 'NONE', ( #1953 ), #237, .F. ) ;
#3299 = EDGE_CURVE ( 'NONE', #1688, #683, #3028, .T. ) ;
#3300 = FILL_AREA_STYLE_COLOUR ( '', #1338 ) ;
#3301 =( LENGTH_UNIT ( ) NAMED_UNIT ( * ) SI_UNIT ( .MILLI., .METRE. ) );
#3302 = CARTESIAN_POINT ( 'NONE',  ( 0.000000000000000000, 0.000000000000000000, 3.972135954999580054 ) ) ;
#3303 =( NAMED_UNIT ( * ) SI_UNIT ( $, .STERADIAN. ) SOLID_ANGLE_UNIT ( ) );
#3304 = SURFACE_STYLE_FILL_AREA ( #456 ) ;
#3305 = EDGE_LOOP ( 'NONE', ( #359, #251, #771, #2657 ) ) ;
#3306 = FILL_AREA_STYLE ('',( #2728 ) ) ;
#3307 = VERTEX_POINT ( 'NONE', #1793 ) ;
#3308 = EDGE_LOOP ( 'NONE', ( #811, #1774, #3414, #1900 ) ) ;
#3309 = DIRECTION ( 'NONE',  ( 0.000000000000000000, 1.000000000000000000, 0.000000000000000000 ) ) ;
#3310 = CARTESIAN_POINT ( 'NONE',  ( -0.3750000000000000000, 0.000000000000000000, -0.8495190528383289585 ) ) ;
#3311 = FACE_OUTER_BOUND ( 'NONE', #846, .T. ) ;
#3312 = ORIENTED_EDGE ( 'NONE', *, *, #5, .T. ) ;
#3313 = FACE_OUTER_BOUND ( 'NONE', #2503, .T. ) ;
#3314 =( NAMED_UNIT ( * ) PLANE_ANGLE_UNIT ( ) SI_UNIT ( $, .RADIAN. ) );
#3315 = FACE_OUTER_BOUND ( 'NONE', #1769, .T. ) ;
#3316 = PRESENTATION_LAYER_ASSIGNMENT (  '', '', ( #1481 ) ) ;
#3317 = EDGE_CURVE ( 'NONE', #3604, #3712, #2167, .T. ) ;
#3318 = MECHANICAL_DESIGN_GEOMETRIC_PRESENTATION_REPRESENTATION (  '', ( #2820 ), #2390 ) ;
#3319 = FILL_AREA_STYLE_COLOUR ( '', #2793 ) ;
#3320 = SURFACE_STYLE_FILL_AREA ( #1264 ) ;
#3321 = CIRCLE ( 'NONE', #2454, 0.2000000000000000944 ) ;
#3322 = CIRCLE ( 'NONE', #1746, 0.1000000000000002554 ) ;
#3323 =( NAMED_UNIT ( * ) PLANE_ANGLE_UNIT ( ) SI_UNIT ( $, .RADIAN. ) );
#3324 = SURFACE_STYLE_USAGE ( .BOTH. , #3050 ) ;
#3325 = VERTEX_POINT ( 'NONE', #3545 ) ;
#3326 = ORIENTED_EDGE ( 'NONE', *, *, #926, .F. ) ;
#3327 =( LENGTH_UNIT ( ) NAMED_UNIT ( * ) SI_UNIT ( .MILLI., .METRE. ) );
#3328 = UNCERTAINTY_MEASURE_WITH_UNIT (LENGTH_MEASURE( 1.000000000000000082E-05 ), #77, 'distance_accuracy_value', 'NONE');
#3329 = CYLINDRICAL_SURFACE ( 'NONE', #2888, 4.349999999999999645 ) ;
#3330 = CARTESIAN_POINT ( 'NONE',  ( 0.8000000000000000444, 0.000000000000000000, 1.385640646055100067 ) ) ;
#3331 = EDGE_LOOP ( 'NONE', ( #1290, #1819, #2151, #1785 ) ) ;
#3332 = ORIENTED_EDGE ( 'NONE', *, *, #3243, .F. ) ;
#3333 =( NAMED_UNIT ( * ) SI_UNIT ( $, .STERADIAN. ) SOLID_ANGLE_UNIT ( ) );
#3334 = DIRECTION ( 'NONE',  ( 0.000000000000000000, -0.000000000000000000, 1.000000000000000000 ) ) ;
#3335 = CARTESIAN_POINT ( 'NONE',  ( 0.000000000000000000, 0.000000000000000000, 4.472135954999579610 ) ) ;
#3336 = CIRCLE ( 'NONE', #2349, 0.1999999999999999833 ) ;
#3337 = FACE_OUTER_BOUND ( 'NONE', #3174, .T. ) ;
#3338 = CARTESIAN_POINT ( 'NONE',  ( -9.699999999999999289, 0.09999999999999999167, 4.850000000000001421 ) ) ;
#3339 = DIRECTION ( 'NONE',  ( 0.000000000000000000, 0.000000000000000000, 1.000000000000000000 ) ) ;
#3340 = EDGE_CURVE ( 'NONE', #2133, #2571, #228, .T. ) ;
#3341 = SURFACE_STYLE_FILL_AREA ( #3045 ) ;
#3342 = PRESENTATION_LAYER_ASSIGNMENT (  '', '', ( #1209 ) ) ;
#3343 = VECTOR ( 'NONE', #3201, 1000.000000000000000 ) ;
#3344 = EDGE_CURVE ( 'NONE', #3434, #1230, #1540, .T. ) ;
#3345 =( NAMED_UNIT ( * ) SI_UNIT ( $, .STERADIAN. ) SOLID_ANGLE_UNIT ( ) );
#3346 = ORIENTED_EDGE ( 'NONE', *, *, #3019, .T. ) ;
#3347 = CARTESIAN_POINT ( 'NONE',  ( -0.8750000000000000000, 0.2500000000000000000, -3.700000000000000178 ) ) ;
#3348 = DIRECTION ( 'NONE',  ( -1.000000000000000000, 0.000000000000000000, 0.000000000000000000 ) ) ;
#3349 = ORIENTED_EDGE ( 'NONE', *, *, #1018, .T. ) ;
#3350 = DIRECTION ( 'NONE',  ( 0.000000000000000000, 0.000000000000000000, 1.000000000000000000 ) ) ;
#3352 = AXIS2_PLACEMENT_3D ( 'NONE', #374, #3279, #1177 ) ;
#3351 = SURFACE_SIDE_STYLE ('',( #760 ) ) ;
#3353 = STYLED_ITEM ( 'NONE', ( #1147 ), #102 ) ;
#3354 = CARTESIAN_POINT ( 'NONE',  ( -9.617157287525378351, -1.076072228735579826E-17, 4.808578643762691840 ) ) ;
#3355 = SURFACE_STYLE_USAGE ( .BOTH. , #376 ) ;
#3356 = SURFACE_SIDE_STYLE ('',( #3304 ) ) ;
#3357 = ORIENTED_EDGE ( 'NONE', *, *, #1913, .F. ) ;
#3358 = DIRECTION ( 'NONE',  ( 0.000000000000000000, 1.000000000000000000, 0.000000000000000000 ) ) ;
#3359 = ORIENTED_EDGE ( 'NONE', *, *, #3406, .F. ) ;
#3360 = ORIENTED_EDGE ( 'NONE', *, *, #1342, .F. ) ;
#3361 = EDGE_CURVE ( 'NONE', #3448, #916, #66, .T. ) ;
#3362 = ADVANCED_FACE ( 'NONE', ( #2968 ), #3107, .T. ) ;
#3363 = DIRECTION ( 'NONE',  ( 0.000000000000000000, -0.000000000000000000, 1.000000000000000000 ) ) ;
#3364 = ORIENTED_EDGE ( 'NONE', *, *, #329, .T. ) ;
#3365 =( NAMED_UNIT ( * ) PLANE_ANGLE_UNIT ( ) SI_UNIT ( $, .RADIAN. ) );
#3366 = SURFACE_STYLE_USAGE ( .BOTH. , #3624 ) ;
#3367 = CARTESIAN_POINT ( 'NONE',  ( 1.600000000000000089, 5.000000000000000000, 1.959434878635770160E-16 ) ) ;
#3368 = FILL_AREA_STYLE ('',( #1645 ) ) ;
#3369 = CARTESIAN_POINT ( 'NONE',  ( 1.375000000000000000, 0.4400000000000046096, 1.799999999999999822 ) ) ;
#3370 = AXIS2_PLACEMENT_3D ( 'NONE', #1155, #1458, #2652 ) ;
#3371 = CARTESIAN_POINT ( 'NONE',  ( 0.000000000000000000, 4.500000000000000888, 0.000000000000000000 ) ) ;
#3372 = SURFACE_STYLE_USAGE ( .BOTH. , #1648 ) ;
#3373 = PRESENTATION_LAYER_ASSIGNMENT (  '', '', ( #2820 ) ) ;
#3374 = ORIENTED_EDGE ( 'NONE', *, *, #3677, .F. ) ;
#3375 = ORIENTED_EDGE ( 'NONE', *, *, #2631, .T. ) ;
#3376 = AXIS2_PLACEMENT_3D ( 'NONE', #1258, #2195, #455 ) ;
#3377 = CIRCLE ( 'NONE', #1747, 0.1999999999999999833 ) ;
#3378 = EDGE_CURVE ( 'NONE', #3462, #2751, #3214, .T. ) ;
#3379 = ORIENTED_EDGE ( 'NONE', *, *, #1473, .T. ) ;
#3380 = FILL_AREA_STYLE ('',( #1660 ) ) ;
#3381 = DIRECTION ( 'NONE',  ( 0.000000000000000000, 0.000000000000000000, 1.000000000000000000 ) ) ;
#3382 = ADVANCED_FACE ( 'NONE', ( #3506 ), #890, .F. ) ;
#3383 = CARTESIAN_POINT ( 'NONE',  ( 2.402561113324040090E-16, 0.000000000000000000, 9.537998493343269875E-17 ) ) ;
#3384 = MECHANICAL_DESIGN_GEOMETRIC_PRESENTATION_REPRESENTATION (  '', ( #241 ), #2175 ) ;
#3385 = SURFACE_STYLE_USAGE ( .BOTH. , #1898 ) ;
#3386 = VECTOR ( 'NONE', #387, 1000.000000000000000 ) ;
#3387 =( LENGTH_UNIT ( ) NAMED_UNIT ( * ) SI_UNIT ( .MILLI., .METRE. ) );
#3388 = SURFACE_SIDE_STYLE ('',( #2225 ) ) ;
#3389 = VECTOR ( 'NONE', #3252, 1000.000000000000000 ) ;
#3390 = AXIS2_PLACEMENT_3D ( 'NONE', #624, #3210, #3165 ) ;
#3391 = CARTESIAN_POINT ( 'NONE',  ( -0.7999999999999990452, 4.500000000000000888, -1.185640646055099889 ) ) ;
#3392 = VERTEX_POINT ( 'NONE', #33 ) ;
#3393 = CARTESIAN_POINT ( 'NONE',  ( 0.7477172270407986820, -0.06000000000000003247, 1.172717227040796395 ) ) ;
#3394 = SURFACE_STYLE_USAGE ( .BOTH. , #229 ) ;
#3395 = CIRCLE ( 'NONE', #1763, 0.2000000000000000944 ) ;
#3397 = ORIENTED_EDGE ( 'NONE', *, *, #3003, .F. ) ;
#3396 = PRESENTATION_LAYER_ASSIGNMENT (  '', '', ( #3641 ) ) ;
#3398 = ORIENTED_EDGE ( 'NONE', *, *, #3361, .F. ) ;
#3399 = CARTESIAN_POINT ( 'NONE',  ( -0.3750000000000000000, 0.000000000000000000, 0.6495190528383290030 ) ) ;
#3400 =( NAMED_UNIT ( * ) PLANE_ANGLE_UNIT ( ) SI_UNIT ( $, .RADIAN. ) );
#3401 = PRESENTATION_STYLE_ASSIGNMENT (( #2239 ) ) ;
#3402 = VECTOR ( 'NONE', #2465, 1000.000000000000000 ) ;
#3403 = CYLINDRICAL_SURFACE ( 'NONE', #1571, 0.2000000000000000944 ) ;
#3404 = DIRECTION ( 'NONE',  ( 0.000000000000000000, 1.000000000000000000, 0.000000000000000000 ) ) ;
#3405 = CIRCLE ( 'NONE', #3352, 0.2000000000000000111 ) ;
#3406 = EDGE_CURVE ( 'NONE', #2365, #1483, #114, .T. ) ;
#3407 = EDGE_CURVE ( 'NONE', #3198, #3717, #1015, .T. ) ;
#3408 = CIRCLE ( 'NONE', #3460, 0.3921956918170705353 ) ;
#3409 = CYLINDRICAL_SURFACE ( 'NONE', #740, 0.1999999999999999833 ) ;
#3410 = FACE_OUTER_BOUND ( 'NONE', #2296, .T. ) ;
#3411 = CARTESIAN_POINT ( 'NONE',  ( 0.3750000000000000000, 5.000000000000000000, -0.4495190528383289363 ) ) ;
#3412 = COLOUR_RGB ( '',1.000000000000000000, 0.9960784313725490335, 0.9607843137254902244 ) ;
#3413 = CARTESIAN_POINT ( 'NONE',  ( -0.8750000000000000000, 0.3099999999999999978, -3.200000000000000178 ) ) ;
#3414 = ORIENTED_EDGE ( 'NONE', *, *, #3407, .F. ) ;
#3415 = CYLINDRICAL_SURFACE ( 'NONE', #3001, 0.1999999999999999833 ) ;
#3416 = CARTESIAN_POINT ( 'NONE',  ( -1.375000000000000000, 0.4400000000000000022, 1.407804308182929898 ) ) ;
#3417 = ORIENTED_EDGE ( 'NONE', *, *, #718, .T. ) ;
#3418 = ORIENTED_EDGE ( 'NONE', *, *, #151, .T. ) ;
#3419 = CARTESIAN_POINT ( 'NONE',  ( -0.8000000000000000444, 5.000000000000000000, 1.385640646055100067 ) ) ;
#3420 = ORIENTED_EDGE ( 'NONE', *, *, #870, .T. ) ;
#3421 = CARTESIAN_POINT ( 'NONE',  ( 0.000000000000000000, 0.000000000000000000, 0.000000000000000000 ) ) ;
#3422 = ADVANCED_FACE ( 'NONE', ( #1772 ), #2382, .T. ) ;
#3423 = FILL_AREA_STYLE ('',( #2488 ) ) ;
#3424 = FACE_BOUND ( 'NONE', #1081, .T. ) ;
#3425 = ORIENTED_EDGE ( 'NONE', *, *, #34, .F. ) ;
#3426 = AXIS2_PLACEMENT_3D ( 'NONE', #3277, #1872, #1334 ) ;
#3427 = UNCERTAINTY_MEASURE_WITH_UNIT (LENGTH_MEASURE( 1.000000000000000082E-05 ), #2884, 'distance_accuracy_value', 'NONE');
#3428 = COLOUR_RGB ( '',0.9529411764705881804, 0.9529411764705881804, 0.9529411764705881804 ) ;
#3429 = ORIENTED_EDGE ( 'NONE', *, *, #758, .F. ) ;
#3430 = ORIENTED_EDGE ( 'NONE', *, *, #870, .F. ) ;
#3431 = DIRECTION ( 'NONE',  ( 0.000000000000000000, 1.000000000000000000, 0.000000000000000000 ) ) ;
#3432 = AXIS2_PLACEMENT_3D ( 'NONE', #901, #2936, #338 ) ;
#3433 = LINE ( 'NONE', #573, #2747 ) ;
#3434 = VERTEX_POINT ( 'NONE', #1556 ) ;
#3435 = DIRECTION ( 'NONE',  ( 1.000000000000000000, 0.000000000000000000, -0.000000000000000000 ) ) ;
#3436 = SURFACE_STYLE_FILL_AREA ( #2934 ) ;
#3437 = PRESENTATION_STYLE_ASSIGNMENT (( #519 ) ) ;
#3438 = CARTESIAN_POINT ( 'NONE',  ( 9.285786437626899925, 5.000000000000000000, 4.642893218813450851 ) ) ;
#3439 =( NAMED_UNIT ( * ) SI_UNIT ( $, .STERADIAN. ) SOLID_ANGLE_UNIT ( ) );
#3440 =( GEOMETRIC_REPRESENTATION_CONTEXT ( 3 ) GLOBAL_UNCERTAINTY_ASSIGNED_CONTEXT ( ( #1121 ) ) GLOBAL_UNIT_ASSIGNED_CONTEXT ( ( #3548, #1811, #3333 ) ) REPRESENTATION_CONTEXT ( 'NONE', 'WORKASPACE' ) );
#3441 = EDGE_CURVE ( 'NONE', #3675, #689, #399, .T. ) ;
#3442 = CARTESIAN_POINT ( 'NONE',  ( 0.000000000000000000, 0.3099999999999999978, 3.972135954999580054 ) ) ;
#3443 = EDGE_LOOP ( 'NONE', ( #1672, #1719 ) ) ;
#3444 = CARTESIAN_POINT ( 'NONE',  ( 1.385640646055100067, 0.000000000000000000, -0.8000000000000000444 ) ) ;
#3445 = ADVANCED_FACE ( 'NONE', ( #3014 ), #666, .F. ) ;
#3446 = EDGE_CURVE ( 'NONE', #2733, #772, #3321, .T. ) ;
#3447 = ORIENTED_EDGE ( 'NONE', *, *, #552, .T. ) ;
#3448 = VERTEX_POINT ( 'NONE', #1852 ) ;
#3449 = FACE_OUTER_BOUND ( 'NONE', #3070, .T. ) ;
#3450 = SURFACE_SIDE_STYLE ('',( #219 ) ) ;
#3451 = SURFACE_STYLE_USAGE ( .BOTH. , #2847 ) ;
#3452 = CIRCLE ( 'NONE', #784, 4.472135954999578722 ) ;
#3453 = ORIENTED_EDGE ( 'NONE', *, *, #2132, .T. ) ;
#3454 = MECHANICAL_DESIGN_GEOMETRIC_PRESENTATION_REPRESENTATION (  '', ( #139 ), #19 ) ;
#3455 = PRESENTATION_STYLE_ASSIGNMENT (( #337 ) ) ;
#3456 = CIRCLE ( 'NONE', #1218, 0.2000000000000000111 ) ;
#3457 = CARTESIAN_POINT ( 'NONE',  ( 0.3750000000000000000, 0.000000000000000000, 0.6495190528383290030 ) ) ;
#3458 = DIRECTION ( 'NONE',  ( 0.000000000000000000, 1.000000000000000000, 0.000000000000000000 ) ) ;
#3459 = CARTESIAN_POINT ( 'NONE',  ( 5.888810444532300791E-16, -1.076072228735579672E-17, 4.808578643762690952 ) ) ;
#3460 = AXIS2_PLACEMENT_3D ( 'NONE', #3, #923, #578 ) ;
#3461 = DIRECTION ( 'NONE',  ( 0.000000000000000000, 0.000000000000000000, 1.000000000000000000 ) ) ;
#3462 = VERTEX_POINT ( 'NONE', #1025 ) ;
#3463 =( NAMED_UNIT ( * ) PLANE_ANGLE_UNIT ( ) SI_UNIT ( $, .RADIAN. ) );
#3464 = ORIENTED_EDGE ( 'NONE', *, *, #2893, .F. ) ;
#3465 = EDGE_LOOP ( 'NONE', ( #945, #2880, #2376, #3659 ) ) ;
#3466 =( LENGTH_UNIT ( ) NAMED_UNIT ( * ) SI_UNIT ( .MILLI., .METRE. ) );
#3467 = EDGE_CURVE ( 'NONE', #672, #1826, #2166, .T. ) ;
#3468 = CARTESIAN_POINT ( 'NONE',  ( -1.596755374588623219E-15, 0.000000000000000000, 4.572135954999580143 ) ) ;
#3469 = CARTESIAN_POINT ( 'NONE',  ( 0.3750000000000000000, 4.500000000000000888, 0.8495190528383289585 ) ) ;
#3470 = DIRECTION ( 'NONE',  ( 1.000000000000000000, 0.000000000000000000, -0.000000000000000000 ) ) ;
#3471 = ORIENTED_EDGE ( 'NONE', *, *, #3048, .F. ) ;
#3472 = FILL_AREA_STYLE_COLOUR ( '', #2364 ) ;
#3473 = LINE ( 'NONE', #2663, #2962 ) ;
#3474 = UNCERTAINTY_MEASURE_WITH_UNIT (LENGTH_MEASURE( 1.000000000000000082E-05 ), #3595, 'distance_accuracy_value', 'NONE');
#3475 = CARTESIAN_POINT ( 'NONE',  ( -2.734561762220730504E-16, 0.3099999999999999978, 2.674999999999999822 ) ) ;
#3476 = VERTEX_POINT ( 'NONE', #703 ) ;
#3477 = PRESENTATION_STYLE_ASSIGNMENT (( #2320 ) ) ;
#3478 = FILL_AREA_STYLE ('',( #275 ) ) ;
#3479 = ORIENTED_EDGE ( 'NONE', *, *, #462, .F. ) ;
#3480 = MECHANICAL_DESIGN_GEOMETRIC_PRESENTATION_REPRESENTATION (  '', ( #1254 ), #704 ) ;
#3481 = ORIENTED_EDGE ( 'NONE', *, *, #2683, .T. ) ;
#3482 = DIRECTION ( 'NONE',  ( -0.000000000000000000, -1.000000000000000000, -0.000000000000000000 ) ) ;
#3483 = STYLED_ITEM ( 'NONE', ( #1591 ), #3140 ) ;
#3484 = EDGE_CURVE ( 'NONE', #3288, #88, #2690, .T. ) ;
#3485 = CARTESIAN_POINT ( 'NONE',  ( -0.3750000000000000000, 4.500000000000000888, -0.8495190528383289585 ) ) ;
#3486 = EDGE_LOOP ( 'NONE', ( #353, #2435 ) ) ;
#3487 = CARTESIAN_POINT ( 'NONE',  ( 0.000000000000000000, 0.000000000000000000, 4.850000000000000533 ) ) ;
#3488 = FILL_AREA_STYLE_COLOUR ( '', #134 ) ;
#3489 = ADVANCED_FACE ( 'NONE', ( #3290 ), #3329, .T. ) ;
#3490 = AXIS2_PLACEMENT_3D ( 'NONE', #2014, #3458, #861 ) ;
#3491 = CIRCLE ( 'NONE', #1548, 0.1999999999999999833 ) ;
#3492 = CARTESIAN_POINT ( 'NONE',  ( -0.3750000000000000000, 0.000000000000000000, 0.4495190528383289919 ) ) ;
#3493 = CARTESIAN_POINT ( 'NONE',  ( 8.673617379884035472E-16, 0.000000000000000000, -4.750000000000000888 ) ) ;
#3494 = SURFACE_STYLE_USAGE ( .BOTH. , #636 ) ;
#3495 = CARTESIAN_POINT ( 'NONE',  ( 1.385640646055100067, 4.500000000000000888, 0.8000000000000010436 ) ) ;
#3496 =( BOUNDED_SURFACE ( )  B_SPLINE_SURFACE ( 3, 3, ( 
 ( #1003, #719, #1618, #1878 ),
 ( #1596, #3438, #1664, #1649 ),
 ( #2245, #269, #1411, #2798 ),
 ( #841, #2564, #2263, #2283 ) ),
 .UNSPECIFIED., .F., .F., .F. ) 
 B_SPLINE_SURFACE_WITH_KNOTS ( ( 4, 4 ),
 ( 4, 4 ),
 ( 0.000000000000000000, 1.000000000000000000 ),
 ( 0.000000000000000000, 1.000000000000000000 ),
 .UNSPECIFIED. ) 
 GEOMETRIC_REPRESENTATION_ITEM ( )  RATIONAL_B_SPLINE_SURFACE ( (
 ( 1.000000000000000000, 0.3333333333333334259, 0.3333333333333334259, 1.000000000000000000),
 ( 0.8047378541243649375, 0.2682459513747884050, 0.2682459513747884050, 0.8047378541243649375),
 ( 0.8047378541243649375, 0.2682459513747884050, 0.2682459513747884050, 0.8047378541243649375),
 ( 1.000000000000000000, 0.3333333333333334259, 0.3333333333333334259, 1.000000000000000000) ) ) 
 REPRESENTATION_ITEM ( '' )  SURFACE ( )  );
#3497 = VERTEX_POINT ( 'NONE', #1962 ) ;
#3498 = CARTESIAN_POINT ( 'NONE',  ( 0.8000000000000000444, 0.000000000000000000, 1.185640646055099889 ) ) ;
#3499 = AXIS2_PLACEMENT_3D ( 'NONE', #2007, #551, #2044 ) ;
#3500 = COLOUR_RGB ( '',1.000000000000000000, 0.9960784313725490335, 0.9607843137254902244 ) ;
#3501 = DIRECTION ( 'NONE',  ( 1.000000000000000000, 0.000000000000000000, -0.000000000000000000 ) ) ;
#3502 = CYLINDRICAL_SURFACE ( 'NONE', #1034, 0.2000000000000000111 ) ;
#3503 = ORIENTED_EDGE ( 'NONE', *, *, #3678, .T. ) ;
#3504 = ORIENTED_EDGE ( 'NONE', *, *, #3026, .T. ) ;
#3505 = DIRECTION ( 'NONE',  ( 0.000000000000000000, 1.000000000000000000, 0.000000000000000000 ) ) ;
#3506 = FACE_OUTER_BOUND ( 'NONE', #2789, .T. ) ;
#3507 = VECTOR ( 'NONE', #2852, 1000.000000000000000 ) ;
#3508 = CARTESIAN_POINT ( 'NONE',  ( 0.000000000000000000, 0.1000000000000000056, 4.572135954999580143 ) ) ;
#3509 = ORIENTED_EDGE ( 'NONE', *, *, #1403, .F. ) ;
#3510 = CARTESIAN_POINT ( 'NONE',  ( -1.385640646055100067, 5.000000000000000000, 0.6000000000000000888 ) ) ;
#3511 =( NAMED_UNIT ( * ) SI_UNIT ( $, .STERADIAN. ) SOLID_ANGLE_UNIT ( ) );
#3512 = FILL_AREA_STYLE ('',( #3239 ) ) ;
#3513 = COLOUR_RGB ( '',0.9529411764705881804, 0.9529411764705881804, 0.9529411764705881804 ) ;
#3514 = DIRECTION ( 'NONE',  ( 0.000000000000000000, 1.000000000000000000, 0.000000000000000000 ) ) ;
#3515 = UNCERTAINTY_MEASURE_WITH_UNIT (LENGTH_MEASURE( 1.000000000000000082E-05 ), #178, 'distance_accuracy_value', 'NONE');
#3516 = DIRECTION ( 'NONE',  ( 0.000000000000000000, 0.000000000000000000, 1.000000000000000000 ) ) ;
#3517 = ADVANCED_FACE ( 'NONE', ( #786 ), #491, .T. ) ;
#3518 = ADVANCED_FACE ( 'NONE', ( #1103 ), #1278, .T. ) ;
#3519 = SURFACE_STYLE_FILL_AREA ( #2896 ) ;
#3520 =( NAMED_UNIT ( * ) PLANE_ANGLE_UNIT ( ) SI_UNIT ( $, .RADIAN. ) );
#3521 = EDGE_LOOP ( 'NONE', ( #3123, #3052 ) ) ;
#3522 = AXIS2_PLACEMENT_3D ( 'NONE', #1786, #2099, #3262 ) ;
#3523 = FACE_BOUND ( 'NONE', #1914, .T. ) ;
#3524 = ORIENTED_EDGE ( 'NONE', *, *, #2943, .T. ) ;
#3525 = VERTEX_POINT ( 'NONE', #3653 ) ;
#3526 = SURFACE_STYLE_USAGE ( .BOTH. , #2381 ) ;
#3528 = COLOUR_RGB ( '',0.7450980392156862919, 0.7450980392156862919, 0.7450980392156862919 ) ;
#3527 = DIRECTION ( 'NONE',  ( 0.000000000000000000, 1.000000000000000000, -0.000000000000000000 ) ) ;
#3529 = VERTEX_POINT ( 'NONE', #1052 ) ;
#3530 = DIRECTION ( 'NONE',  ( 0.000000000000000000, 0.000000000000000000, -1.000000000000000000 ) ) ;
#3531 = CARTESIAN_POINT ( 'NONE',  ( 0.7500000000000000000, 0.000000000000000000, 0.2000000000000000944 ) ) ;
#3532 = DIRECTION ( 'NONE',  ( 0.000000000000000000, 1.000000000000000000, 0.000000000000000000 ) ) ;
#3533 = CARTESIAN_POINT ( 'NONE',  ( -1.375000000000000000, 0.000000000000000000, -2.700000000000000178 ) ) ;
#3534 = CARTESIAN_POINT ( 'NONE',  ( -1.385640646055100067, 0.000000000000000000, -0.6000000000000009770 ) ) ;
#3535 = FILL_AREA_STYLE ('',( #656 ) ) ;
#3536 = ADVANCED_FACE ( 'NONE', ( #1410 ), #2832, .F. ) ;
#3537 = DIRECTION ( 'NONE',  ( 0.000000000000000000, 1.000000000000000000, 0.000000000000000000 ) ) ;
#3538 = EDGE_LOOP ( 'NONE', ( #312, #741, #2492, #179 ) ) ;
#3539 = DIRECTION ( 'NONE',  ( 0.000000000000000000, 0.000000000000000000, 1.000000000000000000 ) ) ;
#3540 = FACE_OUTER_BOUND ( 'NONE', #550, .T. ) ;
#3541 = EDGE_CURVE ( 'NONE', #3325, #2103, #3473, .T. ) ;
#3542 = CARTESIAN_POINT ( 'NONE',  ( 0.000000000000000000, 0.2999999999999999889, 0.000000000000000000 ) ) ;
#3543 = ORIENTED_EDGE ( 'NONE', *, *, #212, .T. ) ;
#3544 = VERTEX_POINT ( 'NONE', #3493 ) ;
#3545 = CARTESIAN_POINT ( 'NONE',  ( -1.385640646055100067, 4.500000000000000888, 0.6000000000000000888 ) ) ;
#3546 = FACE_OUTER_BOUND ( 'NONE', #1985, .T. ) ;
#3547 = VERTEX_POINT ( 'NONE', #3255 ) ;
#3548 =( LENGTH_UNIT ( ) NAMED_UNIT ( * ) SI_UNIT ( .MILLI., .METRE. ) );
#3549 = DIRECTION ( 'NONE',  ( 0.000000000000000000, 1.000000000000000000, 0.000000000000000000 ) ) ;
#3550 = AXIS2_PLACEMENT_3D ( 'NONE', #2717, #2405, #3041 ) ;
#3551 = AXIS2_PLACEMENT_3D ( 'NONE', #1940, #521, #2544 ) ;
#3552 = SURFACE_STYLE_USAGE ( .BOTH. , #1797 ) ;
#3553 = FILL_AREA_STYLE_COLOUR ( '', #1686 ) ;
#3554 = UNCERTAINTY_MEASURE_WITH_UNIT (LENGTH_MEASURE( 1.000000000000000082E-05 ), #3652, 'distance_accuracy_value', 'NONE');
#3555 = PLANE ( 'NONE',  #2780 ) ;
#3556 = DIRECTION ( 'NONE',  ( 0.000000000000000000, 1.000000000000000000, 0.000000000000000000 ) ) ;
#3557 = PRESENTATION_LAYER_ASSIGNMENT (  '', '', ( #2280 ) ) ;
#3558 = CIRCLE ( 'NONE', #2504, 0.1999999999999999833 ) ;
#3559 = DIRECTION ( 'NONE',  ( 0.000000000000000000, 0.000000000000000000, 1.000000000000000000 ) ) ;
#3560 = ORIENTED_EDGE ( 'NONE', *, *, #3361, .T. ) ;
#3561 =( GEOMETRIC_REPRESENTATION_CONTEXT ( 3 ) GLOBAL_UNCERTAINTY_ASSIGNED_CONTEXT ( ( #2548 ) ) GLOBAL_UNIT_ASSIGNED_CONTEXT ( ( #3684, #3114, #817 ) ) REPRESENTATION_CONTEXT ( 'NONE', 'WORKASPACE' ) );
#3562 = CARTESIAN_POINT ( 'NONE',  ( -0.3750000000000000000, 0.3099999999999999978, -2.700000000000000178 ) ) ;
#3563 = EDGE_CURVE ( 'NONE', #1653, #3307, #1870, .T. ) ;
#3564 = PRESENTATION_LAYER_ASSIGNMENT (  '', '', ( #2042 ) ) ;
#3565 = VERTEX_POINT ( 'NONE', #1 ) ;
#3566 = STYLED_ITEM ( 'NONE', ( #1045 ), #992 ) ;
#3567 = CARTESIAN_POINT ( 'NONE',  ( -1.375000000000000000, 0.3099999999999999978, 0.000000000000000000 ) ) ;
#3568 = EDGE_CURVE ( 'NONE', #1825, #2966, #356, .T. ) ;
#3569 = EDGE_CURVE ( 'NONE', #3034, #88, #2457, .T. ) ;
#3570 = AXIS2_PLACEMENT_3D ( 'NONE', #3330, #1295, #162 ) ;
#3571 = CARTESIAN_POINT ( 'NONE',  ( 2.939152317953650064E-16, 5.000000000000000000, -1.600000000000000089 ) ) ;
#3572 = ORIENTED_EDGE ( 'NONE', *, *, #1837, .T. ) ;
#3573 = DIRECTION ( 'NONE',  ( 0.000000000000000000, 0.000000000000000000, 1.000000000000000000 ) ) ;
#3574 = AXIS2_PLACEMENT_3D ( 'NONE', #3740, #1388, #18 ) ;
#3575 = CARTESIAN_POINT ( 'NONE',  ( -1.163414459189985485E-15, 0.000000000000000000, -4.750000000000000000 ) ) ;
#3576 =( NAMED_UNIT ( * ) PLANE_ANGLE_UNIT ( ) SI_UNIT ( $, .RADIAN. ) );
#3577 = DIRECTION ( 'NONE',  ( 0.000000000000000000, 1.000000000000000000, 0.000000000000000000 ) ) ;
#3578 = VECTOR ( 'NONE', #1114, 1000.000000000000000 ) ;
#3579 =( LENGTH_UNIT ( ) NAMED_UNIT ( * ) SI_UNIT ( .MILLI., .METRE. ) );
#3580 = STYLED_ITEM ( 'NONE', ( #2781 ), #2131 ) ;
#3581 = ORIENTED_EDGE ( 'NONE', *, *, #6, .T. ) ;
#3582 = FACE_OUTER_BOUND ( 'NONE', #3465, .T. ) ;
#3583 = CARTESIAN_POINT ( 'NONE',  ( 0.000000000000000000, 4.500000000000000888, 0.000000000000000000 ) ) ;
#3584 = SURFACE_STYLE_USAGE ( .BOTH. , #1487 ) ;
#3585 = VECTOR ( 'NONE', #3537, 1000.000000000000000 ) ;
#3586 = VERTEX_POINT ( 'NONE', #286 ) ;
#3587 = MECHANICAL_DESIGN_GEOMETRIC_PRESENTATION_REPRESENTATION (  '', ( #1768 ), #3061 ) ;
#3588 = CARTESIAN_POINT ( 'NONE',  ( 9.144271909999169168, 0.000000000000000000, -4.572135954999579255 ) ) ;
#3589 = EDGE_CURVE ( 'NONE', #2751, #3613, #3223, .T. ) ;
#3590 = CARTESIAN_POINT ( 'NONE',  ( 1.168510234126729941, -0.06000000000000000472, 1.800000000000000266 ) ) ;
#3591 = CIRCLE ( 'NONE', #800, 0.2000000000000000111 ) ;
#3592 = CARTESIAN_POINT ( 'NONE',  ( -1.385640646055100067, 5.000000000000000000, 1.000000000000000000 ) ) ;
#3593 = CIRCLE ( 'NONE', #327, 0.2000000000000000111 ) ;
#3594 = CARTESIAN_POINT ( 'NONE',  ( -1.375000000000000000, 0.3099999999999994982, 0.9249999999999987121 ) ) ;
#3595 =( LENGTH_UNIT ( ) NAMED_UNIT ( * ) SI_UNIT ( .MILLI., .METRE. ) );
#3596 = CARTESIAN_POINT ( 'NONE',  ( 0.3750000000000000000, 0.000000000000000000, -0.6495190528383290030 ) ) ;
#3597 = DIRECTION ( 'NONE',  ( 0.000000000000000000, 0.000000000000000000, 1.000000000000000000 ) ) ;
#3598 = FACE_OUTER_BOUND ( 'NONE', #549, .T. ) ;
#3599 = EDGE_LOOP ( 'NONE', ( #1806, #2402, #3349, #1725 ) ) ;
#3600 = CARTESIAN_POINT ( 'NONE',  ( 0.000000000000000000, 0.1000000000000000056, 0.000000000000000000 ) ) ;
#3601 = VERTEX_POINT ( 'NONE', #57 ) ;
#3602 = ORIENTED_EDGE ( 'NONE', *, *, #1546, .F. ) ;
#3603 =( NAMED_UNIT ( * ) PLANE_ANGLE_UNIT ( ) SI_UNIT ( $, .RADIAN. ) );
#3604 = VERTEX_POINT ( 'NONE', #3193 ) ;
#3605 = CARTESIAN_POINT ( 'NONE',  ( 1.375000000000000000, -0.05999999999999839490, 2.192195691817070635 ) ) ;
#3606 = FACE_OUTER_BOUND ( 'NONE', #1432, .T. ) ;
#3607 = EDGE_CURVE ( 'NONE', #2583, #1915, #3240, .T. ) ;
#3608 = CARTESIAN_POINT ( 'NONE',  ( 5.939536975864663955E-16, 0.04142135623730949789, 4.849999999999998757 ) ) ;
#3609 = AXIS2_PLACEMENT_3D ( 'NONE', #2907, #35, #630 ) ;
#3610 = LINE ( 'NONE', #979, #2579 ) ;
#3611 = EDGE_CURVE ( 'NONE', #621, #215, #2645, .T. ) ;
#3612 = CARTESIAN_POINT ( 'NONE',  ( -1.385640646055100067, 0.000000000000000000, -0.8000000000000010436 ) ) ;
#3613 = VERTEX_POINT ( 'NONE', #2078 ) ;
#3614 =( NAMED_UNIT ( * ) SI_UNIT ( $, .STERADIAN. ) SOLID_ANGLE_UNIT ( ) );
#3615 = VECTOR ( 'NONE', #2675, 1000.000000000000000 ) ;
#3616 = CIRCLE ( 'NONE', #3490, 4.472135954999579610 ) ;
#3617 = DIRECTION ( 'NONE',  ( 0.000000000000000000, 1.000000000000000000, 0.000000000000000000 ) ) ;
#3618 = ORIENTED_EDGE ( 'NONE', *, *, #599, .F. ) ;
#3619 = DIRECTION ( 'NONE',  ( 0.000000000000000000, 1.000000000000000000, 0.000000000000000000 ) ) ;
#3620 = DIRECTION ( 'NONE',  ( 1.000000000000000000, 0.000000000000000000, -5.551115123125779744E-16 ) ) ;
#3621 = VERTEX_POINT ( 'NONE', #2599 ) ;
#3622 = DIRECTION ( 'NONE',  ( 0.000000000000000000, -1.000000000000000000, -0.000000000000000000 ) ) ;
#3623 = CARTESIAN_POINT ( 'NONE',  ( -0.3750000000000000000, 0.000000000000000000, -0.6495190528383290030 ) ) ;
#3624 = SURFACE_SIDE_STYLE ('',( #2740 ) ) ;
#3625 = AXIS2_PLACEMENT_3D ( 'NONE', #3016, #955, #2112 ) ;
#3626 = MECHANICAL_DESIGN_GEOMETRIC_PRESENTATION_REPRESENTATION (  '', ( #243 ), #2587 ) ;
#3627 = LINE ( 'NONE', #1016, #2369 ) ;
#3628 = DIRECTION ( 'NONE',  ( 0.000000000000000000, 0.000000000000000000, 1.000000000000000000 ) ) ;
#3629 = DIRECTION ( 'NONE',  ( 0.000000000000000000, 1.000000000000000000, 0.000000000000000000 ) ) ;
#3630 = COLOUR_RGB ( '',0.9529411764705881804, 0.9529411764705881804, 0.9529411764705881804 ) ;
#3631 = SURFACE_STYLE_USAGE ( .BOTH. , #1262 ) ;
#3632 = VERTEX_POINT ( 'NONE', #1220 ) ;
#3633 = ADVANCED_FACE ( 'NONE', ( #1201 ), #2891, .T. ) ;
#3634 = AXIS2_PLACEMENT_3D ( 'NONE', #729, #1315, #3059 ) ;
#3635 = EDGE_CURVE ( 'NONE', #3207, #1497, #3616, .T. ) ;
#3636 = LINE ( 'NONE', #1037, #1624 ) ;
#3637 = AXIS2_PLACEMENT_3D ( 'NONE', #2944, #1210, #330 ) ;
#3638 = PRESENTATION_STYLE_ASSIGNMENT (( #3324 ) ) ;
#3639 = ORIENTED_EDGE ( 'NONE', *, *, #3658, .F. ) ;
#3640 = ORIENTED_EDGE ( 'NONE', *, *, #1126, .T. ) ;
#3641 = STYLED_ITEM ( 'NONE', ( #2990 ), #2154 ) ;
#3642 = SURFACE_STYLE_FILL_AREA ( #460 ) ;
#3643 =( NAMED_UNIT ( * ) SI_UNIT ( $, .STERADIAN. ) SOLID_ANGLE_UNIT ( ) );
#3644 = VERTEX_POINT ( 'NONE', #1161 ) ;
#3646 = AXIS2_PLACEMENT_3D ( 'NONE', #2054, #3532, #939 ) ;
#3645 =( NAMED_UNIT ( * ) SI_UNIT ( $, .STERADIAN. ) SOLID_ANGLE_UNIT ( ) );
#3647 = CARTESIAN_POINT ( 'NONE',  ( 0.3750000000000000000, 5.000000000000000000, -0.6495190528383290030 ) ) ;
#3648 = PRESENTATION_LAYER_ASSIGNMENT (  '', '', ( #1948 ) ) ;
#3649 = CARTESIAN_POINT ( 'NONE',  ( -0.7500000000000000000, 0.000000000000000000, 0.000000000000000000 ) ) ;
#3650 = STYLED_ITEM ( 'NONE', ( #2761 ), #262 ) ;
#3651 =( NAMED_UNIT ( * ) SI_UNIT ( $, .STERADIAN. ) SOLID_ANGLE_UNIT ( ) );
#3652 =( LENGTH_UNIT ( ) NAMED_UNIT ( * ) SI_UNIT ( .MILLI., .METRE. ) );
#3653 = CARTESIAN_POINT ( 'NONE',  ( 1.600000000000000089, 4.500000000000000888, 0.2000000000000002054 ) ) ;
#3654 = CYLINDRICAL_SURFACE ( 'NONE', #1598, 0.5000000000000002220 ) ;
#3655 = ADVANCED_FACE ( 'NONE', ( #1479 ), #1178, .F. ) ;
#3656 = VERTEX_POINT ( 'NONE', #2138 ) ;
#3657 = EDGE_LOOP ( 'NONE', ( #257, #40, #2456, #1910 ) ) ;
#3658 = EDGE_CURVE ( 'NONE', #3717, #1022, #3610, .T. ) ;
#3659 = ORIENTED_EDGE ( 'NONE', *, *, #328, .T. ) ;
#3660 = VERTEX_POINT ( 'NONE', #3005 ) ;
#3661 = FILL_AREA_STYLE ('',( #512 ) ) ;
#3662 = SURFACE_STYLE_USAGE ( .BOTH. , #430 ) ;
#3663 = DIRECTION ( 'NONE',  ( 0.000000000000000000, 0.000000000000000000, 1.000000000000000000 ) ) ;
#3664 = SURFACE_STYLE_FILL_AREA ( #2498 ) ;
#3665 = FILL_AREA_STYLE ('',( #1355 ) ) ;
#3666 = AXIS2_PLACEMENT_3D ( 'NONE', #1214, #2949, #386 ) ;
#3667 = DIRECTION ( 'NONE',  ( 0.000000000000000000, 0.000000000000000000, 1.000000000000000000 ) ) ;
#3668 =( LENGTH_UNIT ( ) NAMED_UNIT ( * ) SI_UNIT ( .MILLI., .METRE. ) );
#3669 = ORIENTED_EDGE ( 'NONE', *, *, #1631, .T. ) ;
#3670 = SURFACE_STYLE_FILL_AREA ( #2524 ) ;
#3671 = ADVANCED_FACE ( 'NONE', ( #1321 ), #2157, .F. ) ;
#3672 = COLOUR_RGB ( '',0.000000000000000000, 0.000000000000000000, 0.000000000000000000 ) ;
#3673 = ORIENTED_EDGE ( 'NONE', *, *, #3677, .T. ) ;
#3674 = PRODUCT ( 'AOM-5024L-HD-F-R', 'AOM-5024L-HD-F-R', '', ( #3739 ) ) ;
#3675 = VERTEX_POINT ( 'NONE', #676 ) ;
#3676 =( LENGTH_UNIT ( ) NAMED_UNIT ( * ) SI_UNIT ( .MILLI., .METRE. ) );
#3677 = EDGE_CURVE ( 'NONE', #1263, #1054, #3031, .T. ) ;
#3678 = EDGE_CURVE ( 'NONE', #1230, #2821, #3322, .T. ) ;
#3679 = DIRECTION ( 'NONE',  ( 0.000000000000000000, 0.000000000000000000, 1.000000000000000000 ) ) ;
#3680 = DIRECTION ( 'NONE',  ( 0.000000000000000000, 1.000000000000000000, 0.000000000000000000 ) ) ;
#3681 = DIRECTION ( 'NONE',  ( 0.000000000000000000, 0.000000000000000000, 1.000000000000000000 ) ) ;
#3682 = SURFACE_STYLE_FILL_AREA ( #1407 ) ;
#3683 = VECTOR ( 'NONE', #1352, 1000.000000000000000 ) ;
#3684 =( LENGTH_UNIT ( ) NAMED_UNIT ( * ) SI_UNIT ( .MILLI., .METRE. ) );
#3685 = CIRCLE ( 'NONE', #2406, 0.1999999999999999833 ) ;
#3686 = CYLINDRICAL_SURFACE ( 'NONE', #1701, 4.472135954999579610 ) ;
#3687 =( NAMED_UNIT ( * ) PLANE_ANGLE_UNIT ( ) SI_UNIT ( $, .RADIAN. ) );
#3688 = COLOUR_RGB ( '',0.9529411764705881804, 0.9529411764705881804, 0.9529411764705881804 ) ;
#3689 = SURFACE_SIDE_STYLE ('',( #2542 ) ) ;
#3690 = AXIS2_PLACEMENT_3D ( 'NONE', #3156, #2298, #537 ) ;
#3691 = MECHANICAL_DESIGN_GEOMETRIC_PRESENTATION_REPRESENTATION (  '', ( #424 ), #136 ) ;
#3692 = DIRECTION ( 'NONE',  ( 0.000000000000000000, 0.000000000000000000, 1.000000000000000000 ) ) ;
#3693 = ORIENTED_EDGE ( 'NONE', *, *, #2009, .F. ) ;
#3694 = CARTESIAN_POINT ( 'NONE',  ( -1.385640646055100067, 5.000000000000000000, -1.000000000000001110 ) ) ;
#3695 = LINE ( 'NONE', #996, #782 ) ;
#3696 =( GEOMETRIC_REPRESENTATION_CONTEXT ( 3 ) GLOBAL_UNCERTAINTY_ASSIGNED_CONTEXT ( ( #2914 ) ) GLOBAL_UNIT_ASSIGNED_CONTEXT ( ( #54, #1441, #895 ) ) REPRESENTATION_CONTEXT ( 'NONE', 'WORKASPACE' ) );
#3697 = ORIENTED_EDGE ( 'NONE', *, *, #2108, .T. ) ;
#3698 = ORIENTED_EDGE ( 'NONE', *, *, #2560, .F. ) ;
#3699 =( NAMED_UNIT ( * ) SI_UNIT ( $, .STERADIAN. ) SOLID_ANGLE_UNIT ( ) );
#3700 = MECHANICAL_DESIGN_GEOMETRIC_PRESENTATION_REPRESENTATION (  '', ( #554 ), #1398 ) ;
#3701 = ADVANCED_FACE ( 'NONE', ( #97 ), #427, .F. ) ;
#3702 = FILL_AREA_STYLE ('',( #298 ) ) ;
#3703 = ORIENTED_EDGE ( 'NONE', *, *, #692, .T. ) ;
#3704 = LINE ( 'NONE', #534, #2598 ) ;
#3705 = CARTESIAN_POINT ( 'NONE',  ( 0.000000000000000000, 0.000000000000000000, 0.000000000000000000 ) ) ;
#3706 = MECHANICAL_DESIGN_GEOMETRIC_PRESENTATION_REPRESENTATION (  '', ( #3353 ), #2432 ) ;
#3707 = DIRECTION ( 'NONE',  ( 0.000000000000000000, 1.000000000000000000, 0.000000000000000000 ) ) ;
#3708 = CYLINDRICAL_SURFACE ( 'NONE', #1294, 4.472135954999579610 ) ;
#3709 = STYLED_ITEM ( 'NONE', ( #3716 ), #488 ) ;
#3710 = FILL_AREA_STYLE_COLOUR ( '', #3513 ) ;
#3711 = DIRECTION ( 'NONE',  ( 1.000000000000000000, 0.000000000000000000, 0.000000000000000000 ) ) ;
#3712 = VERTEX_POINT ( 'NONE', #155 ) ;
#3713 = ORIENTED_EDGE ( 'NONE', *, *, #1575, .T. ) ;
#3714 = SURFACE_SIDE_STYLE ('',( #2256 ) ) ;
#3715 =( NAMED_UNIT ( * ) SI_UNIT ( $, .STERADIAN. ) SOLID_ANGLE_UNIT ( ) );
#3716 = PRESENTATION_STYLE_ASSIGNMENT (( #2808 ) ) ;
#3717 = VERTEX_POINT ( 'NONE', #2174 ) ;
#3718 = CARTESIAN_POINT ( 'NONE',  ( 0.000000000000000000, 0.1000000000000000056, 0.000000000000000000 ) ) ;
#3719 =( LENGTH_UNIT ( ) NAMED_UNIT ( * ) SI_UNIT ( .MILLI., .METRE. ) );
#3720 = EDGE_CURVE ( 'NONE', #1607, #2185, #2037, .T. ) ;
#3721 = FILL_AREA_STYLE_COLOUR ( '', #225 ) ;
#3722 = DIRECTION ( 'NONE',  ( 0.000000000000000000, 0.000000000000000000, 1.000000000000000000 ) ) ;
#3723 = CARTESIAN_POINT ( 'NONE',  ( -9.285786437626899925, 5.000000000000000000, -4.642893218813451739 ) ) ;
#3724 = DIRECTION ( 'NONE',  ( 0.000000000000000000, 0.000000000000000000, 1.000000000000000000 ) ) ;
#3725 = FACE_OUTER_BOUND ( 'NONE', #1108, .T. ) ;
#3726 = ADVANCED_FACE ( 'NONE', ( #2559 ), #2851, .F. ) ;
#3727 = CARTESIAN_POINT ( 'NONE',  ( -1.600000000000000089, 4.500000000000000888, 0.000000000000000000 ) ) ;
#3728 = EDGE_LOOP ( 'NONE', ( #31, #968, #64, #2391 ) ) ;
#3729 =( GEOMETRIC_REPRESENTATION_CONTEXT ( 3 ) GLOBAL_UNCERTAINTY_ASSIGNED_CONTEXT ( ( #1006 ) ) GLOBAL_UNIT_ASSIGNED_CONTEXT ( ( #1117, #2028, #94 ) ) REPRESENTATION_CONTEXT ( 'NONE', 'WORKASPACE' ) );
#3730 = SURFACE_STYLE_FILL_AREA ( #3478 ) ;
#3731 = VERTEX_POINT ( 'NONE', #1704 ) ;
#3732 = CARTESIAN_POINT ( 'NONE',  ( 0.8000000000000000444, 4.500000000000000888, 1.185640646055099889 ) ) ;
#3733 = FILL_AREA_STYLE_COLOUR ( '', #3023 ) ;
#3734 = AXIS2_PLACEMENT_3D ( 'NONE', #3533, #2956, #22 ) ;
#3735 = DIRECTION ( 'NONE',  ( 1.000000000000000000, 0.000000000000000000, -0.000000000000000000 ) ) ;
#3736 = SURFACE_STYLE_FILL_AREA ( #3702 ) ;
#3737 = VERTEX_POINT ( 'NONE', #516 ) ;
#3738 = CARTESIAN_POINT ( 'NONE',  ( -1.375000000000000000, -0.05999999999999839490, 1.407804308182929898 ) ) ;
#3739 = PRODUCT_CONTEXT ( 'NONE', #367, 'mechanical' ) ;
#3740 = CARTESIAN_POINT ( 'NONE',  ( 0.8000000000000010436, 5.000000000000000000, -1.385640646055100067 ) ) ;
ENDSEC;
END-ISO-10303-21;
